,Unnamed: 0,Unnamed: 0.1,epi_week,date,country,state,city,newDeaths,deaths,newCases,totalCases,deathsMS,totalCasesMS,deaths_per_100k_inhabitants,totalCases_per_100k_inhabitants,deaths_by_totalCases,recovered,suspects,tests,tests_per_100k_inhabitants,vaccinated,vaccinated_per_100k_inhabitants,vaccinated_second,vaccinated_second_per_100k_inhabitants,day
0,0,1,9,2020-02-25,Brazil,TOTAL,TOTAL,0,0,1,1,0,0,0.0,0.00047,0.0,0.0,0.0,0.0,0.0,0.0,0.0,0.0,0.0,0
1,1,3,9,2020-02-26,Brazil,TOTAL,TOTAL,0,0,0,1,0,1,0.0,0.00047,0.0,0.0,0.0,0.0,0.0,0.0,0.0,0.0,0.0,1
2,2,5,9,2020-02-27,Brazil,TOTAL,TOTAL,0,0,0,1,0,1,0.0,0.00047,0.0,0.0,0.0,0.0,0.0,0.0,0.0,0.0,0.0,2
3,3,7,9,2020-02-28,Brazil,TOTAL,TOTAL,0,0,1,2,0,1,0.0,0.00094,0.0,0.0,0.0,0.0,0.0,0.0,0.0,0.0,0.0,3
4,4,9,9,2020-02-29,Brazil,TOTAL,TOTAL,0,0,0,2,0,2,0.0,0.00094,0.0,0.0,0.0,0.0,0.0,0.0,0.0,0.0,0.0,4
5,5,11,10,2020-03-01,Brazil,TOTAL,TOTAL,0,0,0,2,0,2,0.0,0.00094,0.0,0.0,0.0,0.0,0.0,0.0,0.0,0.0,0.0,5
6,6,13,10,2020-03-02,Brazil,TOTAL,TOTAL,0,0,0,2,0,2,0.0,0.00094,0.0,0.0,0.0,0.0,0.0,0.0,0.0,0.0,0.0,6
7,7,15,10,2020-03-03,Brazil,TOTAL,TOTAL,0,0,0,2,0,2,0.0,0.00094,0.0,0.0,0.0,0.0,0.0,0.0,0.0,0.0,0.0,7
8,8,17,10,2020-03-04,Brazil,TOTAL,TOTAL,0,0,1,3,0,3,0.0,0.00142,0.0,0.0,0.0,0.0,0.0,0.0,0.0,0.0,0.0,8
9,9,20,10,2020-03-05,Brazil,TOTAL,TOTAL,0,0,4,7,0,7,0.0,0.00331,0.0,0.0,0.0,0.0,0.0,0.0,0.0,0.0,0.0,9
10,10,25,10,2020-03-06,Brazil,TOTAL,TOTAL,0,0,7,14,0,13,0.0,0.00661,0.0,0.0,0.0,0.0,0.0,0.0,0.0,0.0,0.0,10
11,11,31,10,2020-03-07,Brazil,TOTAL,TOTAL,0,0,5,19,0,19,0.0,0.00897,0.0,0.0,0.0,0.0,0.0,0.0,0.0,0.0,0.0,11
12,12,39,11,2020-03-08,Brazil,TOTAL,TOTAL,0,0,6,25,0,25,0.0,0.01181,0.0,0.0,0.0,0.0,0.0,0.0,0.0,0.0,0.0,12
13,13,47,11,2020-03-09,Brazil,TOTAL,TOTAL,0,0,0,25,0,25,0.0,0.01181,0.0,0.0,0.0,0.0,0.0,0.0,0.0,0.0,0.0,13
14,14,56,11,2020-03-10,Brazil,TOTAL,TOTAL,0,0,9,34,0,34,0.0,0.01606,0.0,0.0,0.0,0.0,0.0,0.0,0.0,0.0,0.0,14
15,15,65,11,2020-03-11,Brazil,TOTAL,TOTAL,0,0,19,53,0,52,0.0,0.02503,0.0,0.0,0.0,0.0,0.0,0.0,0.0,0.0,0.0,15
16,16,79,11,2020-03-12,Brazil,TOTAL,TOTAL,0,0,36,89,0,77,0.0,0.04203,0.0,0.0,0.0,0.0,0.0,0.0,0.0,0.0,0.0,16
17,17,94,11,2020-03-13,Brazil,TOTAL,TOTAL,0,0,17,106,0,98,0.0,0.05006,0.0,0.0,0.0,0.0,0.0,0.0,0.0,0.0,0.0,17
18,18,111,11,2020-03-14,Brazil,TOTAL,TOTAL,0,0,36,142,0,121,0.0,0.06706,0.0,0.0,0.0,0.0,0.0,0.0,0.0,0.0,0.0,18
19,19,128,12,2020-03-15,Brazil,TOTAL,TOTAL,0,0,83,225,0,200,0.0,0.10625,0.0,0.0,0.0,0.0,0.0,0.0,0.0,0.0,0.0,19
20,20,146,12,2020-03-16,Brazil,TOTAL,TOTAL,0,0,54,279,0,234,0.0,0.13176,0.0,0.0,0.0,0.0,0.0,0.0,0.0,0.0,0.0,20
21,21,165,12,2020-03-17,Brazil,TOTAL,TOTAL,1,1,54,333,1,291,0.00047,0.15726,0.003,0.0,0.0,0.0,0.0,0.0,0.0,0.0,0.0,21
22,22,187,12,2020-03-18,Brazil,TOTAL,TOTAL,3,4,181,514,4,428,0.00189,0.24273,0.00778,0.0,0.0,0.0,0.0,0.0,0.0,0.0,0.0,22
23,23,210,12,2020-03-19,Brazil,TOTAL,TOTAL,3,7,129,643,6,621,0.00331,0.30365,0.01089,0.0,0.0,0.0,0.0,0.0,0.0,0.0,0.0,23
24,24,237,12,2020-03-20,Brazil,TOTAL,TOTAL,4,11,331,974,11,904,0.00519,0.45996,0.01129,0.0,0.0,0.0,0.0,0.0,0.0,0.0,0.0,24
25,25,265,12,2020-03-21,Brazil,TOTAL,TOTAL,7,18,224,1198,18,1128,0.0085,0.56575,0.01503,0.0,0.0,0.0,0.0,0.0,0.0,0.0,0.0,25
26,26,293,13,2020-03-22,Brazil,TOTAL,TOTAL,7,25,396,1594,25,1546,0.01181,0.75275,0.01568,0.0,0.0,0.0,0.0,0.0,0.0,0.0,0.0,26
27,27,321,13,2020-03-23,Brazil,TOTAL,TOTAL,9,34,358,1952,34,1891,0.01606,0.92182,0.01742,8.0,15867.0,0.0,0.0,0.0,0.0,0.0,0.0,27
28,28,349,13,2020-03-24,Brazil,TOTAL,TOTAL,13,47,303,2255,46,2201,0.0222,1.06491,0.02084,20.0,17700.0,0.0,0.0,0.0,0.0,0.0,0.0,28
29,29,377,13,2020-03-25,Brazil,TOTAL,TOTAL,12,59,311,2566,57,2433,0.02786,1.21177,0.02299,27.0,27227.0,0.0,0.0,0.0,0.0,0.0,0.0,29
30,30,405,13,2020-03-26,Brazil,TOTAL,TOTAL,18,77,424,2990,77,2915,0.03636,1.412,0.02575,42.0,48793.0,0.0,0.0,0.0,0.0,0.0,0.0,30
31,31,433,13,2020-03-27,Brazil,TOTAL,TOTAL,16,93,486,3476,92,3417,0.04392,1.64151,0.02675,42.0,50684.0,0.0,0.0,0.0,0.0,0.0,0.0,31
32,32,461,13,2020-03-28,Brazil,TOTAL,TOTAL,22,115,479,3955,114,3903,0.05431,1.86772,0.02908,56.0,52037.0,0.0,0.0,0.0,0.0,0.0,0.0,32
33,33,489,14,2020-03-29,Brazil,TOTAL,TOTAL,24,139,360,4315,136,4256,0.06564,2.03773,0.03221,56.0,57847.0,0.0,0.0,0.0,0.0,0.0,0.0,33
34,34,517,14,2020-03-30,Brazil,TOTAL,TOTAL,27,166,348,4663,159,4579,0.07839,2.20207,0.0356,66.0,56944.0,0.0,0.0,0.0,0.0,0.0,0.0,34
35,35,545,14,2020-03-31,Brazil,TOTAL,TOTAL,36,202,1161,5824,201,5717,0.09539,2.75034,0.03468,66.0,63722.0,0.0,0.0,0.0,0.0,0.0,0.0,35
36,36,573,14,2020-04-01,Brazil,TOTAL,TOTAL,42,244,1107,6931,240,6836,0.11523,3.27311,0.0352,78.0,63318.0,0.0,0.0,0.0,0.0,0.0,0.0,36
37,37,601,14,2020-04-02,Brazil,TOTAL,TOTAL,61,305,1169,8100,299,7910,0.14403,3.82516,0.03765,78.0,68761.0,0.0,0.0,0.0,0.0,0.0,0.0,37
38,38,629,14,2020-04-03,Brazil,TOTAL,TOTAL,60,365,1112,9212,359,9056,0.17237,4.3503,0.03962,78.0,71190.0,0.0,0.0,0.0,0.0,0.0,0.0,38
39,39,657,14,2020-04-04,Brazil,TOTAL,TOTAL,80,445,1169,10381,432,10278,0.21015,4.90235,0.04287,78.0,74380.0,0.0,0.0,0.0,0.0,0.0,0.0,39
40,40,685,15,2020-04-05,Brazil,TOTAL,TOTAL,52,497,1043,11424,486,11130,0.2347,5.3949,0.0435,104.0,71484.0,0.0,0.0,0.0,0.0,0.0,0.0,40
41,41,713,15,2020-04-06,Brazil,TOTAL,TOTAL,73,570,838,12262,553,12056,0.26918,5.79064,0.04649,355.0,72068.0,0.0,0.0,0.0,0.0,0.0,0.0,41
42,42,741,15,2020-04-07,Brazil,TOTAL,TOTAL,121,691,1821,14083,667,13717,0.32632,6.65059,0.04907,575.0,86338.0,0.0,0.0,0.0,0.0,0.0,0.0,42
43,43,769,15,2020-04-08,Brazil,TOTAL,TOTAL,135,826,2175,16258,800,15927,0.39007,7.67772,0.05081,796.0,88917.0,0.0,0.0,0.0,0.0,0.0,0.0,43
44,44,797,15,2020-04-09,Brazil,TOTAL,TOTAL,133,959,1937,18195,941,17857,0.45288,8.59245,0.05271,845.0,95157.0,0.0,0.0,0.0,0.0,0.0,0.0,44
45,45,825,15,2020-04-10,Brazil,TOTAL,TOTAL,114,1073,1742,19937,1056,19638,0.50672,9.4151,0.05382,999.0,110830.0,0.0,0.0,0.0,0.0,0.0,0.0,45
46,46,853,15,2020-04-11,Brazil,TOTAL,TOTAL,68,1141,1055,20992,1124,20727,0.53883,9.91331,0.05435,1016.0,110424.0,0.0,0.0,0.0,0.0,0.0,0.0,46
47,47,881,16,2020-04-12,Brazil,TOTAL,TOTAL,96,1237,1464,22456,1223,22169,0.58416,10.60467,0.05509,1080.0,113544.0,0.0,0.0,0.0,0.0,0.0,0.0,47
48,48,909,16,2020-04-13,Brazil,TOTAL,TOTAL,120,1357,1412,23868,1328,23430,0.64083,11.27148,0.05685,2977.0,116272.0,0.0,0.0,0.0,0.0,0.0,0.0,48
49,49,937,16,2020-04-14,Brazil,TOTAL,TOTAL,200,1557,1909,25777,1532,25262,0.73528,12.17299,0.0604,3152.0,119713.0,0.0,0.0,0.0,0.0,0.0,0.0,49
50,50,965,16,2020-04-15,Brazil,TOTAL,TOTAL,203,1760,3242,29019,1736,28320,0.83115,13.704,0.06065,4273.0,121860.0,0.0,0.0,0.0,0.0,0.0,0.0,50
51,51,993,16,2020-04-16,Brazil,TOTAL,TOTAL,202,1962,2082,31101,1924,30425,0.92654,14.68721,0.06308,4471.0,125406.0,0.0,0.0,0.0,0.0,0.0,0.0,51
52,52,1021,16,2020-04-17,Brazil,TOTAL,TOTAL,211,2173,3296,34397,2141,33682,1.02618,16.24372,0.06317,5032.0,135014.0,0.0,0.0,0.0,0.0,0.0,0.0,52
53,53,1049,16,2020-04-18,Brazil,TOTAL,TOTAL,202,2375,2778,37175,2347,36599,1.12158,17.55561,0.06389,5157.0,138587.0,0.0,0.0,0.0,0.0,0.0,0.0,53
54,54,1077,17,2020-04-19,Brazil,TOTAL,TOTAL,116,2491,2022,39197,2462,38654,1.17636,18.51048,0.06355,5618.0,143462.0,0.0,0.0,0.0,0.0,0.0,0.0,54
55,55,1105,17,2020-04-20,Brazil,TOTAL,TOTAL,107,2598,1740,40937,2575,40581,1.22689,19.33218,0.06346,6722.0,145827.0,0.0,0.0,0.0,0.0,0.0,0.0,55
56,56,1133,17,2020-04-21,Brazil,TOTAL,TOTAL,174,2772,2742,43679,2741,43079,1.30906,20.62707,0.06346,7407.0,155648.0,0.0,0.0,0.0,0.0,0.0,0.0,56
57,57,1161,17,2020-04-22,Brazil,TOTAL,TOTAL,169,2941,2744,46423,2906,45757,1.38886,21.92291,0.06335,8594.0,155949.0,0.0,0.0,0.0,0.0,0.0,0.0,57
58,58,1189,17,2020-04-23,Brazil,TOTAL,TOTAL,408,3349,3875,50298,3313,49492,1.58154,23.75284,0.06658,9160.0,157733.0,0.0,0.0,0.0,0.0,0.0,0.0,58
59,59,1217,17,2020-04-24,Brazil,TOTAL,TOTAL,373,3722,3911,54209,3670,52995,1.75769,25.59978,0.06866,10456.0,158205.0,0.0,0.0,0.0,0.0,0.0,0.0,59
60,60,1245,17,2020-04-25,Brazil,TOTAL,TOTAL,352,4074,5298,59507,4016,58509,1.92392,28.10172,0.06846,11760.0,171445.0,0.0,0.0,0.0,0.0,0.0,0.0,60
61,61,1273,18,2020-04-26,Brazil,TOTAL,TOTAL,227,4301,3715,63222,4205,61888,2.03111,29.8561,0.06803,12514.0,175562.0,179698.0,84.861,0.0,0.0,0.0,0.0,61
62,62,1301,18,2020-04-27,Brazil,TOTAL,TOTAL,305,4606,4145,67367,4543,66501,2.17515,31.81355,0.06837,13850.0,181843.0,187145.0,88.37779,0.0,0.0,0.0,0.0,62
63,63,1329,18,2020-04-28,Brazil,TOTAL,TOTAL,488,5094,6233,73600,5017,71886,2.4056,34.75704,0.06921,15309.0,186149.0,189730.0,89.59854,0.0,0.0,0.0,0.0,63
64,64,1357,18,2020-04-29,Brazil,TOTAL,TOTAL,443,5537,6199,79799,5466,78162,2.61481,37.68447,0.06939,16206.0,191145.0,194407.0,91.80721,0.0,0.0,0.0,0.0,64
65,65,1385,18,2020-04-30,Brazil,TOTAL,TOTAL,443,5980,7327,87126,5901,85380,2.82401,41.14458,0.06864,18241.0,213376.0,237903.0,112.34787,0.0,0.0,0.0,0.0,65
66,66,1413,18,2020-05-01,Brazil,TOTAL,TOTAL,459,6439,5539,92665,6329,91589,3.04077,43.76033,0.06949,19557.0,222113.0,237903.0,112.34787,0.0,0.0,0.0,0.0,66
67,67,1441,18,2020-05-02,Brazil,TOTAL,TOTAL,371,6810,4915,97580,6750,96559,3.21597,46.08141,0.06979,20680.0,223314.0,237903.0,112.34787,0.0,0.0,0.0,0.0,67
68,68,1469,19,2020-05-03,Brazil,TOTAL,TOTAL,267,7077,4443,102023,7025,101147,3.34206,48.17958,0.06937,21619.0,229194.0,249063.0,117.61809,0.0,0.0,0.0,0.0,68
69,69,1497,19,2020-05-04,Brazil,TOTAL,TOTAL,304,7381,6982,109005,7321,107780,3.48562,51.47677,0.06771,22599.0,227358.0,249331.0,117.74465,0.0,0.0,0.0,0.0,69
70,70,1525,19,2020-05-05,Brazil,TOTAL,TOTAL,591,7972,7408,116413,7921,114715,3.76472,54.97515,0.06848,24721.0,228424.0,249331.0,117.74465,0.0,0.0,0.0,0.0,70
71,71,1553,19,2020-05-06,Brazil,TOTAL,TOTAL,625,8597,10544,126957,8536,125218,4.05987,59.95447,0.06772,29175.0,243997.0,298044.0,140.74899,0.0,0.0,0.0,0.0,71
72,72,1581,19,2020-05-07,Brazil,TOTAL,TOTAL,676,9273,9732,136689,9146,135106,4.3791,64.55033,0.06784,34745.0,255669.0,299605.0,141.48616,0.0,0.0,0.0,0.0,72
73,73,1609,19,2020-05-08,Brazil,TOTAL,TOTAL,754,10027,10407,147096,9897,145328,4.73517,69.46496,0.06817,36382.0,262746.0,299605.0,141.48616,0.0,0.0,0.0,0.0,73
74,74,1637,19,2020-05-09,Brazil,TOTAL,TOTAL,670,10697,10155,157251,10627,155939,5.05158,74.26058,0.06803,39664.0,271141.0,299605.0,141.48616,0.0,0.0,0.0,0.0,74
75,75,1665,20,2020-05-10,Brazil,TOTAL,TOTAL,478,11175,6259,163510,11123,162699,5.27731,77.21634,0.06834,48361.0,275292.0,359273.0,169.66392,0.0,0.0,0.0,0.0,75
76,76,1693,20,2020-05-11,Brazil,TOTAL,TOTAL,485,11660,6223,169733,11519,168331,5.50635,80.15511,0.0687,51415.0,279331.0,359273.0,169.66392,0.0,0.0,0.0,0.0,76
77,77,1721,20,2020-05-12,Brazil,TOTAL,TOTAL,843,12503,9613,179346,12400,177589,5.90445,84.69477,0.06971,56348.0,284334.0,359273.0,169.66392,0.0,0.0,0.0,0.0,77
78,78,1749,20,2020-05-13,Brazil,TOTAL,TOTAL,778,13281,11694,191040,13149,188974,6.27185,90.21717,0.06952,62543.0,285932.0,359273.0,169.66392,0.0,0.0,0.0,0.0,78
79,79,1777,20,2020-05-14,Brazil,TOTAL,TOTAL,789,14070,14133,205173,13993,202918,6.64445,96.89137,0.06858,69313.0,304977.0,430405.0,203.25546,0.0,0.0,0.0,0.0,79
80,80,1805,20,2020-05-15,Brazil,TOTAL,TOTAL,913,14983,15460,220633,14817,218223,7.07561,104.19224,0.06791,73615.0,313257.0,466209.0,220.16362,0.0,0.0,0.0,0.0,80
81,81,1833,20,2020-05-16,Brazil,TOTAL,TOTAL,719,15702,14048,234681,15633,233142,7.41515,110.8263,0.06691,79883.0,318637.0,466209.0,220.16362,0.0,0.0,0.0,0.0,81
82,82,1861,21,2020-05-17,Brazil,TOTAL,TOTAL,500,16202,7663,242344,16118,241080,7.65127,114.44509,0.06686,83525.0,318885.0,466209.0,220.16362,0.0,0.0,0.0,0.0,82
83,83,1889,21,2020-05-18,Brazil,TOTAL,TOTAL,723,16925,14559,256903,16792,254220,7.9927,121.32047,0.06588,94294.0,365724.0,583549.0,275.57654,0.0,0.0,0.0,0.0,83
84,84,1917,21,2020-05-19,Brazil,TOTAL,TOTAL,1149,18074,17489,274392,17971,271628,8.53531,129.57952,0.06587,102197.0,351458.0,583549.0,275.57654,0.0,0.0,0.0,0.0,84
85,85,1945,21,2020-05-20,Brazil,TOTAL,TOTAL,985,19059,20232,294624,18859,291579,9.00047,139.13392,0.06469,112074.0,362062.0,583549.0,275.57654,0.0,0.0,0.0,0.0,85
86,86,1973,21,2020-05-21,Brazil,TOTAL,TOTAL,1069,20128,18137,312761,20047,310087,9.50529,147.69898,0.06436,122013.0,363921.0,583549.0,275.57654,0.0,0.0,0.0,0.0,86
87,87,2001,21,2020-05-22,Brazil,TOTAL,TOTAL,1031,21159,21807,334568,21048,330890,9.99218,157.99717,0.06324,131078.0,384682.0,705048.0,332.95351,0.0,0.0,0.0,0.0,87
88,88,2029,21,2020-05-23,Brazil,TOTAL,TOTAL,1046,22205,16997,351565,22013,347398,10.48614,166.02387,0.06316,151300.0,391357.0,705289.0,333.06732,0.0,0.0,0.0,0.0,88
89,89,2057,22,2020-05-24,Brazil,TOTAL,TOTAL,658,22863,14468,366033,22666,363211,10.79688,172.85627,0.06246,163583.0,401334.0,705289.0,333.06732,0.0,0.0,0.0,0.0,89
90,90,2085,22,2020-05-25,Brazil,TOTAL,TOTAL,727,23590,12807,378840,23473,374898,11.1402,178.90428,0.06227,171023.0,401927.0,846669.0,399.83294,0.0,0.0,0.0,0.0,90
91,91,2113,22,2020-05-26,Brazil,TOTAL,TOTAL,1054,24644,16327,395167,24512,391222,11.63794,186.61458,0.06236,181069.0,402878.0,883885.0,417.40791,0.0,0.0,0.0,0.0,91
92,92,2141,22,2020-05-27,Brazil,TOTAL,TOTAL,1061,25705,20199,415366,25598,411821,12.13899,196.1534,0.06189,190847.0,427090.0,883885.0,417.40791,0.0,0.0,0.0,0.0,92
93,93,2169,22,2020-05-28,Brazil,TOTAL,TOTAL,1190,26895,28337,443703,26754,438238,12.70096,209.53534,0.06061,202757.0,431844.0,935748.0,441.89981,0.0,0.0,0.0,0.0,93
94,94,2197,22,2020-05-29,Brazil,TOTAL,TOTAL,1137,28032,26890,470593,27878,465166,13.2379,222.23393,0.05957,216641.0,442448.0,1084104.0,511.95979,0.0,0.0,0.0,0.0,94
95,95,2225,22,2020-05-30,Brazil,TOTAL,TOTAL,864,28896,32321,502914,28834,498440,13.64591,237.49728,0.05746,259340.0,458660.0,1104772.0,521.7201,0.0,0.0,0.0,0.0,95
96,96,2253,23,2020-05-31,Brazil,TOTAL,TOTAL,471,29367,13223,516137,29314,514849,13.86834,243.74174,0.0569,270248.0,462144.0,1104772.0,521.7201,0.0,0.0,0.0,0.0,96
97,97,2281,23,2020-06-01,Brazil,TOTAL,TOTAL,741,30108,15149,531286,29937,526447,14.21827,250.89574,0.05667,281394.0,463582.0,1104772.0,521.7201,0.0,0.0,0.0,0.0,97
98,98,2309,23,2020-06-02,Brazil,TOTAL,TOTAL,1365,31473,31677,562963,31199,555383,14.86288,265.85496,0.05591,295743.0,471060.0,1247455.0,589.10105,0.0,0.0,0.0,0.0,98
99,99,2337,23,2020-06-03,Brazil,TOTAL,TOTAL,1194,32667,26085,589048,32548,584016,15.42674,278.1734,0.05546,306346.0,491947.0,1247455.0,589.10105,0.0,0.0,0.0,0.0,99
100,100,2365,23,2020-06-04,Brazil,TOTAL,TOTAL,1510,34177,31954,621002,34021,614941,16.13983,293.26343,0.05504,322965.0,499352.0,1247455.0,589.10105,0.0,0.0,0.0,0.0,100
101,101,2393,23,2020-06-05,Brazil,TOTAL,TOTAL,1076,35253,32101,653103,35026,645771,16.64796,308.42288,0.05398,343001.0,552662.0,1375741.0,649.68313,0.0,0.0,0.0,0.0,101
102,102,2421,23,2020-06-06,Brazil,TOTAL,TOTAL,801,36054,23790,676893,35930,672846,17.02622,319.65752,0.05326,356563.0,571355.0,1470260.0,694.319,0.0,0.0,0.0,0.0,102
103,103,2449,24,2020-06-07,Brazil,TOTAL,TOTAL,476,36530,17988,694881,36455,691758,17.25101,328.15222,0.05257,368135.0,574654.0,1470260.0,694.319,0.0,0.0,0.0,0.0,103
104,104,2477,24,2020-06-08,Brazil,TOTAL,TOTAL,863,37393,17338,712219,37134,707412,17.65856,336.33996,0.0525,379886.0,577781.0,1470260.0,694.319,0.0,0.0,0.0,0.0,104
105,105,2505,24,2020-06-09,Brazil,TOTAL,TOTAL,1193,38586,31698,743917,38406,739503,18.22194,351.30909,0.05187,398366.0,588300.0,1605960.0,758.40228,0.0,0.0,0.0,0.0,105
106,106,2533,24,2020-06-10,Brazil,TOTAL,TOTAL,1238,39824,33790,777707,39680,772416,18.80658,367.26616,0.05121,415545.0,609821.0,1605960.0,758.40228,0.0,0.0,0.0,0.0,106
107,107,2561,24,2020-06-11,Brazil,TOTAL,TOTAL,1268,41092,28692,806399,40919,802828,19.40538,380.81574,0.05096,433145.0,641947.0,1605960.0,758.40228,0.0,0.0,0.0,0.0,107
108,108,2589,24,2020-06-12,Brazil,TOTAL,TOTAL,843,41935,24282,830681,41828,828810,19.80348,392.28273,0.05048,447197.0,642237.0,1605960.0,758.40228,0.0,0.0,0.0,0.0,108
109,109,2617,24,2020-06-13,Brazil,TOTAL,TOTAL,857,42792,21230,851911,42720,850514,20.20819,402.30843,0.05023,461510.0,654713.0,1826663.0,862.62758,0.0,0.0,0.0,0.0,109
110,110,2645,25,2020-06-14,Brazil,TOTAL,TOTAL,634,43426,16794,868705,43332,867624,20.5076,410.23927,0.04999,471215.0,635617.0,1828459.0,863.47573,0.0,0.0,0.0,0.0,110
111,111,2673,25,2020-06-15,Brazil,TOTAL,TOTAL,764,44190,24617,893322,43959,888271,20.86839,421.86446,0.04947,479783.0,632654.0,1828459.0,863.47573,0.0,0.0,0.0,0.0,111
112,112,2701,25,2020-06-16,Brazil,TOTAL,TOTAL,1332,45522,36983,930305,45241,923189,21.49742,439.32939,0.04893,492079.0,647347.0,1828459.0,863.47573,0.0,0.0,0.0,0.0,112
113,113,2729,25,2020-06-17,Brazil,TOTAL,TOTAL,1185,46707,30925,961230,46510,955377,22.05702,453.93349,0.04859,523450.0,667661.0,2117602.0,1000.02129,0.0,0.0,0.0,0.0,113
114,114,2757,25,2020-06-18,Brazil,TOTAL,TOTAL,1239,47946,25520,986750,47748,978142,22.64213,465.98511,0.04859,537266.0,674042.0,2550648.0,1204.52394,0.0,0.0,0.0,0.0,114
115,115,2785,25,2020-06-19,Brazil,TOTAL,TOTAL,1172,49118,56059,1042809,48954,1032913,23.1956,492.45855,0.0471,558812.0,690406.0,2550648.0,1204.52394,0.0,0.0,0.0,0.0,115
116,116,2813,25,2020-06-20,Brazil,TOTAL,TOTAL,982,50100,28857,1071666,49976,1067579,23.65934,506.08604,0.04675,591760.0,703893.0,2550648.0,1204.52394,0.0,0.0,0.0,0.0,116
117,117,2841,26,2020-06-21,Brazil,TOTAL,TOTAL,609,50709,16567,1088233,50617,1085038,23.94694,513.90968,0.0466,603482.0,705788.0,2782076.0,1313.81403,0.0,0.0,0.0,0.0,117
118,118,2869,26,2020-06-22,Brazil,TOTAL,TOTAL,736,51445,26495,1114728,51271,1106470,24.29451,526.42174,0.04615,617491.0,703204.0,2782076.0,1313.81403,0.0,0.0,0.0,0.0,118
119,119,2897,26,2020-06-23,Brazil,TOTAL,TOTAL,1406,52851,39527,1154255,52645,1145906,24.95848,545.08806,0.04579,631012.0,705799.0,2782076.0,1313.81403,0.0,0.0,0.0,0.0,119
120,120,2925,26,2020-06-24,Brazil,TOTAL,TOTAL,1104,53955,41033,1195288,53830,1188631,25.47983,564.46558,0.04514,663155.0,712681.0,2793176.0,1319.05592,0.0,0.0,0.0,0.0,120
121,121,2953,26,2020-06-25,Brazil,TOTAL,TOTAL,1180,55135,41464,1236752,54971,1228114,26.03708,584.04664,0.04458,684348.0,695858.0,2793176.0,1319.05592,0.0,0.0,0.0,0.0,121
122,122,2981,26,2020-06-26,Brazil,TOTAL,TOTAL,993,56128,44884,1281636,55961,1274974,26.50602,605.24276,0.04379,706569.0,710170.0,3157120.0,1490.92568,0.0,0.0,0.0,0.0,122
123,123,3009,26,2020-06-27,Brazil,TOTAL,TOTAL,1031,57159,36920,1318556,57070,1313667,26.9929,622.67795,0.04335,731780.0,708323.0,3157120.0,1490.92568,0.0,0.0,0.0,0.0,123
124,124,3037,27,2020-06-28,Brazil,TOTAL,TOTAL,594,57753,32883,1351439,57622,1344143,27.27341,638.20669,0.04273,750188.0,709836.0,3157120.0,1490.92568,0.0,0.0,0.0,0.0,124
125,125,3065,27,2020-06-29,Brazil,TOTAL,TOTAL,722,58475,21550,1372989,58314,1368195,27.61437,648.38352,0.04259,761981.0,727018.0,3203771.0,1512.95626,0.0,0.0,0.0,0.0,125
126,126,3093,27,2020-06-30,Brazil,TOTAL,TOTAL,1317,59792,39680,1412669,59594,1402041,28.23631,667.12209,0.04233,792488.0,739535.0,3203771.0,1512.95626,0.0,0.0,0.0,0.0,126
127,127,3121,27,2020-07-01,Brazil,TOTAL,TOTAL,1086,60878,46825,1459494,60632,1448753,28.74917,689.23484,0.04171,930362.0,747616.0,3504141.0,1654.80369,0.0,0.0,0.0,0.0,127
128,128,3149,27,2020-07-02,Brazil,TOTAL,TOTAL,1259,62137,44401,1503895,61884,1496858,29.34372,710.20287,0.04132,966910.0,751144.0,3504141.0,1654.80369,0.0,0.0,0.0,0.0,128
129,129,3177,27,2020-07-03,Brazil,TOTAL,TOTAL,1213,63350,43040,1546935,63174,1539081,29.91655,730.52818,0.04095,990688.0,773235.0,3504141.0,1654.80369,0.0,0.0,0.0,0.0,129
130,130,3205,27,2020-07-04,Brazil,TOTAL,TOTAL,1060,64410,33567,1580502,64265,1577004,30.41713,746.37994,0.04075,1020024.0,782500.0,3504141.0,1654.80369,0.0,0.0,0.0,0.0,130
131,131,3233,28,2020-07-05,Brazil,TOTAL,TOTAL,558,64968,25193,1605695,64867,1603055,30.68064,758.27714,0.04046,1044332.0,780207.0,3889883.0,1836.96739,0.0,0.0,0.0,0.0,131
132,132,3261,28,2020-07-06,Brazil,TOTAL,TOTAL,685,65653,24454,1630149,65487,1623284,31.00413,769.82535,0.04027,1068615.0,787252.0,3889883.0,1836.96739,0.0,0.0,0.0,0.0,132
133,133,3289,28,2020-07-07,Brazil,TOTAL,TOTAL,1300,66953,46699,1676848,66741,1668589,31.61804,791.8786,0.03993,1113085.0,797262.0,3889883.0,1836.96739,0.0,0.0,0.0,0.0,133
134,134,3317,28,2020-07-08,Brazil,TOTAL,TOTAL,1173,68126,45250,1722098,67964,1713160,32.17198,813.24756,0.03956,1146728.0,817764.0,4287499.0,2024.73849,0.0,0.0,0.0,0.0,134
135,135,3345,28,2020-07-09,Brazil,TOTAL,TOTAL,1222,69348,42962,1765060,69184,1755779,32.74906,833.53604,0.03929,1175420.0,827775.0,4287499.0,2024.73849,0.0,0.0,0.0,0.0,135
136,136,3373,28,2020-07-10,Brazil,TOTAL,TOTAL,1298,70646,44311,1809371,70398,1800827,33.36203,854.46157,0.03904,1217361.0,887741.0,4287499.0,2024.73849,0.0,0.0,0.0,0.0,136
137,137,3401,28,2020-07-11,Brazil,TOTAL,TOTAL,932,71578,34947,1844318,71469,1839850,33.80216,870.96502,0.03881,1244088.0,892187.0,4869986.0,2299.8135,0.0,0.0,0.0,0.0,137
138,138,3429,29,2020-07-12,Brazil,TOTAL,TOTAL,617,72195,23658,1867976,72100,1864681,34.09353,882.13733,0.03865,1264843.0,888046.0,4870980.0,2300.28291,0.0,0.0,0.0,0.0,138
139,139,3457,29,2020-07-13,Brazil,TOTAL,TOTAL,835,73030,22893,1890869,72833,1884967,34.48786,892.94837,0.03862,1291251.0,886727.0,4870980.0,2300.28291,0.0,0.0,0.0,0.0,139
140,140,3485,29,2020-07-14,Brazil,TOTAL,TOTAL,1294,74324,42922,1933791,74133,1926824,35.09894,913.21795,0.03843,1328535.0,916266.0,4870980.0,2300.28291,0.0,0.0,0.0,0.0,140
141,141,3513,29,2020-07-15,Brazil,TOTAL,TOTAL,1280,75604,40142,1973933,75366,1966748,35.70341,932.17471,0.0383,1367648.0,932931.0,5074948.0,2396.60524,0.0,0.0,0.0,0.0,141
142,142,3541,29,2020-07-16,Brazil,TOTAL,TOTAL,1299,76903,43683,2017616,76688,2012151,36.31685,952.80367,0.03812,1398471.0,937349.0,5233799.0,2471.6214,0.0,0.0,0.0,0.0,142
143,143,3569,29,2020-07-17,Brazil,TOTAL,TOTAL,1123,78026,34618,2052234,77851,2046328,36.84718,969.15175,0.03802,1428733.0,919587.0,5233799.0,2471.6214,0.0,0.0,0.0,0.0,143
144,144,3597,29,2020-07-18,Brazil,TOTAL,TOTAL,844,78870,25753,2077987,78772,2074860,37.24575,981.31341,0.03796,1459072.0,921836.0,5233799.0,2471.6214,0.0,0.0,0.0,0.0,144
145,145,3625,30,2020-07-19,Brazil,TOTAL,TOTAL,708,79578,23412,2101399,79488,2098389,37.5801,992.36955,0.03787,1489635.0,921194.0,5233799.0,2471.6214,0.0,0.0,0.0,0.0,145
146,146,3653,30,2020-07-20,Brazil,TOTAL,TOTAL,768,80346,22753,2124152,80120,2118646,37.94278,1003.11448,0.03782,1521443.0,928969.0,5535729.0,2614.20553,0.0,0.0,0.0,0.0,146
147,147,3681,30,2020-07-21,Brazil,TOTAL,TOTAL,1317,81663,46927,2171079,81487,2159654,38.56472,1025.27539,0.03761,1576168.0,937261.0,5535729.0,2614.20553,0.0,0.0,0.0,0.0,147
148,148,3709,30,2020-07-22,Brazil,TOTAL,TOTAL,1296,82959,66150,2237229,82771,2227514,39.17675,1056.51422,0.03708,1620313.0,941990.0,5535729.0,2614.20553,0.0,0.0,0.0,0.0,148
149,149,3737,30,2020-07-23,Brazil,TOTAL,TOTAL,1313,84272,57326,2294555,84082,2287475,39.79681,1083.58598,0.03673,1693214.0,977662.0,5535729.0,2614.20553,0.0,0.0,0.0,0.0,149
150,150,3765,30,2020-07-24,Brazil,TOTAL,TOTAL,1165,85437,56903,2351458,85238,2343366,40.34697,1110.45799,0.03633,1751922.0,1000699.0,6047128.0,2855.70978,0.0,0.0,0.0,0.0,150
151,151,3793,30,2020-07-25,Brazil,TOTAL,TOTAL,1099,86536,47535,2398993,86449,2394513,40.86596,1132.90603,0.03607,1787593.0,1003919.0,6047128.0,2855.70978,0.0,0.0,0.0,0.0,151
152,152,3821,31,2020-07-26,Brazil,TOTAL,TOTAL,581,87117,22673,2421666,87004,2419091,41.14033,1143.61318,0.03597,1812913.0,1008016.0,6047128.0,2855.70978,0.0,0.0,0.0,0.0,152
153,153,3849,31,2020-07-27,Brazil,TOTAL,TOTAL,685,87802,28011,2449677,87618,2442375,41.46382,1156.84116,0.03584,1848326.0,1011487.0,6047128.0,2855.70978,0.0,0.0,0.0,0.0,153
154,154,3877,31,2020-07-28,Brazil,TOTAL,TOTAL,1258,89060,54004,2503681,88539,2483191,42.0579,1182.34413,0.03557,1885035.0,1053208.0,6359398.0,3003.17689,0.0,0.0,0.0,0.0,154
155,155,3905,31,2020-07-29,Brazil,TOTAL,TOTAL,1199,90259,55451,2559132,90134,2552265,42.62412,1208.53044,0.03527,1930579.0,1066739.0,6359398.0,3003.17689,0.0,0.0,0.0,0.0,155
156,156,3933,31,2020-07-30,Brazil,TOTAL,TOTAL,1202,91461,58055,2617187,91263,2610102,43.19176,1235.94647,0.03495,1964858.0,1073615.0,6988772.0,3300.39393,0.0,0.0,0.0,0.0,156
157,157,3961,31,2020-07-31,Brazil,TOTAL,TOTAL,1267,92728,53264,2670451,92475,2662485,43.79009,1261.09998,0.03472,2008854.0,1079525.0,6988772.0,3300.39393,0.0,0.0,0.0,0.0,157
158,158,3989,31,2020-08-01,Brazil,TOTAL,TOTAL,941,93669,41541,2711992,93563,2707877,44.23447,1280.7174,0.03454,2046101.0,1077192.0,6988772.0,3300.39393,0.0,0.0,0.0,0.0,158
159,159,4017,32,2020-08-02,Brazil,TOTAL,TOTAL,524,94193,24066,2736058,94104,2733677,44.48192,1292.08239,0.03443,2070779.0,1055952.0,8179160.0,3862.54552,0.0,0.0,0.0,0.0,159
160,160,4045,32,2020-08-03,Brazil,TOTAL,TOTAL,602,94795,20106,2756164,94665,2750318,44.76621,1301.57729,0.03439,2098976.0,1057182.0,8179160.0,3862.54552,0.0,0.0,0.0,0.0,160
161,161,4073,32,2020-08-04,Brazil,TOTAL,TOTAL,1358,96153,56283,2812447,95819,2801921,45.40752,1328.15651,0.03419,2157553.0,1065394.0,8185369.0,3865.47768,0.0,0.0,0.0,0.0,161
162,162,4101,32,2020-08-05,Brazil,TOTAL,TOTAL,1366,97519,56169,2868616,97256,2859073,46.0526,1354.68189,0.034,2193786.0,1027452.0,8185369.0,3865.47768,0.0,0.0,0.0,0.0,162
163,163,4129,32,2020-08-06,Brazil,TOTAL,TOTAL,1226,98745,53989,2922605,98493,2912212,46.63157,1380.17778,0.03379,2250192.0,1038623.0,8477624.0,4003.49286,0.0,0.0,0.0,0.0,163
164,164,4157,32,2020-08-07,Brazil,TOTAL,TOTAL,1085,99830,49403,2972008,99572,2962442,47.14395,1403.50796,0.03359,2281074.0,1052114.0,8477624.0,4003.49286,0.0,0.0,0.0,0.0,164
165,165,4185,32,2020-08-08,Brazil,TOTAL,TOTAL,827,100657,46389,3018397,100477,3012412,47.5345,1425.41481,0.03335,2321560.0,1057423.0,8477624.0,4003.49286,0.0,0.0,0.0,0.0,165
166,166,4213,33,2020-08-09,Brazil,TOTAL,TOTAL,569,101226,22730,3041127,101049,3035422,47.8032,1436.14888,0.03329,2356983.0,1070268.0,8638045.0,4079.25044,0.0,0.0,0.0,0.0,166
167,167,4241,33,2020-08-10,Brazil,TOTAL,TOTAL,789,102015,26506,3067633,101752,3057470,48.1758,1448.66614,0.03326,2396860.0,1070388.0,9130523.0,4311.8194,0.0,0.0,0.0,0.0,167
168,168,4269,33,2020-08-11,Brazil,TOTAL,TOTAL,1194,103209,50520,3118153,103026,3109630,48.73966,1472.52382,0.0331,2450664.0,1074176.0,9130523.0,4311.8194,0.0,0.0,0.0,0.0,168
169,169,4297,33,2020-08-12,Brazil,TOTAL,TOTAL,1184,104393,54954,3173107,104201,3164785,49.29879,1498.47542,0.0329,2506448.0,1597938.0,9497419.0,4485.08322,0.0,0.0,0.0,0.0,169
170,170,4325,33,2020-08-13,Brazil,TOTAL,TOTAL,1242,105635,60713,3233820,105463,3224876,49.88532,1527.14667,0.03267,2529245.0,1603169.0,9497419.0,4485.08322,0.0,0.0,0.0,0.0,170
171,171,4353,33,2020-08-14,Brazil,TOTAL,TOTAL,1007,106642,49407,3283227,106523,3275520,50.36087,1550.47875,0.03248,2587612.0,1599922.0,10255722.0,4843.18599,0.0,0.0,0.0,0.0,171
172,172,4381,33,2020-08-15,Brazil,TOTAL,TOTAL,723,107365,36881,3320108,107232,3317096,50.7023,1567.89552,0.03234,2622878.0,1602840.0,10255722.0,4843.18599,0.0,0.0,0.0,0.0,172
173,173,4409,34,2020-08-16,Brazil,TOTAL,TOTAL,587,107952,23006,3343114,107852,3340197,50.9795,1578.75992,0.03229,2661233.0,1618414.0,10570174.0,4991.68353,0.0,0.0,0.0,0.0,173
174,174,4437,34,2020-08-17,Brazil,TOTAL,TOTAL,796,108748,24397,3367511,108536,3359570,51.35541,1590.28122,0.03229,2699080.0,1621927.0,10570174.0,4991.68353,0.0,0.0,0.0,0.0,174
175,175,4465,34,2020-08-18,Brazil,TOTAL,TOTAL,1352,110100,49264,3416775,109888,3407354,51.99388,1613.54576,0.03222,2751518.0,1625197.0,10570174.0,4991.68353,0.0,0.0,0.0,0.0,175
176,176,4493,34,2020-08-19,Brazil,TOTAL,TOTAL,1163,111263,48603,3465378,111100,3456652,52.5431,1636.49816,0.03211,2801931.0,1631219.0,10570174.0,4991.68353,0.0,0.0,0.0,0.0,176
177,177,4521,34,2020-08-20,Brazil,TOTAL,TOTAL,1237,112500,42974,3508352,112304,3501975,53.12726,1656.7923,0.03207,2844318.0,1815614.0,10980583.0,5185.49603,0.0,0.0,0.0,0.0,177
178,178,4549,34,2020-08-21,Brazil,TOTAL,TOTAL,1051,113551,32326,3540678,113358,3532330,53.62359,1672.05801,0.03207,2879361.0,1821296.0,11005604.0,5197.312,0.0,0.0,0.0,0.0,178
179,179,4577,34,2020-08-22,Brazil,TOTAL,TOTAL,828,114379,45908,3586586,114250,3582362,54.0146,1693.73771,0.03189,2919647.0,1820287.0,11005604.0,5197.312,0.0,0.0,0.0,0.0,179
180,180,4605,35,2020-08-23,Brazil,TOTAL,TOTAL,455,114834,21873,3608459,114744,3605783,54.22947,1704.06706,0.03182,2948815.0,1860031.0,11005604.0,5197.312,0.0,0.0,0.0,0.0,180
181,181,4633,35,2020-08-24,Brazil,TOTAL,TOTAL,723,115557,23513,3631972,115309,3622861,54.57091,1715.1709,0.03182,2987729.0,1865172.0,11193479.0,5286.03453,0.0,0.0,0.0,0.0,181
182,182,4661,35,2020-08-25,Brazil,TOTAL,TOTAL,1203,116760,46307,3678279,116580,3669995,55.13901,1737.03902,0.03174,3032551.0,1868953.0,11193479.0,5286.03453,0.0,0.0,0.0,0.0,182
183,183,4689,35,2020-08-26,Brazil,TOTAL,TOTAL,1079,117839,48152,3726431,117665,3717156,55.64856,1759.77843,0.03162,3082447.0,1876011.0,11193479.0,5286.03453,0.0,0.0,0.0,0.0,183
184,184,4717,35,2020-08-27,Brazil,TOTAL,TOTAL,985,118824,42260,3768691,118649,3761391,56.11372,1779.73539,0.03153,3124465.0,1837705.0,11210798.0,5294.2133,0.0,0.0,0.0,0.0,184
185,185,4745,35,2020-08-28,Brazil,TOTAL,TOTAL,849,119673,44088,3812779,119504,3804803,56.51466,1800.55561,0.03139,3158783.0,1844484.0,11210798.0,5294.2133,0.0,0.0,0.0,0.0,185
186,186,4773,35,2020-08-29,Brazil,TOTAL,TOTAL,897,120570,37291,3850070,120462,3846153,56.93826,1818.166,0.03132,3202185.0,1918414.0,11682165.0,5516.81274,0.0,0.0,0.0,0.0,186
187,187,4801,36,2020-08-30,Brazil,TOTAL,TOTAL,401,120971,14534,3864604,120828,3862311,57.12763,1825.02957,0.0313,3237615.0,1921404.0,11682165.0,5516.81274,0.0,0.0,0.0,0.0,187
188,188,4829,36,2020-08-31,Brazil,TOTAL,TOTAL,647,121618,50225,3914829,121381,3908272,57.43317,1848.74794,0.03107,3304354.0,1922047.0,11682165.0,5516.81274,0.0,0.0,0.0,0.0,188
189,189,4857,36,2020-09-01,Brazil,TOTAL,TOTAL,1150,122768,44329,3959158,122596,3950931,57.97625,1869.68197,0.03101,3353637.0,1932996.0,11907217.0,5623.09182,0.0,0.0,0.0,0.0,189
190,190,4885,36,2020-09-02,Brazil,TOTAL,TOTAL,1204,123972,46453,4005611,123780,3997865,58.54483,1891.61905,0.03095,3393078.0,1957442.0,11933975.0,5635.72808,0.0,0.0,0.0,0.0,190
191,191,4913,36,2020-09-03,Brazil,TOTAL,TOTAL,867,124839,46809,4052420,124614,4041638,58.95426,1913.72424,0.03081,3429435.0,1961411.0,11953385.0,5644.89431,0.0,0.0,0.0,0.0,191
192,192,4941,36,2020-09-04,Brazil,TOTAL,TOTAL,849,125688,39539,4091959,125521,4092832,59.35519,1932.39623,0.03072,3467525.0,1955844.0,11953385.0,5644.89431,0.0,0.0,0.0,0.0,192
193,193,4969,36,2020-09-05,Brazil,TOTAL,TOTAL,604,126292,33857,4125816,126203,4123000,59.64043,1948.38493,0.03061,3499469.0,1970393.0,11953385.0,5644.89431,0.0,0.0,0.0,0.0,193
194,194,4997,37,2020-09-06,Brazil,TOTAL,TOTAL,458,126750,14672,4140488,126650,4137521,59.85671,1955.31367,0.03061,3522155.0,1970119.0,11953385.0,5644.89431,0.0,0.0,0.0,0.0,194
195,195,5025,37,2020-09-07,Brazil,TOTAL,TOTAL,320,127070,9516,4150004,126960,4147794,60.00783,1959.80753,0.03062,3549201.0,2003196.0,13270898.0,6267.07971,0.0,0.0,0.0,0.0,195
196,196,5053,37,2020-09-08,Brazil,TOTAL,TOTAL,525,127595,18786,4168790,127464,4162073,60.25576,1968.67908,0.03061,3572421.0,2009001.0,13270898.0,6267.07971,0.0,0.0,0.0,0.0,196
197,197,5081,37,2020-09-09,Brazil,TOTAL,TOTAL,1157,128752,37087,4205877,128539,4197889,60.80214,1986.19313,0.03061,3611632.0,2007620.0,13270898.0,6267.07971,0.0,0.0,0.0,0.0,197
198,198,5109,37,2020-09-10,Brazil,TOTAL,TOTAL,974,129726,40761,4246638,129522,4238446,61.26211,2005.4422,0.03055,3657701.0,2007352.0,13270898.0,6267.07971,0.0,0.0,0.0,0.0,198
199,199,5137,37,2020-09-11,Brazil,TOTAL,TOTAL,848,130574,41533,4288171,130396,4282164,61.66257,2025.05584,0.03045,3695158.0,2003022.0,13807456.0,6520.4651,0.0,0.0,0.0,0.0,199
200,200,5165,37,2020-09-12,Brazil,TOTAL,TOTAL,767,131341,30800,4318971,131210,4315687,62.02478,2039.6009,0.03041,3723206.0,2003750.0,13836559.0,6534.20877,0.0,0.0,0.0,0.0,200
201,201,5193,38,2020-09-13,Brazil,TOTAL,TOTAL,405,131746,14020,4332991,131625,4330455,62.21604,2046.22174,0.03041,3748895.0,2002467.0,13836559.0,6534.20877,0.0,0.0,0.0,0.0,201
202,202,5221,38,2020-09-14,Brazil,TOTAL,TOTAL,458,132204,20611,4353602,132006,4345610,62.43232,2055.95512,0.03037,3770138.0,1999342.0,13836559.0,6534.20877,0.0,0.0,0.0,0.0,202
203,203,5249,38,2020-09-15,Brazil,TOTAL,TOTAL,1082,133286,34552,4388154,133119,4382263,62.94329,2072.27204,0.03037,3811505.0,2007221.0,13836559.0,6534.20877,0.0,0.0,0.0,0.0,203
204,204,5277,38,2020-09-16,Brazil,TOTAL,TOTAL,962,134248,37297,4425451,134106,4419083,63.39759,2089.88526,0.03034,3853829.0,2309561.0,14149045.0,6681.77789,0.0,0.0,0.0,0.0,204
205,205,5305,38,2020-09-17,Brazil,TOTAL,TOTAL,869,135117,36405,4461856,134935,4455386,63.80797,2107.07724,0.03028,3873934.0,2311508.0,14166928.0,6690.223,0.0,0.0,0.0,0.0,205
206,206,5333,38,2020-09-18,Brazil,TOTAL,TOTAL,828,135945,39731,4501587,135793,4495183,64.19898,2125.8399,0.0302,3908897.0,2317353.0,14166928.0,6690.223,0.0,0.0,0.0,0.0,206
207,207,5361,38,2020-09-19,Brazil,TOTAL,TOTAL,681,136626,29558,4531145,136532,4528240,64.52058,2139.79844,0.03015,3937914.0,2316944.0,14166928.0,6690.223,0.0,0.0,0.0,0.0,207
208,208,5389,39,2020-09-20,Brazil,TOTAL,TOTAL,351,136977,15442,4546587,136895,4544629,64.68634,2147.09081,0.03013,3963446.0,2315521.0,14166928.0,6690.223,0.0,0.0,0.0,0.0,208
209,209,5417,39,2020-09-21,Brazil,TOTAL,TOTAL,466,137443,17635,4564222,137272,4558068,64.9064,2155.4188,0.03011,3979644.0,2319134.0,14457260.0,6827.33005,0.0,0.0,0.0,0.0,209
210,210,5445,39,2020-09-22,Brazil,TOTAL,TOTAL,794,138237,34967,4599189,138108,4591604,65.28136,2171.9317,0.03006,4040987.0,2319693.0,14457260.0,6827.33005,0.0,0.0,0.0,0.0,210
211,211,5473,39,2020-09-23,Brazil,TOTAL,TOTAL,932,139169,32726,4631915,138977,4624885,65.72149,2187.3863,0.03005,4070983.0,2321202.0,14457260.0,6827.33005,0.0,0.0,0.0,0.0,211
212,212,5501,39,2020-09-24,Brazil,TOTAL,TOTAL,795,139964,32015,4663930,139808,4657702,66.09692,2202.50514,0.03001,4109792.0,2332463.0,15096660.0,7129.2818,0.0,0.0,0.0,0.0,212
213,213,5529,39,2020-09-25,Brazil,TOTAL,TOTAL,822,140786,32310,4696240,140537,4689613,66.48511,2217.76329,0.02998,4130667.0,2335105.0,15096660.0,7129.2818,0.0,0.0,0.0,0.0,213
214,214,5557,39,2020-09-26,Brazil,TOTAL,TOTAL,722,141508,24718,4720958,141406,4717991,66.82607,2229.43617,0.02997,4153267.0,2336932.0,15096660.0,7129.2818,0.0,0.0,0.0,0.0,214
215,215,5585,40,2020-09-27,Brazil,TOTAL,TOTAL,339,141847,13787,4734745,141741,4732309,66.98616,2235.94698,0.02996,4172711.0,2336385.0,15096660.0,7129.2818,0.0,0.0,0.0,0.0,215
216,216,5613,40,2020-09-28,Brazil,TOTAL,TOTAL,391,142238,16871,4751616,142058,4745464,67.1708,2243.91418,0.02993,4197372.0,2334820.0,15096660.0,7129.2818,0.0,0.0,0.0,0.0,216
217,217,5641,40,2020-09-29,Brazil,TOTAL,TOTAL,858,143096,32848,4784464,142921,4777522,67.57599,2259.4264,0.02991,4237152.0,2355891.0,15375387.0,7260.90848,0.0,0.0,0.0,0.0,217
218,218,5669,40,2020-09-30,Brazil,TOTAL,TOTAL,982,144078,32901,4817365,143952,4810935,68.03973,2274.96364,0.02991,4274774.0,2450932.0,15412955.0,7278.64968,0.0,0.0,0.0,0.0,218
219,219,5697,40,2020-10-01,Brazil,TOTAL,TOTAL,773,144851,35783,4853148,144680,4847092,68.40477,2291.86189,0.02985,4299659.0,2457302.0,15412955.0,7278.64968,0.0,0.0,0.0,0.0,219
220,220,5725,40,2020-10-02,Brazil,TOTAL,TOTAL,654,145505,32818,4885966,145388,4880523,68.71362,2307.35994,0.02978,4324700.0,2505248.0,15412955.0,7278.64968,0.0,0.0,0.0,0.0,220
221,221,5753,40,2020-10-03,Brazil,TOTAL,TOTAL,588,146093,23008,4908974,145987,4906833,68.9913,2318.22529,0.02976,4361108.0,2517587.0,15715116.0,7421.34289,0.0,0.0,0.0,0.0,221
222,222,5781,41,2020-10-04,Brazil,TOTAL,TOTAL,358,146451,8715,4917689,146352,4915289,69.16036,2322.34088,0.02978,4376667.0,2517511.0,15715116.0,7421.34289,0.0,0.0,0.0,0.0,222
223,223,5809,41,2020-10-05,Brazil,TOTAL,TOTAL,393,146844,26053,4943742,146675,4927235,69.34595,2334.64421,0.0297,4400214.0,2443135.0,15715116.0,7421.34289,0.0,0.0,0.0,0.0,223
224,224,5837,41,2020-10-06,Brazil,TOTAL,TOTAL,810,147654,31526,4975268,147494,4969141,69.72847,2349.53212,0.02968,4430340.0,2446771.0,15715116.0,7421.34289,0.0,0.0,0.0,0.0,224
225,225,5865,41,2020-10-07,Brazil,TOTAL,TOTAL,725,148379,30938,5006206,148228,5000694,70.07084,2364.14235,0.02964,4458274.0,2457664.0,15715116.0,7421.34289,0.0,0.0,0.0,0.0,225
226,226,5893,41,2020-10-08,Brazil,TOTAL,TOTAL,735,149114,26830,5033036,148957,5028444,70.41794,2376.81261,0.02963,4486954.0,2466210.0,16037030.0,7573.36431,0.0,0.0,0.0,0.0,226
227,227,5921,41,2020-10-09,Brazil,TOTAL,TOTAL,654,149768,27733,5060769,149639,5055888,70.72679,2389.90931,0.02959,4502170.0,2471242.0,16037030.0,7573.36431,0.0,0.0,0.0,0.0,227
228,228,5949,41,2020-10-10,Brazil,TOTAL,TOTAL,534,150302,23744,5084513,150198,5082637,70.97897,2401.12223,0.02956,4529778.0,2473908.0,16772127.0,7920.50822,0.0,0.0,0.0,0.0,228
229,229,5977,42,2020-10-11,Brazil,TOTAL,TOTAL,278,150580,12191,5096704,150488,5094979,71.11025,2406.87934,0.02954,4553223.0,2473908.0,16772127.0,7920.50822,0.0,0.0,0.0,0.0,229
230,230,6005,42,2020-10-12,Brazil,TOTAL,TOTAL,194,150774,8636,5105340,150689,5103408,71.20186,2410.95762,0.02953,4575656.0,2473908.0,16772127.0,7920.50822,0.0,0.0,0.0,0.0,230
231,231,6033,42,2020-10-13,Brazil,TOTAL,TOTAL,378,151152,13359,5118699,150998,5113628,71.38037,2417.26631,0.02953,4596565.0,2473908.0,16772127.0,7920.50822,0.0,0.0,0.0,0.0,231
232,232,6061,42,2020-10-14,Brazil,TOTAL,TOTAL,732,151884,27844,5146543,151747,5140863,71.72605,2430.41542,0.02951,4626943.0,2473908.0,16772127.0,7920.50822,0.0,0.0,0.0,0.0,232
233,233,6089,42,2020-10-15,Brazil,TOTAL,TOTAL,814,152698,30426,5176969,152460,5169386,72.11046,2444.78387,0.0295,4655705.0,2473908.0,16772127.0,7920.50822,0.0,0.0,0.0,0.0,233
234,234,6117,42,2020-10-16,Brazil,TOTAL,TOTAL,643,153341,28596,5205565,153214,5200300,72.41411,2458.28811,0.02946,4678510.0,2473908.0,16772127.0,7920.50822,0.0,0.0,0.0,0.0,234
235,235,6145,42,2020-10-17,Brazil,TOTAL,TOTAL,415,153756,20776,5226341,153675,5224362,72.61009,2468.09942,0.02942,4701636.0,2473908.0,16772127.0,7920.50822,0.0,0.0,0.0,0.0,235
236,236,6173,43,2020-10-18,Brazil,TOTAL,TOTAL,235,153991,12051,5238392,153905,5235344,72.72107,2473.79041,0.0294,4716887.0,2473908.0,16772127.0,7920.50822,0.0,0.0,0.0,0.0,236
237,237,6201,43,2020-10-19,Brazil,TOTAL,TOTAL,326,154317,16579,5254971,154176,5250727,72.87502,2481.61971,0.02937,4736903.0,2473908.0,16772127.0,7920.50822,0.0,0.0,0.0,0.0,237
238,238,6229,43,2020-10-20,Brazil,TOTAL,TOTAL,648,154965,23766,5278737,154837,5273954,73.18103,2492.84303,0.02936,4761602.0,2473908.0,16772127.0,7920.50822,0.0,0.0,0.0,0.0,238
239,239,6257,43,2020-10-21,Brazil,TOTAL,TOTAL,571,155536,25856,5304593,155403,5298772,73.45068,2505.05332,0.02932,4785118.0,2473908.0,16772127.0,7920.50822,0.0,0.0,0.0,0.0,239
240,240,6285,43,2020-10-22,Brazil,TOTAL,TOTAL,505,156041,24764,5329357,155900,5323630,73.68916,2516.74793,0.02928,4805356.0,2473908.0,16772127.0,7920.50822,0.0,0.0,0.0,0.0,240
241,241,6313,43,2020-10-23,Brazil,TOTAL,TOTAL,563,156604,30001,5359358,156471,5353656,73.95504,2530.91567,0.02922,4824464.0,2473908.0,16772127.0,7920.50822,0.0,0.0,0.0,0.0,241
242,242,6341,43,2020-10-24,Brazil,TOTAL,TOTAL,387,156991,24984,5384342,156903,5380635,74.13779,2542.71418,0.02916,4847528.0,2473908.0,16772127.0,7920.50822,0.0,0.0,0.0,0.0,242
243,243,6369,44,2020-10-25,Brazil,TOTAL,TOTAL,233,157224,12254,5396596,157134,5394128,74.24783,2548.50103,0.02913,4866894.0,2473908.0,16772127.0,7920.50822,0.0,0.0,0.0,0.0,243
244,244,6397,44,2020-10-26,Brazil,TOTAL,TOTAL,302,157526,18611,5415207,157397,5409854,74.39044,2557.28994,0.02909,4895737.0,2473908.0,16772127.0,7920.50822,0.0,0.0,0.0,0.0,244
245,245,6425,44,2020-10-27,Brazil,TOTAL,TOTAL,526,158052,29982,5445189,157946,5439641,74.63884,2571.44871,0.02903,4914733.0,2499203.0,18736824.0,8848.3213,0.0,0.0,0.0,0.0,245
246,246,6453,44,2020-10-28,Brazil,TOTAL,TOTAL,504,158556,28351,5473540,158456,5468270,74.87685,2584.83725,0.02897,4947777.0,2498603.0,18816082.0,8885.75028,0.0,0.0,0.0,0.0,246
247,247,6481,44,2020-10-29,Brazil,TOTAL,TOTAL,551,159107,26700,5500240,158969,5494376,75.13706,2597.44612,0.02893,4962574.0,2503263.0,18845636.0,8899.70693,0.0,0.0,0.0,0.0,247
248,248,6509,44,2020-10-30,Brazil,TOTAL,TOTAL,573,159680,24353,5524593,159477,5516658,75.40765,2608.94663,0.0289,4987435.0,2505061.0,18894312.0,8922.6938,0.0,0.0,0.0,0.0,248
249,249,6537,44,2020-10-31,Brazil,TOTAL,TOTAL,292,159972,13170,5537763,159884,5535605,75.54555,2615.16607,0.02889,5005161.0,2511155.0,21374279.0,10093.83918,0.0,0.0,0.0,0.0,249
250,250,6565,45,2020-11-01,Brazil,TOTAL,TOTAL,203,160175,10188,5547951,160074,5545705,75.64141,2619.97727,0.02887,5022438.0,2511155.0,21406521.0,10109.06521,0.0,0.0,0.0,0.0,250
251,251,6593,45,2020-11-02,Brazil,TOTAL,TOTAL,165,160340,8249,5556200,160253,5554206,75.71933,2623.8728,0.02886,5039438.0,2503731.0,21426648.0,10118.57004,0.0,0.0,0.0,0.0,251
252,252,6621,45,2020-11-03,Brazil,TOTAL,TOTAL,288,160628,14582,5570782,160496,5566049,75.85534,2630.75904,0.02883,5060697.0,2498596.0,21455397.0,10132.14653,0.0,0.0,0.0,0.0,252
253,253,6649,45,2020-11-04,Brazil,TOTAL,TOTAL,618,161246,23316,5594098,161106,5590025,76.14719,2641.76984,0.02882,5078162.0,2501446.0,21518065.0,10161.74101,0.0,0.0,0.0,0.0,253
254,254,6677,45,2020-11-05,Brazil,TOTAL,TOTAL,603,161849,23845,5617943,161736,5612319,76.43195,2653.03046,0.02881,5102762.0,2508455.0,21635781.0,10217.33149,0.0,0.0,0.0,0.0,254
255,255,6705,45,2020-11-06,Brazil,TOTAL,TOTAL,271,162120,20200,5638143,162038,5633747,76.55993,2662.56975,0.02875,5118156.0,2516051.0,21682101.0,10239.20575,0.0,0.0,0.0,0.0,255
256,256,6733,45,2020-11-07,Brazil,TOTAL,TOTAL,228,162348,17744,5655887,162269,5653561,76.6676,2670.94922,0.0287,5138641.0,2522720.0,21744150.0,10268.50792,0.0,0.0,0.0,0.0,256
257,257,6761,46,2020-11-08,Brazil,TOTAL,TOTAL,190,162538,10502,5666389,162397,5664115,76.75732,2675.90871,0.02868,5147172.0,2522720.0,21766350.0,10278.9917,0.0,0.0,0.0,0.0,257
258,258,6789,46,2020-11-09,Brazil,TOTAL,TOTAL,186,162724,13414,5679803,162628,5675032,76.84516,2682.24337,0.02865,5163226.0,2520095.0,21811819.0,10300.46408,0.0,0.0,0.0,0.0,258
259,259,6817,46,2020-11-10,Brazil,TOTAL,TOTAL,198,162922,46424,5726227,162829,5700044,76.93866,2704.16674,0.02845,5183970.0,2520095.0,21878411.0,10331.91164,0.0,0.0,0.0,0.0,259
260,260,6845,46,2020-11-11,Brazil,TOTAL,TOTAL,574,163496,26247,5752474,163373,5748375,77.20973,2716.56169,0.02842,5222937.0,2520095.0,21908724.0,10346.22673,0.0,0.0,0.0,0.0,260
261,261,6873,46,2020-11-12,Brazil,TOTAL,TOTAL,933,164429,33919,5786393,164281,5781582,77.65033,2732.57967,0.02842,5254457.0,2520095.0,22008774.0,10393.47457,0.0,0.0,0.0,0.0,261
262,262,6901,46,2020-11-13,Brazil,TOTAL,TOTAL,576,165005,38718,5825111,164737,5810652,77.92234,2750.86395,0.02833,5274812.0,2520095.0,22084995.0,10429.46935,0.0,0.0,0.0,0.0,262
263,263,6929,46,2020-11-14,Brazil,TOTAL,TOTAL,734,165739,26278,5851389,165658,5848959,78.26897,2763.27354,0.02832,5279452.0,2520095.0,22089038.0,10431.37863,0.0,0.0,0.0,0.0,263
264,264,6957,47,2020-11-15,Brazil,TOTAL,TOTAL,140,165879,13906,5865295,165798,5863093,78.33508,2769.84054,0.02828,5280855.0,2520095.0,22089038.0,10431.37863,0.0,0.0,0.0,0.0,264
265,265,6985,47,2020-11-16,Brazil,TOTAL,TOTAL,257,166136,15744,5881039,166014,5876464,78.45645,2777.27552,0.02825,5335498.0,2520095.0,22223755.0,10494.9977,0.0,0.0,0.0,0.0,265
266,266,7013,47,2020-11-17,Brazil,TOTAL,TOTAL,678,166814,35490,5916529,166699,5911758,78.77663,2794.0354,0.02819,5358299.0,0.0,22274567.0,10518.99327,0.0,0.0,0.0,0.0,266
267,267,7041,47,2020-11-18,Brazil,TOTAL,TOTAL,754,167568,34752,5951281,167455,5945849,79.1327,2810.44677,0.02816,5383385.0,0.0,22357626.0,10558.21725,0.0,0.0,0.0,0.0,267
268,268,7069,47,2020-11-19,Brazil,TOTAL,TOTAL,650,168218,35862,5987143,168061,5981767,79.43966,2827.38232,0.0281,5406066.0,0.0,22420323.0,10587.82543,0.0,0.0,0.0,0.0,268
269,269,7097,47,2020-11-20,Brazil,TOTAL,TOTAL,513,168731,38770,6025913,168613,6020164,79.68192,2845.69116,0.028,5430896.0,0.0,22503688.0,10627.19391,0.0,0.0,0.0,0.0,269
270,270,7125,47,2020-11-21,Brazil,TOTAL,TOTAL,357,169088,30222,6056135,168989,6052786,79.85051,2859.96326,0.02792,5437189.0,0.0,22528947.0,10639.12228,0.0,0.0,0.0,0.0,270
271,271,7153,48,2020-11-22,Brazil,TOTAL,TOTAL,178,169266,17926,6074061,169183,6071401,79.93457,2868.42868,0.02787,5459306.0,0.0,22564250.0,10655.79385,0.0,0.0,0.0,0.0,271
272,272,7181,48,2020-11-23,Brazil,TOTAL,TOTAL,355,169621,18158,6092219,169485,6087608,80.10222,2877.00366,0.02784,5481184.0,0.0,22634876.0,10689.14643,0.0,0.0,0.0,0.0,272
273,273,7209,48,2020-11-24,Brazil,TOTAL,TOTAL,627,170248,34533,6126752,170115,6118708,80.39831,2893.3116,0.02779,5509645.0,0.0,22711485.0,10725.32445,0.0,0.0,0.0,0.0,273
274,274,7237,48,2020-11-25,Brazil,TOTAL,TOTAL,623,170871,44628,6171380,170769,6166606,80.69252,2914.38683,0.02769,5534010.0,0.0,22780858.0,10758.08531,0.0,0.0,0.0,0.0,274
275,275,7265,48,2020-11-26,Brazil,TOTAL,TOTAL,710,171581,40885,6212265,171460,6204220,81.02781,2933.69446,0.02762,5556887.0,0.0,22879792.0,10804.80613,0.0,0.0,0.0,0.0,275
276,276,7293,48,2020-11-27,Brazil,TOTAL,TOTAL,559,172140,33508,6245773,171974,6238350,81.29179,2949.51835,0.02756,5581436.0,0.0,22999678.0,10861.42138,0.0,0.0,0.0,0.0,276
277,277,7321,48,2020-11-28,Brazil,TOTAL,TOTAL,544,172684,51485,6297258,172561,6290272,81.54869,2973.83175,0.02742,5583425.0,0.0,22999678.0,10861.42138,0.0,0.0,0.0,0.0,277
278,278,7349,49,2020-11-29,Brazil,TOTAL,TOTAL,233,172917,21012,6318270,172833,6314740,81.65873,2983.75451,0.02737,5584588.0,0.0,22999678.0,10861.42138,0.0,0.0,0.0,0.0,278
279,279,7377,49,2020-11-30,Brazil,TOTAL,TOTAL,351,173268,23695,6341965,173120,6335878,81.82448,2994.94429,0.02732,5681648.0,0.0,23183521.0,10948.23982,0.0,0.0,0.0,0.0,279
280,280,7405,49,2020-12-01,Brazil,TOTAL,TOTAL,685,173953,51985,6393950,173817,6386787,82.14797,3019.4938,0.02721,5712305.0,0.0,25667025.0,12121.05552,0.0,0.0,0.0,0.0,280
281,281,7433,49,2020-12-02,Brazil,TOTAL,TOTAL,679,174632,48475,6442425,174515,6436650,82.46862,3042.38575,0.02711,5759294.0,0.0,25736998.0,12154.09973,0.0,0.0,0.0,0.0,281
282,282,7461,49,2020-12-03,Brazil,TOTAL,TOTAL,761,175393,50139,6492564,175270,6487084,82.828,3066.06351,0.02701,5792539.0,0.0,25847171.0,12206.12809,0.0,0.0,0.0,0.0,282
283,283,7489,49,2020-12-04,Brazil,TOTAL,TOTAL,678,176071,47671,6540235,175964,6533968,83.14818,3088.57577,0.02692,5825745.0,0.0,25925584.0,12243.15803,0.0,0.0,0.0,0.0,283
284,284,7517,49,2020-12-05,Brazil,TOTAL,TOTAL,647,176718,40282,6580517,176628,6577177,83.45372,3107.59864,0.02685,5864838.0,0.0,25957935.0,12258.43554,0.0,0.0,0.0,0.0,284
285,285,7545,50,2020-12-06,Brazil,TOTAL,TOTAL,340,177058,26430,6606947,176941,6603540,83.61428,3120.08,0.0268,5869420.0,0.0,25966103.0,12262.29281,0.0,0.0,0.0,0.0,285
286,286,7573,50,2020-12-07,Brazil,TOTAL,TOTAL,425,177483,27024,6633971,177317,6623911,83.81498,3132.84188,0.02675,5917337.0,0.0,26074986.0,12313.71197,0.0,0.0,0.0,0.0,286
287,287,7601,50,2020-12-08,Brazil,TOTAL,TOTAL,798,178281,47796,6681767,178159,6674999,84.19183,3155.41317,0.02668,5966118.0,0.0,26153478.0,12350.77922,0.0,0.0,0.0,0.0,287
288,288,7629,50,2020-12-09,Brazil,TOTAL,TOTAL,853,179134,54591,6736358,178995,6728452,84.59466,3181.19335,0.02659,5970320.0,0.0,26153478.0,12350.77922,0.0,0.0,0.0,0.0,288
289,289,7657,50,2020-12-10,Brazil,TOTAL,TOTAL,769,179903,53550,6789908,179765,6781799,84.95781,3206.48193,0.0265,6043219.0,0.0,26309534.0,12424.47547,0.0,0.0,0.0,0.0,289
290,290,7685,50,2020-12-11,Brazil,TOTAL,TOTAL,661,180564,52550,6842458,180437,6836227,85.26996,3231.29826,0.02639,6078287.0,0.0,26489470.0,12509.44886,0.0,0.0,0.0,0.0,290
291,291,7713,50,2020-12-12,Brazil,TOTAL,TOTAL,677,181241,42324,6884782,181123,6880127,85.58967,3251.28545,0.02632,6083155.0,0.0,26492110.0,12510.69558,0.0,0.0,0.0,0.0,291
292,292,7741,51,2020-12-13,Brazil,TOTAL,TOTAL,295,181536,22029,6906811,181402,6901952,85.72898,3261.68847,0.02628,6138349.0,0.0,26596658.0,12560.06757,0.0,0.0,0.0,0.0,292
293,293,7769,51,2020-12-14,Brazil,TOTAL,TOTAL,513,182049,27380,6934191,181835,6927145,85.97124,3274.61847,0.02625,6158049.0,0.0,26625122.0,12573.50948,0.0,0.0,0.0,0.0,293
294,294,7797,51,2020-12-15,Brazil,TOTAL,TOTAL,934,182983,48032,6982223,182799,6970034,86.41232,3297.30121,0.02621,6206483.0,0.0,26720982.0,12618.77863,0.0,0.0,0.0,0.0,294
295,295,7825,51,2020-12-16,Brazil,TOTAL,TOTAL,941,183924,66124,7048347,183735,7040608,86.8567,3328.52776,0.02609,6239192.0,0.0,26765768.0,12639.92847,0.0,0.0,0.0,0.0,295
296,296,7853,51,2020-12-17,Brazil,TOTAL,TOTAL,1061,184985,68699,7117046,184827,7110434,87.35775,3360.97034,0.02599,6301547.0,0.0,26916786.0,12711.24556,0.0,0.0,0.0,0.0,296
297,297,7881,51,2020-12-18,Brazil,TOTAL,TOTAL,817,185802,52853,7169899,185650,7162978,87.74357,3385.92976,0.02591,6322955.0,0.0,26940294.0,12722.34703,0.0,0.0,0.0,0.0,297
298,298,7909,51,2020-12-19,Brazil,TOTAL,TOTAL,659,186461,48242,7218141,186356,7213155,88.05478,3408.71168,0.02583,6388938.0,0.0,27044505.0,12771.55988,0.0,0.0,0.0,0.0,298
299,299,7937,52,2020-12-20,Brazil,TOTAL,TOTAL,419,186880,24484,7242625,186764,7238600,88.25265,3420.27406,0.0258,6412156.0,0.0,27092095.0,12794.03389,0.0,0.0,0.0,0.0,299
300,300,7965,52,2020-12-21,Brazil,TOTAL,TOTAL,561,187441,27645,7270270,187291,7263619,88.51757,3433.3292,0.02578,6469310.0,0.0,27179327.0,12835.22853,0.0,0.0,0.0,0.0,300
301,301,7993,52,2020-12-22,Brazil,TOTAL,TOTAL,969,188410,56665,7326935,188259,7318821,88.97518,3460.08881,0.02571,6501341.0,0.0,27234590.0,12861.32606,0.0,0.0,0.0,0.0,301
302,302,8021,52,2020-12-23,Brazil,TOTAL,TOTAL,965,189375,45679,7372614,189220,7365517,89.43089,3481.66037,0.02569,6518805.0,0.0,27246435.0,12866.91977,0.0,0.0,0.0,0.0,302
303,303,8049,52,2020-12-24,Brazil,TOTAL,TOTAL,760,190135,58211,7430825,190006,7425593,89.78979,3509.15006,0.02559,6523897.0,0.0,27246435.0,12866.91977,0.0,0.0,0.0,0.0,303
304,304,8077,52,2020-12-25,Brazil,TOTAL,TOTAL,482,190617,21183,7452008,190488,7448560,90.01741,3519.15357,0.02558,6527267.0,0.0,27246435.0,12866.91977,0.0,0.0,0.0,0.0,304
305,305,8105,52,2020-12-26,Brazil,TOTAL,TOTAL,296,190913,17533,7469541,190795,7465806,90.1572,3527.4334,0.02556,6654189.0,0.0,27464362.0,12969.83412,0.0,0.0,0.0,0.0,305
306,306,8133,53,2020-12-27,Brazil,TOTAL,TOTAL,337,191250,17614,7487155,191139,7484285,90.31634,3535.75147,0.02554,6678793.0,0.0,27480401.0,12977.40842,0.0,0.0,0.0,0.0,306
307,307,8161,53,2020-12-28,Brazil,TOTAL,TOTAL,538,191788,27437,7514592,191570,7504833,90.57041,3548.70839,0.02552,6714031.0,0.0,29017161.0,13703.13153,0.0,0.0,0.0,0.0,307
308,308,8189,53,2020-12-29,Brazil,TOTAL,TOTAL,1051,192839,56371,7570963,192681,7563551,91.06674,3575.32916,0.02547,6754111.0,0.0,29067010.0,13726.67234,0.0,0.0,0.0,0.0,308
309,309,8217,53,2020-12-30,Brazil,TOTAL,TOTAL,1217,194056,55600,7626563,193875,7619200,91.64146,3601.58583,0.02544,6814092.0,0.0,29170573.0,13775.57917,0.0,0.0,0.0,0.0,309
310,310,8245,53,2020-12-31,Brazil,TOTAL,TOTAL,1016,195072,54469,7681032,194949,7675973,92.12125,3627.3084,0.0254,6848844.0,0.0,29244757.0,13810.612,0.0,0.0,0.0,0.0,310
311,311,8273,53,2021-01-01,Brazil,TOTAL,TOTAL,469,195541,22939,7703971,195411,7700578,92.34274,3638.14117,0.02538,6855372.0,0.0,29249432.0,13812.81973,0.0,0.0,0.0,0.0,311
312,312,8301,53,2021-01-02,Brazil,TOTAL,TOTAL,293,195834,15353,7719324,195725,7716405,92.4811,3645.3915,0.02537,6893256.0,0.0,29298771.0,13836.11969,0.0,0.0,0.0,0.0,312
313,313,8329,101,2021-01-03,Brazil,TOTAL,TOTAL,311,196145,17190,7736514,196018,7733746,92.62797,3653.50935,0.02535,6904382.0,0.0,29325305.0,13848.65017,0.0,0.0,0.0,0.0,313
314,314,8357,101,2021-01-04,Brazil,TOTAL,TOTAL,597,196742,25039,7761553,196561,7753752,92.9099,3665.33382,0.02535,6950045.0,0.0,29360809.0,13865.41666,0.0,0.0,0.0,0.0,314
315,315,8385,101,2021-01-05,Brazil,TOTAL,TOTAL,1188,197930,58083,7819636,197732,7810400,93.47092,3692.76307,0.02531,6995541.0,0.0,29433114.0,13899.56214,0.0,0.0,0.0,0.0,315
316,316,8413,101,2021-01-06,Brazil,TOTAL,TOTAL,1231,199161,62507,7882143,198974,7873830,94.05225,3722.28152,0.02527,7033286.0,0.0,29498348.0,13930.3684,0.0,0.0,0.0,0.0,316
317,317,8441,101,2021-01-07,Brazil,TOTAL,TOTAL,1518,200679,87969,7970112,200498,7961673,94.76912,3763.82421,0.02518,7081521.0,0.0,29561570.0,13960.2245,0.0,0.0,0.0,0.0,317
318,318,8469,101,2021-01-08,Brazil,TOTAL,TOTAL,1081,201760,59586,8029698,201460,8013708,95.27961,3791.96324,0.02513,7136817.0,0.0,29638759.0,13996.67642,0.0,0.0,0.0,0.0,318
319,319,8497,101,2021-01-09,Brazil,TOTAL,TOTAL,1009,202769,51393,8081091,202631,8075998,95.7561,3816.23319,0.02509,7205410.0,0.0,29691328.0,14021.50172,0.0,0.0,0.0,0.0,319
320,320,8525,102,2021-01-10,Brazil,TOTAL,TOTAL,490,203259,29027,8110118,203100,8105790,95.9875,3829.94097,0.02506,7231336.0,0.0,29723641.0,14036.76129,0.0,0.0,0.0,0.0,320
321,321,8553,102,2021-01-11,Brazil,TOTAL,TOTAL,491,203750,30747,8140865,203580,8131612,96.21937,3844.461,0.02503,7273237.0,0.0,29818855.0,14081.72537,0.0,0.0,0.0,0.0,321
322,322,8581,102,2021-01-12,Brazil,TOTAL,TOTAL,1125,204875,64424,8205289,204690,8195637,96.75065,3874.88474,0.02497,7284945.0,0.0,29826084.0,14085.13921,0.0,0.0,0.0,0.0,322
323,323,8609,102,2021-01-13,Brazil,TOTAL,TOTAL,1264,206139,59827,8265116,205964,8256536,97.34756,3903.13758,0.02494,7348189.0,0.0,29955213.0,14146.11939,0.0,0.0,0.0,0.0,323
324,324,8637,102,2021-01-14,Brazil,TOTAL,TOTAL,1154,207293,68329,8333445,207095,8324294,97.89253,3935.40543,0.02487,7394739.0,0.0,30024424.0,14178.80375,0.0,0.0,0.0,0.0,324
325,325,8665,102,2021-01-15,Brazil,TOTAL,TOTAL,1135,208428,69097,8402542,208246,8393492,98.42852,3968.03596,0.02481,7438075.0,0.0,30124644.0,14226.13188,0.0,0.0,0.0,0.0,325
326,326,8693,102,2021-01-16,Brazil,TOTAL,TOTAL,1014,209442,58445,8460987,209296,8455059,98.90738,3995.63616,0.02475,7485823.0,0.0,30194431.0,14259.08825,0.0,0.0,0.0,0.0,326
327,327,8721,103,2021-01-17,Brazil,TOTAL,TOTAL,551,209993,31416,8492403,209847,8488099,99.16758,4010.47212,0.02473,7522851.0,3718483.0,30244995.0,14282.96671,112.0,0.05289,0.0,0.0,327
328,328,8749,103,2021-01-18,Brazil,TOTAL,TOTAL,476,210469,28933,8521336,210299,8511770,99.39237,4024.13551,0.0247,7560460.0,3718483.0,30334083.0,14325.03784,1109.0,0.52372,0.0,0.0,328
329,329,8777,103,2021-01-19,Brazil,TOTAL,TOTAL,1160,211629,62149,8583485,211491,8573864,99.94017,4053.4849,0.02466,7618080.0,3725819.0,30417016.0,14364.20231,13527.0,6.38802,0.0,0.0,329
330,330,8805,103,2021-01-20,Brazil,TOTAL,TOTAL,1395,213024,64477,8647962,212831,8638249,100.59895,4083.93367,0.02463,7624849.0,3747143.0,30417016.0,14364.20231,105824.0,49.97457,0.0,0.0,330
331,331,8833,103,2021-01-21,Brazil,TOTAL,TOTAL,1347,214371,58950,8706912,214147,8697368,101.23506,4111.77235,0.02462,7673092.0,3747143.0,30488673.0,14398.04178,193699.0,91.47287,0.0,0.0,331
332,332,8861,103,2021-01-22,Brazil,TOTAL,TOTAL,1071,215442,56605,8763517,215243,8753920,101.74083,4138.50363,0.02458,7754675.0,3747143.0,30663982.0,14480.83011,462269.0,218.30299,0.0,0.0,332
333,333,8889,103,2021-01-23,Brazil,TOTAL,TOTAL,1145,216587,58298,8821815,216445,8816254,102.28155,4166.03441,0.02455,7791551.0,3747143.0,30689586.0,14492.9214,573268.0,270.72141,0.0,0.0,333
334,334,8917,104,2021-01-24,Brazil,TOTAL,TOTAL,595,217182,28519,8850334,217037,8844577,102.56253,4179.50229,0.02454,7821376.0,3747143.0,30751500.0,14522.15981,613954.0,289.93506,0.0,0.0,334
335,335,8945,104,2021-01-25,Brazil,TOTAL,TOTAL,690,217872,30530,8880864,217664,8871393,102.88838,4193.91985,0.02453,7864969.0,3747143.0,30774397.0,14532.97274,801759.0,378.62453,0.0,0.0,335
336,336,8973,104,2021-01-26,Brazil,TOTAL,TOTAL,1155,219027,61608,8942472,218878,8933356,103.43382,4223.01375,0.02449,7930380.0,3747143.0,30900248.0,14592.40491,1045746.0,493.84552,0.0,0.0,336
337,337,9001,104,2021-01-27,Brazil,TOTAL,TOTAL,1336,220363,64772,9007244,220161,8996876,104.06474,4253.60183,0.02447,7964176.0,3975589.0,30938972.0,14610.69202,1327546.0,626.92341,0.0,0.0,337
338,338,9029,104,2021-01-28,Brazil,TOTAL,TOTAL,1438,221801,60760,9068004,221547,9058687,104.74382,4282.29528,0.02446,7992906.0,3975589.0,32789216.0,15484.45555,1563098.0,738.16103,0.0,0.0,338
339,339,9057,104,2021-01-29,Brazil,TOTAL,TOTAL,1087,222888,59503,9127507,222666,9118513,105.25715,4310.39511,0.02442,8066603.0,3975589.0,32880655.0,15527.63691,1923813.0,908.50592,0.0,0.0,339
340,340,9085,104,2021-01-30,Brazil,TOTAL,TOTAL,1192,224080,53114,9180621,223945,9176975,105.82006,4335.47779,0.02441,8148671.0,3975589.0,33028536.0,15597.47258,2046523.0,966.45478,0.0,0.0,340
341,341,9113,105,2021-01-31,Brazil,TOTAL,TOTAL,568,224648,27900,9208521,224504,9204731,106.08829,4348.65335,0.0244,8176373.0,3975589.0,33046556.0,15605.98239,2084119.0,984.2092,0.0,0.0,341
342,342,9141,105,2021-02-01,Brazil,TOTAL,TOTAL,623,225271,28490,9237011,225099,9229322,106.3825,4362.10754,0.02439,8222431.0,3975589.0,33078118.0,15620.8873,2292551.0,1082.63961,0.0,0.0,342
343,343,9169,105,2021-02-02,Brazil,TOTAL,TOTAL,1261,226532,56278,9293289,226309,9283418,106.978,4388.68439,0.02438,8258074.0,3975589.0,33115124.0,15638.3631,2521704.0,1190.85536,0.0,0.0,343
344,344,9197,105,2021-02-03,Brazil,TOTAL,TOTAL,1199,227731,54414,9347703,227563,9339420,107.54422,4414.38098,0.02436,8313044.0,4324731.0,33126511.0,15643.74052,2802134.0,1323.28627,0.0,0.0,344
345,345,9225,105,2021-02-04,Brazil,TOTAL,TOTAL,1276,229007,57107,9404810,228795,9396293,108.1468,4441.34933,0.02435,8366197.0,4324731.0,33034153.0,15600.12517,3074906.0,1452.10075,0.0,0.0,345
346,346,9253,105,2021-02-05,Brazil,TOTAL,TOTAL,1251,230258,51690,9456500,230034,9447165,108.73757,4465.75953,0.02435,8396148.0,4324731.0,33069949.0,15617.02955,3399421.0,1605.35047,1962.0,0.92654,346
347,347,9281,105,2021-02-06,Brazil,TOTAL,TOTAL,937,231195,46310,9502810,231012,9497795,109.18006,4487.62907,0.02433,8429889.0,4324731.0,33095240.0,15628.97303,3534004.0,1668.90626,19677.0,9.29231,347
348,348,9309,106,2021-02-07,Brazil,TOTAL,TOTAL,489,231684,26162,9528972,231534,9524640,109.41099,4499.98388,0.02431,8468459.0,4461188.0,33121192.0,15641.22867,3579850.0,1690.55668,25688.0,12.13096,348
349,349,9337,106,2021-02-08,Brazil,TOTAL,TOTAL,721,232405,28586,9557558,232170,9548079,109.75148,4513.4834,0.02432,8478818.0,4461188.0,33132899.0,15646.75721,3786591.0,1788.18853,33616.0,15.8749,349
350,350,9365,106,2021-02-09,Brazil,TOTAL,TOTAL,1315,233720,51217,9608775,233520,9599565,110.37248,4537.67023,0.02432,8577207.0,4538123.0,33355154.0,15751.71542,4069677.0,1921.87372,50655.0,23.92143,350
351,351,9393,106,2021-02-10,Brazil,TOTAL,TOTAL,1361,235081,61108,9669883,234850,9659167,111.0152,4566.52802,0.02431,8616282.0,4538123.0,33409955.0,15777.59478,4326075.0,2042.95571,80760.0,38.13829,351
352,352,9421,106,2021-02-11,Brazil,TOTAL,TOTAL,1442,236523,53604,9723487,236201,9713909,111.69617,4591.84209,0.02432,8637050.0,4538123.0,33441753.0,15792.61114,4586270.0,2165.8308,109866.0,51.88338,352
353,353,9449,106,2021-02-12,Brazil,TOTAL,TOTAL,1220,237743,48942,9772429,237489,9765455,112.27231,4614.95458,0.02433,8719379.0,4538123.0,33601025.0,15867.82612,4946738.0,2336.05905,178468.0,84.28014,353
354,354,9477,106,2021-02-13,Brazil,TOTAL,TOTAL,1025,238768,44856,9817285,238532,9809754,112.75636,4636.13748,0.02432,8747504.0,4538123.0,33662928.0,15897.05933,5042713.0,2381.3825,194230.0,91.72363,354
355,355,9505,107,2021-02-14,Brazil,TOTAL,TOTAL,653,239421,30723,9848008,239245,9834513,113.06473,4650.64618,0.02431,8767967.0,4538123.0,33708882.0,15918.76076,5076110.0,2397.15398,217869.0,102.88696,355
356,356,9533,107,2021-02-15,Brazil,TOTAL,TOTAL,611,240032,25808,9873816,239773,9866710,113.35327,4662.83381,0.02431,8832120.0,4548729.0,33741300.0,15934.06991,5324317.0,2514.36783,285620.0,134.88185,356
357,357,9561,107,2021-02-16,Brazil,TOTAL,TOTAL,1092,241124,65284,9939100,240940,9921981,113.86896,4693.66368,0.02426,8859157.0,4549147.0,33767865.0,15946.61503,5326007.0,2515.16592,557532.0,263.29021,357
358,358,9589,107,2021-02-17,Brazil,TOTAL,TOTAL,1189,242313,47225,9986325,242090,9978747,114.43045,4715.96532,0.02426,8942046.0,4549147.0,33875901.0,15997.6342,5482925.0,2589.26924,723755.0,341.78774,358
359,359,9617,107,2021-02-18,Brazil,TOTAL,TOTAL,1439,243752,53479,10039804,243457,10030626,115.11001,4741.22037,0.02428,8979652.0,4549147.0,33909730.0,16013.60968,5640483.0,2663.6748,894673.0,422.50246,359
360,360,9645,107,2021-02-19,Brazil,TOTAL,TOTAL,1331,245083,52157,10091961,244765,10081676,115.73857,4765.85111,0.02428,9021456.0,4549147.0,34018639.0,16065.04112,5756361.0,2718.39729,1056807.0,499.06899,360
361,361,9673,107,2021-02-20,Brazil,TOTAL,TOTAL,1031,246114,52371,10144332,245977,10139148,116.22545,4790.58291,0.02426,9070505.0,4549147.0,34146745.0,16125.5382,5817908.0,2747.46239,1132894.0,535.00049,361
362,362,9701,108,2021-02-21,Brazil,TOTAL,TOTAL,606,246720,29485,10173817,246504,10168174,116.51163,4804.50698,0.02425,9095692.0,4549147.0,34175241.0,16138.99522,5857080.0,2765.96107,1171276.0,553.1261,362
363,363,9729,108,2021-02-22,Brazil,TOTAL,TOTAL,711,247431,31846,10205663,247143,10195160,116.84739,4819.54601,0.02424,9108205.0,4755382.0,34184282.0,16143.26476,6002873.0,2834.81069,1294188.0,611.17035,363
364,364,9757,108,2021-02-23,Brazil,TOTAL,TOTAL,1359,248790,63585,10269248,248529,10257875,117.48917,4849.57354,0.02423,9189903.0,4755382.0,34308759.0,16202.04807,6116082.0,2888.27277,1435594.0,677.94825,364
365,365,9785,108,2021-02-24,Brazil,TOTAL,TOTAL,1446,250236,65386,10334634,249957,10324463,118.17203,4880.45157,0.02421,9214337.0,4755382.0,34326575.0,16210.46154,6202055.0,2928.87286,1596945.0,754.14502,365
366,366,9813,108,2021-02-25,Brazil,TOTAL,TOTAL,1575,251811,68279,10402913,251498,10390461,118.91581,4912.69581,0.02421,9270500.0,4755382.0,34460303.0,16273.61356,6346769.0,2997.21294,1755018.0,828.79378,366
367,367,9841,108,2021-02-26,Brazil,TOTAL,TOTAL,1343,253154,63395,10466308,252835,10455630,119.55003,4942.63361,0.02419,9309568.0,4755382.0,34539560.0,16311.04207,6437836.0,3040.21863,1884206.0,889.80182,367
368,368,9869,108,2021-02-27,Brazil,TOTAL,TOTAL,1252,254406,58418,10524726,254221,10517232,120.14128,4970.22106,0.02417,9372546.0,4755382.0,34704162.0,16388.7741,6518628.0,3078.37203,1914940.0,904.31571,368
369,369,9897,109,2021-02-28,Brazil,TOTAL,TOTAL,773,255179,33365,10558091,254942,10551259,120.50632,4985.97743,0.02417,9382316.0,4755382.0,34725552.0,16398.87536,6542206.0,3089.50656,1923197.0,908.21502,369
370,370,9925,109,2021-03-01,Brazil,TOTAL,TOTAL,828,256007,40385,10598476,255720,10587001,120.89734,5005.04893,0.02416,9437611.0,4845160.0,34765380.0,16417.68383,6806293.0,3214.21962,2034734.0,960.88751,370
371,371,9953,109,2021-03-02,Brazil,TOTAL,TOTAL,1721,257728,59695,10658171,257361,10646926,121.71007,5033.23944,0.02418,9506263.0,4845160.0,36714837.0,17338.29993,7114219.0,3359.63531,2163103.0,1021.50879,371
372,372,9981,109,2021-03-03,Brazil,TOTAL,TOTAL,1848,259576,72899,10731070,259271,10718630,122.58277,5067.66543,0.02419,9548315.0,4845160.0,36792787.0,17375.11122,7417852.0,3503.02366,2321824.0,1096.46356,372
373,373,10009,109,2021-03-04,Brazil,TOTAL,TOTAL,1808,261384,76022,10807092,260970,10793732,123.43659,5103.56624,0.02419,9605983.0,4845160.0,36898125.0,17424.85628,7701146.0,3636.80708,2468014.0,1165.50067,373
374,374,10037,109,2021-03-05,Brazil,TOTAL,TOTAL,1714,263098,72505,10879597,262770,10869227,124.24601,5137.80617,0.02418,9656255.0,4845160.0,36976780.0,17462.0005,7958939.0,3758.54785,2617603.0,1236.14292,374
375,375,10065,109,2021-03-06,Brazil,TOTAL,TOTAL,1490,264588,66904,10946501,264325,10938836,124.94965,5169.40107,0.02417,9686024.0,4845160.0,36992037.0,17469.2055,8142004.0,3844.99889,2688684.0,1269.71038,375
376,376,10093,110,2021-03-07,Brazil,TOTAL,TOTAL,1098,265686,81684,11028185,265411,11019344,125.46817,5207.97571,0.02409,9739464.0,5073647.0,37105304.0,17522.69497,8227671.0,3885.45447,2720738.0,1284.84763,376
377,377,10121,110,2021-03-08,Brazil,TOTAL,TOTAL,1122,266808,36585,11064770,266398,11051665,125.99803,5225.25269,0.02411,9827355.0,5073647.0,37177496.0,17556.78709,8504966.0,4016.4049,2852528.0,1347.08445,377
378,378,10149,110,2021-03-09,Brazil,TOTAL,TOTAL,1951,268759,71294,11136064,268370,11122429,126.91937,5258.92074,0.02413,9878566.0,5073647.0,37258191.0,17594.89469,8764547.0,4138.99004,2991584.0,1412.75258,378
379,379,10177,110,2021-03-10,Brazil,TOTAL,TOTAL,2381,271140,81467,11217531,270656,11202305,128.04378,5297.3929,0.02417,9921994.0,5073647.0,37330968.0,17629.26307,9013293.0,4256.45843,3167810.0,1495.97395,379
380,380,10205,110,2021-03-11,Brazil,TOTAL,TOTAL,2195,273335,77071,11294602,272889,11277717,129.08036,5333.78909,0.0242,9984822.0,5073647.0,37428587.0,17675.36289,9298511.0,4391.15044,3314668.0,1565.32652,380
381,381,10233,110,2021-03-12,Brazil,TOTAL,TOTAL,2122,275457,82471,11377073,275105,11363380,130.08245,5372.73539,0.02421,10047968.0,5073647.0,37655071.0,17782.31822,9547655.0,4508.80678,3470065.0,1638.71156,381
382,382,10261,110,2021-03-13,Brazil,TOTAL,TOTAL,1956,277413,70343,11447416,277102,11439558,131.00616,5405.95433,0.02423,10084820.0,5073647.0,37786476.0,17844.37322,9669967.0,4566.56768,3553762.0,1678.23682,382
383,383,10289,111,2021-03-14,Brazil,TOTAL,TOTAL,1070,278483,43448,11490864,278229,11483370,131.51146,5426.47231,0.02424,10140570.0,5115676.0,37823393.0,17861.80699,9718209.0,4589.3496,3568455.0,1685.17548,383
384,384,10317,111,2021-03-15,Brazil,TOTAL,TOTAL,1334,279817,44314,11535178,279286,11519609,132.14143,5447.39926,0.02426,10196596.0,5115676.0,37907905.0,17901.71714,10087787.0,4763.87997,3675786.0,1735.86172,384
385,385,10345,111,2021-03-16,Brazil,TOTAL,TOTAL,2850,282667,85645,11620823,282127,11603535,133.48732,5487.84445,0.02432,10261154.0,5115676.0,38009513.0,17949.70073,10402388.0,4912.44788,3796406.0,1792.82359,385
386,386,10373,111,2021-03-17,Brazil,TOTAL,TOTAL,2661,285328,88652,11709475,284775,11693838,134.74396,5529.70968,0.02437,10327440.0,5167353.0,38117808.0,18000.84222,10725474.0,5065.02276,3923217.0,1852.70911,386
387,387,10401,111,2021-03-18,Brazil,TOTAL,TOTAL,2724,288052,87926,11797401,287499,11780820,136.03035,5571.23206,0.02442,10384673.0,5167353.0,38237629.0,18057.42676,11055747.0,5220.99165,4031855.0,1904.01257,387
388,388,10429,111,2021-03-19,Brazil,TOTAL,TOTAL,2656,290708,88259,11885660,290314,11871390,137.28462,5612.91169,0.02446,10438487.0,5167353.0,38331495.0,18101.75426,11509501.0,5435.27349,4113848.0,1942.73314,388
389,389,10457,111,2021-03-20,Brazil,TOTAL,TOTAL,2368,293076,73154,11958814,292752,11950459,138.40289,5647.45811,0.02451,10477084.0,5167353.0,38402854.0,18135.453,11739832.0,5544.04554,4143856.0,1956.90419,389
390,390,10485,112,2021-03-21,Brazil,TOTAL,TOTAL,1247,294323,47445,12006259,294042,11998233,138.99178,5669.86365,0.02451,10525118.0,5222718.0,38414595.0,18140.9976,11818482.0,5581.1874,4161881.0,1965.41635,390
391,391,10513,112,2021-03-22,Brazil,TOTAL,TOTAL,1603,295926,55970,12062229,295425,12047526,139.74878,5696.29505,0.02453,10620775.0,5222718.0,38533309.0,18197.05937,12314847.0,5815.59196,4252255.0,2008.09478,391
392,392,10541,112,2021-03-23,Brazil,TOTAL,TOTAL,3147,299073,85208,12147437,298676,12130019,141.23493,5736.53387,0.02462,10669490.0,5222718.0,38602870.0,18229.90902,12817812.0,6053.11332,4339819.0,2049.44621,392
393,393,10569,112,2021-03-24,Brazil,TOTAL,TOTAL,2317,301390,90906,12238343,300685,12220011,142.32911,5779.46353,0.02463,10750131.0,5222718.0,38771509.0,18309.54749,13436373.0,6345.224,4450408.0,2101.67101,393
394,394,10597,112,2021-03-25,Brazil,TOTAL,TOTAL,2654,304044,98261,12336604,303462,12320169,143.58244,5825.86654,0.02465,10808499.0,5430111.0,38845418.0,18344.45045,14102934.0,6660.00232,4552411.0,2149.84115,394
395,395,10625,112,2021-03-26,Brazil,TOTAL,TOTAL,3510,307554,80346,12416950,307112,12404414,145.24002,5863.80932,0.02477,10886792.0,5430111.0,41765747.0,19723.55341,14928869.0,7050.04378,4648917.0,2195.41537,395
396,396,10653,112,2021-03-27,Brazil,TOTAL,TOTAL,3409,310963,81703,12498653,310550,12490362,146.84989,5902.39293,0.02488,10948382.0,5430111.0,41827329.0,19752.63503,15282128.0,7216.86763,4679944.0,2210.06763,396
397,397,10681,113,2021-03-28,Brazil,TOTAL,TOTAL,1582,312545,46958,12545611,312206,12534688,147.59698,5924.56849,0.02491,11004281.0,5430111.0,41879940.0,19777.48017,15513974.0,7326.35513,4702964.0,2220.93865,397
398,398,10709,113,2021-03-29,Brazil,TOTAL,TOTAL,2013,314558,42615,12588226,313866,12573615,148.5476,5944.69309,0.02499,11024911.0,5441421.0,41912110.0,19792.67221,16335279.0,7714.21011,4825484.0,2278.79778,398
399,399,10737,113,2021-03-30,Brazil,TOTAL,TOTAL,3655,318213,86441,12674667,317646,12658109,150.27365,5985.51419,0.02511,11085369.0,5441421.0,41971077.0,19820.51892,16995184.0,8025.84518,4955061.0,2339.98952,399
400,400,10765,113,2021-03-31,Brazil,TOTAL,TOTAL,3925,322138,88725,12763392,321515,12748747,152.1272,6027.41389,0.02524,11181371.0,5441421.0,42090429.0,19876.88199,17745732.0,8380.28571,5093555.0,2405.39225,400
401,401,10793,113,2021-04-01,Brazil,TOTAL,TOTAL,3655,325793,87773,12851165,325284,12839844,153.85324,6068.86402,0.02535,11240213.0,5441421.0,42168722.0,19913.85526,18639028.0,8802.13789,5241777.0,2475.38895,401
402,402,10821,113,2021-04-02,Brazil,TOTAL,TOTAL,2801,328594,69375,12920540,328206,12910082,155.17599,6101.62583,0.02543,11280022.0,5441421.0,42240982.0,19947.97949,18900837.0,8925.77518,5280371.0,2493.61467,402
403,403,10849,113,2021-04-03,Brazil,TOTAL,TOTAL,1909,330503,39355,12959895,330193,12953597,156.0775,6120.21093,0.0255,11327510.0,5479755.0,42250568.0,19952.5064,19222342.0,9077.60345,5353128.0,2527.9736,403
404,404,10877,114,2021-04-04,Brazil,TOTAL,TOTAL,1242,331745,32318,12992213,331433,12984956,156.66403,6135.47285,0.02553,11366672.0,5479755.0,42290951.0,19971.57696,19510333.0,9213.60499,5400335.0,2550.26675,404
405,405,10905,114,2021-04-05,Brazil,TOTAL,TOTAL,1912,333657,42674,13034887,332752,13013601,157.56696,6155.62532,0.0256,11405558.0,5479755.0,42349570.0,19999.25934,20056296.0,9471.43182,5602236.0,2645.61295,405
406,406,10933,114,2021-04-06,Brazil,TOTAL,TOTAL,4068,337725,85132,13120019,336947,13100580,159.48804,6195.82826,0.02574,11459548.0,5479755.0,42419408.0,20032.23979,20850120.0,9846.30911,5885883.0,2779.56306,406
407,407,10961,114,2021-04-07,Brazil,TOTAL,TOTAL,3671,341396,88696,13208715,340776,13193205,161.22164,6237.71426,0.02585,11610627.0,5479755.0,42591815.0,20113.65768,21538484.0,10171.38373,6105595.0,2883.32037,407
408,408,10989,114,2021-04-08,Brazil,TOTAL,TOTAL,4148,345544,88555,13297270,345025,13279857,163.1805,6279.53368,0.02599,11668734.0,5482171.0,42676465.0,20153.63299,22246612.0,10505.79174,6407236.0,3025.76802,408
409,409,11017,114,2021-04-09,Brazil,TOTAL,TOTAL,3752,349296,88110,13385380,348718,13373174,164.95235,6321.14295,0.0261,11725248.0,5482171.0,42741642.0,20184.41233,22693305.0,10716.73908,6851273.0,3235.46108,409
410,410,11045,114,2021-04-10,Brazil,TOTAL,TOTAL,2378,351674,66552,13451932,351334,13445006,166.07535,6352.57162,0.02614,11739649.0,5482171.0,42741642.0,20184.41233,23097172.0,10907.46217,6987492.0,3299.78946,410
411,411,11073,115,2021-04-11,Brazil,TOTAL,TOTAL,1857,353531,39175,13491107,353137,13482023,166.9523,6371.07172,0.0262,11878958.0,5482171.0,42839236.0,20230.50034,23300896.0,11003.66927,7056000.0,3332.14183,411
412,412,11101,115,2021-04-12,Brazil,TOTAL,TOTAL,1711,355242,39650,13530757,354617,13517808,167.76031,6389.79612,0.02625,11897429.0,5482171.0,42869592.0,20244.83573,23910515.0,11291.55716,7405905.0,3497.38178,412
413,413,11129,115,2021-04-13,Brazil,TOTAL,TOTAL,3757,358999,82661,13613418,358425,13599994,169.53452,6428.83215,0.02637,12004591.0,5482171.0,42964671.0,20289.73606,24473138.0,11557.25155,7744067.0,3657.07619,413
414,414,11157,115,2021-04-14,Brazil,TOTAL,TOTAL,3445,362444,74606,13688024,361884,13673507,171.1614,6464.06426,0.02648,12052283.0,5514677.0,42986801.0,20300.18678,24996380.0,11804.34857,8152008.0,3849.7232,414
415,415,11185,115,2021-04-15,Brazil,TOTAL,TOTAL,3491,365935,71183,13759207,365444,13746681,172.80999,6497.67988,0.0266,12123308.0,5514677.0,43050813.0,20330.41596,25478194.0,12031.88153,8572131.0,4048.12306,415
416,416,11213,115,2021-04-16,Brazil,TOTAL,TOTAL,3337,369272,84387,13843594,368749,13832455,174.38587,6537.531,0.02667,12173458.0,5514677.0,43152651.0,20378.50817,25810304.0,12188.71793,9183144.0,4336.66926,416
417,417,11241,115,2021-04-17,Brazil,TOTAL,TOTAL,2877,372149,68565,13912159,371678,13900091,175.74451,6569.91029,0.02675,12212890.0,5514677.0,43172148.0,20387.71548,26085155.0,12318.51421,9518727.0,4495.14576,417
418,418,11269,116,2021-04-18,Brazil,TOTAL,TOTAL,1522,373671,38838,13950997,373335,13943071,176.46326,6588.25124,0.02678,12303538.0,5514677.0,43239204.0,20419.38216,26210282.0,12377.60447,9606862.0,4536.76683,418
419,419,11297,116,2021-04-19,Brazil,TOTAL,TOTAL,1756,375427,36522,13987519,374682,13973695,177.29252,6605.49847,0.02684,12346828.0,5514677.0,43246224.0,20422.6973,26707227.0,12612.28293,10203252.0,4818.40743,419
420,420,11325,116,2021-04-20,Brazil,TOTAL,TOTAL,3347,378774,72643,14060162,378003,14043076,178.87311,6639.80357,0.02694,12425791.0,5514677.0,43364614.0,20478.60607,27184073.0,12837.4698,10725632.0,5065.09738,420
421,421,11353,116,2021-04-21,Brazil,TOTAL,TOTAL,3197,381971,73988,14134150,381475,14122795,180.38287,6674.74384,0.02702,12436210.0,5514677.0,43385777.0,20488.60014,27518053.0,12995.18929,10949701.0,5170.91224,421
422,422,11381,116,2021-04-22,Brazil,TOTAL,TOTAL,2051,384022,48108,14182258,383502,14167973,181.35144,6697.46247,0.02708,12530970.0,5514677.0,43486715.0,20536.26733,27887014.0,13169.42829,11404050.0,5385.47507,422
423,423,11409,116,2021-04-23,Brazil,TOTAL,TOTAL,3042,387064,69281,14251539,386416,14237078,182.788,6730.17989,0.02716,12593957.0,5514677.0,43538104.0,20560.53539,28783905.0,13592.97818,12289199.0,5803.47989,423
424,424,11437,116,2021-04-24,Brazil,TOTAL,TOTAL,2766,389830,63781,14315320,389492,14308215,184.09422,6760.29998,0.02723,12606011.0,5514677.0,43538104.0,20560.53539,28981002.0,13686.05572,12513937.0,5909.61068,424
425,425,11465,117,2021-04-25,Brazil,TOTAL,TOTAL,1334,391164,33641,14348961,390797,14340787,184.7242,6776.18668,0.02726,12614559.0,5514677.0,43539837.0,20561.35379,29041497.0,13714.62402,12585256.0,5943.29054,425
426,426,11493,117,2021-04-26,Brazil,TOTAL,TOTAL,1380,392544,32398,14381359,391936,14369423,185.37589,6791.48639,0.0273,12707500.0,5514677.0,43559085.0,20570.44351,29601947.0,13979.29223,13185252.0,6226.63404,426
427,427,11521,117,2021-04-27,Brazil,TOTAL,TOTAL,3081,395625,75844,14457203,395022,14441563,186.83087,6827.30314,0.02737,12816963.0,5514677.0,43748615.0,20659.9476,30275923.0,14297.57222,14011587.0,6616.8644,427
428,428,11549,117,2021-04-28,Brazil,TOTAL,TOTAL,3012,398637,77279,14534482,398185,14521289,188.25326,6863.79755,0.02743,12854947.0,5514677.0,43775323.0,20672.56024,30748674.0,14520.82525,14631130.0,6909.43883,428
429,429,11577,117,2021-04-29,Brazil,TOTAL,TOTAL,3032,401669,68614,14603096,401186,14590678,189.6851,6896.19999,0.02751,12960529.0,5514677.0,43821152.0,20694.20264,31243694.0,14754.59465,15182494.0,7169.81624,429
430,430,11605,117,2021-04-30,Brazil,TOTAL,TOTAL,2861,404530,72008,14675104,403781,14659011,191.03619,6930.20521,0.02757,13007565.0,5514677.0,43957543.0,20758.61224,31696792.0,14968.5667,15702358.0,7415.31803,430
431,431,11633,117,2021-05-01,Brazil,TOTAL,TOTAL,2240,406770,58292,14733396,406437,14725975,192.09401,6957.73316,0.02761,13044347.0,6199251.0,43991474.0,20774.6359,31830880.0,15031.88873,15832646.0,7476.84553,431
432,432,11661,118,2021-05-02,Brazil,TOTAL,TOTAL,1266,408036,29288,14762684,407639,14754910,192.69187,6971.56419,0.02764,13083550.0,6199251.0,46437617.0,21929.80815,31884404.0,15057.16503,15871209.0,7495.05661,432
433,433,11689,118,2021-05-03,Brazil,TOTAL,TOTAL,1125,409161,38989,14801673,408622,14779529,193.22314,6989.97645,0.02764,13135143.0,6199251.0,46515675.0,21966.67044,32345310.0,15274.82435,16298014.0,7696.612,433
434,434,11717,118,2021-05-04,Brazil,TOTAL,TOTAL,2979,412140,69535,14871208,411588,14856888,194.62995,7022.81382,0.02771,13170561.0,6199251.0,46546245.0,21981.10689,32896171.0,15534.96423,16729966.0,7900.59802,434
435,435,11745,118,2021-05-05,Brazil,TOTAL,TOTAL,2771,414911,76372,14947580,414399,14930183,195.93853,7058.87991,0.02776,13254660.0,6199251.0,46623449.0,22017.56588,33490395.0,15815.58195,17085829.0,8068.65159,435
436,436,11773,118,2021-05-06,Brazil,TOTAL,TOTAL,2536,417447,72290,15019870,416949,15003563,197.13614,7093.01831,0.02779,13285589.0,6199251.0,46675867.0,22042.31988,34271192.0,16184.30734,17353395.0,8195.00758,436
437,437,11801,118,2021-05-07,Brazil,TOTAL,TOTAL,2186,419633,76844,15096714,419114,15082449,198.16846,7129.3073,0.0278,13400075.0,6199251.0,46822608.0,22111.61719,35008550.0,16532.51899,17639265.0,8330.00749,437
438,438,11829,118,2021-05-08,Brazil,TOTAL,TOTAL,2082,421715,61761,15158475,421316,15145879,199.15167,7158.47345,0.02782,13422047.0,6199251.0,46834128.0,22117.05742,35253389.0,16648.14233,17719071.0,8367.69526,438
439,439,11857,119,2021-05-09,Brazil,TOTAL,TOTAL,922,422637,32720,15191195,422340,15184790,199.58708,7173.92522,0.02782,13457400.0,6199251.0,46886139.0,22141.61922,35318058.0,16678.68177,17746066.0,8380.44344,439
440,440,11885,119,2021-05-10,Brazil,TOTAL,TOTAL,1111,423748,36301,15227496,423229,15209990,200.11174,7191.06809,0.02783,13481062.0,6199251.0,46901500.0,22148.87333,35926219.0,16965.88113,18082643.0,8539.38934,440
441,441,11913,119,2021-05-11,Brazil,TOTAL,TOTAL,2245,425993,70106,15297602,425540,15282705,201.17192,7224.17511,0.02785,13592463.0,6199251.0,46933781.0,22164.11779,36523507.0,17247.94581,18389432.0,8684.2681,441
442,442,11941,119,2021-05-12,Brazil,TOTAL,TOTAL,2581,428574,76248,15373850,428034,15359397,202.39078,7260.18264,0.02788,13627986.0,6199251.0,46981303.0,22186.55969,37233983.0,17583.46264,18673182.0,8818.26685,442
443,443,11969,119,2021-05-13,Brazil,TOTAL,TOTAL,2277,430851,80030,15453880,430417,15433989,203.46608,7297.9762,0.02788,13662690.0,6199251.0,47012314.0,22201.2044,37768491.0,17835.87994,18815471.0,8885.46174,443
444,444,11997,119,2021-05-14,Brazil,TOTAL,TOTAL,2187,433038,77914,15531794,432628,15519525,204.49887,7334.77049,0.02788,13703280.0,6199251.0,47041452.0,22214.96459,38320507.0,18096.56526,18993135.0,8969.3622,444
445,445,12025,119,2021-05-15,Brazil,TOTAL,TOTAL,2001,435039,67351,15599145,434715,15586534,205.44383,7366.57648,0.02789,13764520.0,6395973.0,47073060.0,22229.89123,38570631.0,18214.6844,19098015.0,9018.89098,445
446,446,12053,120,2021-05-16,Brazil,TOTAL,TOTAL,1061,436100,37564,15636709,435751,15627475,205.94488,7384.31579,0.02789,13765469.0,6395973.0,47073060.0,22229.89123,38752714.0,18300.6717,19182566.0,9058.81954,446
447,447,12081,120,2021-05-17,Brazil,TOTAL,TOTAL,1085,437185,35598,15672307,436537,15657391,206.45726,7401.12667,0.0279,13862615.0,6395973.0,47116589.0,22250.44746,39284275.0,18551.6973,19430356.0,9175.83646,447
448,448,12109,120,2021-05-18,Brazil,TOTAL,TOTAL,2451,439636,74805,15747112,439050,15732836,207.61473,7436.45276,0.02792,13957814.0,6395973.0,48852865.0,23070.39048,39891922.0,18838.65393,19711703.0,9308.70042,448
449,449,12137,120,2021-05-19,Brazil,TOTAL,TOTAL,2500,442136,80263,15827375,441691,15812055,208.79533,7474.35634,0.02793,14045321.0,6395973.0,48940425.0,23111.74001,40435632.0,19095.41681,19927702.0,9410.70429,449
450,450,12165,120,2021-05-20,Brazil,TOTAL,TOTAL,2511,444647,83387,15910762,444094,15894094,209.98113,7513.73522,0.02795,14084873.0,6395973.0,48986473.0,23133.48583,41089722.0,19404.30579,20207698.0,9542.93026,450
451,451,12193,120,2021-05-21,Brazil,TOTAL,TOTAL,2126,446773,76631,15987393,446309,15970949,210.98512,7549.92362,0.02795,14103800.0,6395973.0,49013934.0,23146.45408,41659039.0,19673.16137,20463645.0,9663.79926,451
452,452,12221,120,2021-05-22,Brazil,TOTAL,TOTAL,1726,448499,67896,16055289,448208,16047439,211.80021,7581.98698,0.02793,14132443.0,6395973.0,49046902.0,23162.02296,41882011.0,19778.45819,20577673.0,9717.64811,452
453,453,12249,121,2021-05-23,Brazil,TOTAL,TOTAL,889,449388,38495,16093784,449068,16083258,212.22003,7600.16595,0.02792,14132443.0,6395973.0,49046902.0,23162.02296,42474538.0,20058.27451,20804283.0,9824.66294,453
454,454,12277,121,2021-05-24,Brazil,TOTAL,TOTAL,862,450250,37480,16131264,449858,16120756,212.62711,7617.86559,0.02791,14190644.0,6395973.0,49072172.0,23173.95652,43008064.0,20310.22807,21090745.0,9959.94242,454
455,455,12305,121,2021-05-25,Brazil,TOTAL,TOTAL,2184,452434,74041,16205305,452031,16194209,213.65848,7652.83089,0.02792,14231991.0,6395973.0,49076549.0,23176.02353,43525933.0,20554.78773,21392652.0,10102.51569,455
456,456,12333,121,2021-05-26,Brazil,TOTAL,TOTAL,2463,454897,80245,16285550,454429,16274695,214.82162,7690.72597,0.02793,14310683.0,6395973.0,49081279.0,23178.25723,44045168.0,20799.99247,21623270.0,10211.42327,456
457,457,12361,121,2021-05-27,Brazil,TOTAL,TOTAL,2101,456998,64531,16350081,456674,16342162,215.8138,7721.20024,0.02795,14455810.0,6395973.0,49353004.0,23306.57728,44530761.0,21029.31004,21832745.0,10310.34623,457
458,458,12389,121,2021-05-28,Brazil,TOTAL,TOTAL,2426,459424,53888,16403969,459045,16391930,216.95946,7746.64843,0.02801,14492701.0,6395973.0,49384362.0,23321.38585,45284397.0,21385.20886,22074895.0,10424.69971,458
459,459,12417,121,2021-05-29,Brazil,TOTAL,TOTAL,1941,461365,75863,16479832,461057,16471600,217.87608,7782.47415,0.028,14540507.0,6395973.0,49403998.0,23330.6588,45604680.0,21536.46004,22157278.0,10463.60444,459
460,460,12445,122,2021-05-30,Brazil,TOTAL,TOTAL,913,462278,41449,16521281,461931,16515120,218.30724,7802.04813,0.02798,14544785.0,6395973.0,49410095.0,23333.53807,45684962.0,21574.3726,22189773.0,10478.94996,460
461,461,12473,122,2021-05-31,Brazil,TOTAL,TOTAL,966,463244,36607,16557888,462791,16545554,218.76342,7819.3355,0.02798,14586009.0,6655234.0,49495703.0,23373.96579,46328168.0,21878.1217,22337479.0,10548.70298,461
462,462,12501,122,2021-06-01,Brazil,TOTAL,TOTAL,2334,465578,78913,16636801,465199,16624480,219.86564,7856.60156,0.02798,14722192.0,6655234.0,49569793.0,23408.95422,46932629.0,22163.57377,22545269.0,10646.83022,462
463,463,12529,122,2021-06-02,Brazil,TOTAL,TOTAL,2508,468086,96278,16733079,467706,16720081,221.05002,7902.06811,0.02797,14765156.0,6655234.0,49631233.0,23437.96879,47852026.0,22597.75194,22833342.0,10782.87048,463
464,464,12557,122,2021-06-03,Brazil,TOTAL,TOTAL,1914,470000,76067,16809146,469388,16803472,221.95389,7937.99016,0.02796,14818184.0,6655234.0,49765330.0,23501.29507,48321463.0,22819.43996,22924029.0,10825.69672,464
465,465,12585,122,2021-06-04,Brazil,TOTAL,TOTAL,1191,471191,43171,16852317,470842,16841408,222.51633,7958.37734,0.02796,14874923.0,6655234.0,49857892.0,23545.00676,48963900.0,23122.8259,22997889.0,10860.57654,465
466,466,12613,122,2021-06-05,Brazil,TOTAL,TOTAL,1670,472861,61667,16913984,472531,16907425,223.30498,7987.4991,0.02796,14944069.0,6655234.0,49878944.0,23554.94841,49491413.0,23371.93987,23095537.0,10906.69005,466
467,467,12641,123,2021-06-06,Brazil,TOTAL,TOTAL,880,473741,40343,16954327,473404,16947062,223.72055,8006.55078,0.02794,15002817.0,6655234.0,49939952.0,23583.75897,49685501.0,23463.59644,23126008.0,10921.07975,467
468,468,12669,123,2021-06-07,Brazil,TOTAL,TOTAL,1149,474890,39716,16994043,474414,16984218,224.26316,8025.30635,0.02794,15022649.0,6655234.0,50029606.0,23626.09738,50381104.0,23792.08961,23232975.0,10971.5941,468
469,469,12697,123,2021-06-08,Brazil,TOTAL,TOTAL,2648,477538,55713,17049756,476792,17037129,225.51365,8051.61639,0.02801,15059712.0,6655234.0,50073330.0,23646.7457,51502554.0,24321.68577,23417559.0,11058.76247,469
470,470,12725,123,2021-06-09,Brazil,TOTAL,TOTAL,2392,479930,84867,17134623,479515,17122877,226.64326,8091.69418,0.02801,15154101.0,6655234.0,50127012.0,23672.09662,52567517.0,24824.60637,23549606.0,11121.12065,470
471,471,12753,123,2021-06-10,Brazil,TOTAL,TOTAL,2505,482435,91244,17225867,482019,17210969,227.82623,8134.78346,0.02801,15211176.0,6655234.0,50191122.0,23702.37207,53577624.0,25301.62164,23665477.0,11175.83984,471
472,472,12781,123,2021-06-11,Brazil,TOTAL,TOTAL,2177,484612,86312,17312179,484235,17296118,228.8543,8175.54364,0.02799,15260459.0,6655234.0,50245852.0,23728.21789,54685737.0,25824.9195,23786177.0,11232.83949,472
473,473,12809,123,2021-06-12,Brazil,TOTAL,TOTAL,1974,486586,73773,17385952,486272,17374818,229.7865,8210.38237,0.02799,15300271.0,6655234.0,50485241.0,23841.26751,55292343.0,26111.38453,23825900.0,11251.59837,473
474,474,12837,124,2021-06-13,Brazil,TOTAL,TOTAL,1120,487706,36984,17422936,487401,17412766,230.31541,8227.84778,0.02799,15401424.0,6655234.0,50801841.0,23990.77943,55617274.0,26264.8307,23848938.0,11262.47789,474
475,475,12865,124,2021-06-14,Brazil,TOTAL,TOTAL,1020,488726,42692,17465628,488228,17452612,230.7971,8248.00875,0.02798,15469067.0,6655234.0,50835875.0,24006.85173,56657381.0,26756.01325,23919957.0,11296.01607,475
476,476,12893,124,2021-06-15,Brazil,TOTAL,TOTAL,2589,491315,83829,17549457,490696,17533221,232.01974,8287.59635,0.028,15519955.0,6655234.0,50893819.0,24034.21534,57910386.0,27347.73524,24030303.0,11348.12612,476
477,477,12921,124,2021-06-16,Brazil,TOTAL,TOTAL,2617,493932,83562,17633019,493693,17628588,233.2556,8327.05786,0.02801,15550260.0,6655234.0,50912256.0,24042.92207,58884922.0,27807.95238,24096851.0,11379.5529,477
