,Unnamed: 0,Unnamed: 0.1,AC,AL,AM,AP,BA,CE,DF,ES,GO,MA,MG,MS,MT,PA,PB,PE,PI,PR,RJ,RN,RO,RR,RS,SC,SE,SP,TO,TOTAL
0,0,2020-02-25,0,0,0,0,0,0,0,0,0,0,0,0,0,0,0,0,0,0,0,0,0,0,0,0,0,1,0,1
1,1,2020-02-26,0,0,0,0,0,0,0,0,0,0,0,0,0,0,0,0,0,0,0,0,0,0,0,0,0,0,0,0
2,2,2020-02-27,0,0,0,0,0,0,0,0,0,0,0,0,0,0,0,0,0,0,0,0,0,0,0,0,0,0,0,0
3,3,2020-02-28,0,0,0,0,0,0,0,0,0,0,0,0,0,0,0,0,0,0,0,0,0,0,0,0,0,1,0,1
4,4,2020-02-29,0,0,0,0,0,0,0,0,0,0,0,0,0,0,0,0,0,0,0,0,0,0,0,0,0,0,0,0
5,5,2020-03-01,0,0,0,0,0,0,0,0,0,0,0,0,0,0,0,0,0,0,0,0,0,0,0,0,0,0,0,0
6,6,2020-03-02,0,0,0,0,0,0,0,0,0,0,0,0,0,0,0,0,0,0,0,0,0,0,0,0,0,0,0,0
7,7,2020-03-03,0,0,0,0,0,0,0,0,0,0,0,0,0,0,0,0,0,0,0,0,0,0,0,0,0,0,0,0
8,8,2020-03-04,0,0,0,0,0,0,0,0,0,0,0,0,0,0,0,0,0,0,0,0,0,0,0,0,0,1,0,1
9,9,2020-03-05,0,0,0,0,0,0,0,0,0,0,0,0,0,0,0,0,0,0,1,0,0,0,0,0,0,3,0,4
10,10,2020-03-06,0,0,0,0,1,0,0,1,0,0,0,0,0,0,0,0,0,0,1,0,0,0,0,0,0,4,0,7
11,11,2020-03-07,0,0,0,0,1,0,1,0,0,0,0,0,0,0,0,0,0,0,0,0,0,0,0,0,0,3,0,5
12,12,2020-03-08,0,1,0,0,0,0,0,0,0,0,1,0,0,0,0,0,0,0,1,0,0,0,0,0,0,3,0,6
13,13,2020-03-09,0,0,0,0,0,0,0,0,0,0,0,0,0,0,0,0,0,0,0,0,0,0,0,0,0,0,0,0
14,14,2020-03-10,0,0,0,0,0,0,0,0,0,0,0,0,0,0,0,0,0,0,5,0,0,0,1,0,0,3,0,9
15,15,2020-03-11,0,0,0,0,1,0,1,0,0,0,0,0,0,0,0,0,0,0,5,0,0,0,1,0,0,11,0,19
16,16,2020-03-12,0,0,0,0,0,0,0,0,3,0,1,0,0,0,0,2,0,6,3,1,0,0,2,2,0,16,0,36
17,17,2020-03-13,0,0,2,0,4,0,0,0,0,0,0,0,0,0,0,0,0,0,0,0,0,0,0,1,0,10,0,17
18,18,2020-03-14,0,0,0,0,0,0,6,0,1,0,2,2,0,0,0,5,0,0,6,0,0,0,2,2,1,9,0,36
19,19,2020-03-15,0,0,0,0,2,0,6,0,0,0,0,0,0,0,0,1,0,0,2,0,0,0,0,1,0,71,0,83
20,20,2020-03-16,0,0,0,0,1,9,5,0,5,0,2,2,0,0,0,0,0,0,7,0,0,0,2,1,4,16,0,54
21,21,2020-03-17,3,0,0,0,4,1,3,0,1,0,8,2,0,0,0,10,0,6,2,0,0,0,2,0,0,12,0,54
22,22,2020-03-18,0,0,0,0,13,9,12,8,2,0,5,1,0,1,1,1,0,3,30,0,0,0,9,7,1,77,1,181
23,23,2020-03-19,1,3,1,0,4,5,8,4,3,0,10,2,0,0,0,9,3,9,3,0,0,0,12,7,0,45,0,129
24,24,2020-03-20,3,2,4,1,3,44,45,3,3,1,9,3,1,1,0,3,1,13,43,5,1,0,12,19,1,110,0,331
25,25,2020-03-21,4,1,4,0,7,16,21,10,2,1,17,4,1,0,0,2,0,7,10,3,2,2,26,17,3,63,1,224
26,26,2020-03-22,0,0,15,0,14,41,9,0,1,0,28,5,0,2,0,4,2,10,67,4,0,0,8,11,0,172,3,396
27,27,2020-03-23,6,1,6,0,8,39,21,7,2,6,45,0,4,1,1,5,0,6,47,0,0,0,19,18,0,114,2,358
28,28,2020-03-24,4,2,15,0,16,21,23,7,6,0,2,3,1,0,1,0,2,10,72,1,2,6,16,23,5,65,0,303
29,29,2020-03-25,2,1,7,1,12,26,34,0,6,0,3,0,2,2,2,4,1,27,65,0,0,0,50,13,1,52,0,311
30,30,2020-03-26,1,0,13,0,17,26,6,8,4,2,20,1,2,6,1,2,0,9,51,5,1,2,28,27,0,191,1,424
31,31,2020-03-27,1,1,14,1,15,45,40,6,10,3,36,3,0,3,4,9,1,19,72,9,0,2,7,14,0,170,1,486
32,32,2020-03-28,0,2,30,1,4,40,19,7,7,2,16,3,2,2,4,11,1,12,65,40,0,4,3,21,0,183,0,479
33,33,2020-03-29,9,3,29,4,29,37,38,11,2,6,26,5,3,2,0,5,5,15,42,0,0,0,30,13,0,45,1,360
34,34,2020-03-30,8,0,11,0,20,23,14,13,3,9,30,8,2,6,3,5,2,8,57,9,2,0,24,22,2,66,1,348
35,35,2020-03-31,0,1,24,2,41,19,21,12,4,21,14,4,7,8,1,9,0,25,51,5,1,0,51,16,1,822,1,1161
36,36,2020-04-01,1,0,25,1,29,44,37,23,8,19,39,3,3,7,3,8,1,44,124,10,0,10,11,12,3,642,0,1107
37,37,2020-04-02,2,0,29,1,21,120,30,19,0,10,56,2,13,8,8,11,0,29,160,14,1,4,70,34,2,525,0,1169
38,38,2020-04-03,1,5,31,7,23,93,19,14,15,7,27,7,3,26,3,30,3,49,82,70,0,7,24,20,3,542,1,1112
39,39,2020-04-04,0,0,51,10,46,87,37,13,15,8,33,2,16,7,2,40,2,94,172,39,1,5,8,55,5,418,3,1169
40,40,2020-04-05,2,5,106,3,65,218,12,28,12,37,68,3,0,4,1,25,0,44,148,31,3,0,50,23,0,154,1,1043
41,41,2020-04-06,2,3,115,7,36,83,17,15,4,39,27,1,16,37,1,22,2,21,67,0,4,0,33,38,0,246,2,838
42,42,2020-04-07,0,3,104,12,25,143,18,18,14,58,34,14,2,31,5,129,5,45,227,8,5,7,54,40,4,816,0,1821
43,43,2020-04-08,8,3,168,56,53,205,6,46,26,43,55,5,12,13,14,49,7,39,250,8,3,3,26,44,3,1026,4,2175
44,44,2020-04-09,4,0,95,21,53,51,18,27,20,21,41,4,18,2,24,154,2,71,278,0,2,11,55,192,1,772,0,1937
45,45,2020-04-10,8,8,82,38,48,113,29,49,12,51,43,8,4,48,6,129,1,34,248,1,4,12,4,24,2,736,0,1742
46,46,2020-04-11,2,3,69,27,24,110,36,34,18,54,52,3,9,20,16,132,3,33,143,26,2,4,13,15,2,203,2,1055
47,47,2020-04-12,5,0,156,44,34,79,26,47,20,47,56,1,2,22,10,144,7,62,248,50,8,4,11,44,0,336,1,1464
48,48,2020-04-13,13,10,69,7,49,189,23,33,4,33,9,12,11,51,25,194,7,18,376,37,0,30,21,50,1,140,0,1412
49,49,2020-04-14,9,14,209,64,53,136,10,94,51,152,69,2,4,74,16,130,17,35,179,23,27,1,35,27,1,476,1,1909
50,50,2020-04-15,2,11,70,34,108,220,37,177,20,65,19,6,13,103,13,200,16,13,333,1,4,28,42,31,2,1672,2,3242
51,51,2020-04-16,14,6,165,20,83,120,39,201,14,102,55,10,5,70,30,199,11,29,201,63,19,22,30,42,5,525,2,2082
52,52,2020-04-17,20,21,90,13,97,335,29,17,17,243,63,12,6,70,10,323,21,42,405,53,18,37,39,36,5,1273,1,3296
53,53,2020-04-18,7,22,88,25,136,315,40,147,43,165,56,18,9,14,31,187,21,73,194,45,18,21,23,13,13,1053,1,2778
54,54,2020-04-19,21,27,147,16,49,246,64,96,15,115,77,7,3,44,9,266,14,42,222,34,32,22,15,50,15,373,1,2022
55,55,2020-04-20,13,12,116,19,128,179,15,17,10,90,35,3,7,217,18,231,28,20,134,13,39,3,35,38,6,313,1,1740
56,56,2020-04-21,19,39,110,31,127,229,38,101,18,194,41,2,0,124,38,218,20,17,407,38,24,33,14,28,25,805,2,2742
57,57,2020-04-22,19,33,209,26,141,400,46,38,17,153,53,2,24,169,44,390,11,38,246,62,0,17,52,24,1,529,0,2744
58,58,2020-04-23,13,81,409,63,200,586,9,102,15,194,25,11,16,72,41,307,39,19,620,46,27,7,69,55,17,826,6,3875
59,59,2020-04-24,7,89,306,93,134,419,44,212,33,154,111,27,20,312,61,394,41,37,110,27,40,41,57,39,10,1086,7,3911
60,60,2020-04-25,24,88,441,41,137,546,8,46,20,118,62,4,6,166,52,508,34,22,546,44,38,56,70,26,9,2178,8,5298
61,61,2020-04-26,21,59,198,132,132,593,105,108,67,187,67,17,3,325,44,391,33,16,283,7,36,6,42,102,21,711,9,3715
62,62,2020-04-27,22,83,95,21,108,523,64,125,43,118,38,4,7,149,90,460,44,30,833,25,29,18,48,139,36,981,12,4145
63,63,2020-04-28,16,134,409,76,208,202,41,220,45,276,63,2,6,100,65,366,46,85,560,229,20,0,94,519,69,2345,37,6233
64,64,2020-04-29,37,180,464,98,112,426,83,374,44,386,109,9,29,267,116,470,59,78,365,91,20,27,70,90,57,2117,21,6199
65,65,2020-04-30,50,88,453,64,191,450,110,150,76,316,69,6,10,413,112,682,87,59,584,120,69,67,109,309,116,2540,27,7327
66,66,2020-05-01,83,181,469,41,273,139,123,225,27,299,108,6,18,360,108,458,65,41,713,69,83,83,90,-290,64,1676,27,5539
67,67,2020-05-02,66,146,339,66,175,309,59,191,17,235,88,5,13,368,135,811,77,46,380,26,69,66,47,242,84,800,55,4915
68,68,2020-05-03,105,69,621,295,251,70,115,104,25,187,95,6,4,193,50,498,42,23,593,29,51,72,24,173,129,598,21,4443
69,69,2020-05-04,75,97,630,251,168,2661,73,143,11,303,229,2,7,342,142,220,91,48,582,115,51,66,78,104,42,415,36,6982
70,70,2020-05-05,84,68,796,198,306,430,44,189,61,498,105,9,22,494,132,462,74,27,670,108,105,63,251,172,126,1866,48,7408
71,71,2020-05-06,126,97,1134,115,261,840,209,174,102,361,153,5,19,768,164,556,102,39,904,95,82,63,81,122,100,3800,72,10544
72,72,2020-05-07,71,164,856,153,227,1578,212,274,3,520,165,23,34,411,192,943,80,31,861,82,155,88,82,165,216,2075,71,9732
73,73,2020-05-08,163,166,628,123,291,1246,184,254,26,856,173,15,45,584,182,763,102,56,1585,98,124,104,311,123,224,1902,79,10407
74,74,2020-05-09,158,139,1198,171,356,745,134,170,16,834,180,20,38,499,125,883,45,75,1188,0,41,78,49,167,150,2581,115,10155
75,75,2020-05-10,112,86,674,120,384,813,106,187,24,545,114,16,17,330,185,805,54,50,133,11,39,88,34,57,183,1033,59,6259
76,76,2020-05-11,13,85,320,58,249,907,117,220,7,382,83,23,26,721,184,493,111,14,877,103,96,5,232,100,29,687,81,6223
77,77,2020-05-12,130,237,1249,239,397,813,180,268,15,586,115,20,59,990,252,541,169,57,547,334,62,116,109,204,232,1588,104,9613
78,78,2020-05-13,104,181,1648,95,344,744,213,314,110,689,298,25,69,1285,268,592,172,93,242,170,152,0,80,95,236,3378,97,11694
79,79,2020-05-14,46,211,1365,423,407,1921,224,412,235,938,217,22,61,1135,316,687,121,68,739,249,74,89,104,504,226,3189,150,14133
80,80,2020-05-15,45,240,1211,202,1174,1982,371,385,145,853,246,27,58,1159,378,621,180,76,520,0,108,89,594,230,374,4092,100,15460
81,81,2020-05-16,82,381,1285,204,186,736,353,397,47,900,278,29,65,826,324,2279,167,105,1614,218,125,117,39,116,267,2805,103,14048
82,82,2020-05-17,130,223,651,118,128,460,228,149,40,746,137,62,44,737,284,964,35,44,637,134,44,85,1,98,208,1162,114,7663
83,83,2020-05-18,237,215,585,71,438,2108,251,413,89,960,84,43,40,1266,439,642,153,74,4427,345,80,91,15,399,223,721,150,14559
84,84,2020-05-19,248,288,1219,287,2132,1749,234,536,99,916,282,29,64,1710,514,1148,197,129,1140,313,370,106,48,238,401,2929,163,17489
85,85,2020-05-20,335,118,1572,239,184,2448,418,802,169,944,309,51,85,1752,538,1318,215,137,2567,264,86,79,1175,86,310,3864,167,20232
86,86,2020-05-21,286,479,1663,639,744,853,271,383,106,1154,310,53,97,1603,400,1351,222,199,1717,191,160,79,500,111,457,3880,229,18137
87,87,2020-05-22,240,386,1671,467,616,3160,406,642,189,1555,399,59,84,2165,644,1849,184,130,1500,348,115,160,445,848,188,3132,225,21807
88,88,2020-05-23,524,328,1764,436,443,549,303,398,91,2424,343,53,92,1428,626,1026,132,162,944,0,335,133,418,149,209,3687,0,16997
89,89,2020-05-24,293,584,1065,262,899,473,387,89,53,1595,330,165,101,690,315,973,160,113,3379,175,92,0,134,89,183,1603,266,14468
90,90,2020-05-25,341,468,415,231,305,590,292,358,27,1492,294,77,130,2551,193,607,170,124,1386,698,67,125,89,179,134,1464,0,12807
91,91,2020-05-26,280,376,1667,383,362,836,280,524,191,1867,554,86,150,2516,903,488,246,183,726,158,225,118,226,141,287,2392,162,16327
92,92,2020-05-27,470,522,1559,652,503,254,551,595,200,1834,495,76,165,1789,1290,1065,277,201,2374,0,369,277,263,356,177,3466,419,20199
93,93,2020-05-28,349,476,2638,533,893,546,539,719,195,2503,675,94,176,3461,923,794,260,273,2488,833,390,139,1186,628,244,6382,0,28337
94,94,2020-05-29,241,563,2763,317,954,574,422,700,420,2138,546,62,177,2164,879,1542,242,259,3067,939,250,201,609,530,306,5691,334,26890
95,95,2020-05-30,231,604,1651,844,709,9427,752,534,88,2019,398,71,151,563,851,1172,186,238,4467,0,241,176,399,250,343,5586,370,32321
96,96,2020-05-31,147,1065,818,289,766,667,306,253,117,658,834,79,72,102,300,1023,188,214,968,649,199,217,90,257,194,2556,195,13223
97,97,2020-06-01,107,549,396,288,506,2015,730,595,291,1328,206,78,151,2053,533,450,387,148,1142,182,230,158,164,461,234,1598,169,15149
98,98,2020-06-02,139,722,1421,621,2532,4179,746,866,469,1549,269,156,181,3638,1164,608,322,335,2202,916,305,293,423,162,322,6999,138,31677
99,99,2020-06-03,214,848,1152,596,1021,1373,764,970,215,2455,1071,123,212,2821,1159,955,236,332,2508,133,237,0,479,374,434,5188,215,26085
100,100,2020-06-04,342,690,2126,444,1012,3739,903,773,401,2684,1024,72,359,3000,1561,1044,653,328,1692,151,745,688,612,499,211,5717,484,31954
101,101,2020-06-05,263,842,1193,776,2956,2381,1285,1215,503,2157,961,135,205,4387,1000,1004,388,539,2134,16,403,407,573,313,377,5365,323,32101
102,102,2020-06-06,241,879,1119,446,977,1399,1642,841,165,2123,944,121,195,0,1208,850,373,259,1467,0,839,291,454,439,395,5984,139,23790
103,103,2020-06-07,458,889,484,272,854,696,773,669,87,944,764,71,245,411,523,881,143,294,3223,1439,409,239,98,280,318,2524,0,17988
104,104,2020-06-08,145,633,548,249,465,1947,325,1040,445,834,180,131,210,3299,641,463,306,134,1743,139,516,288,115,177,437,1520,408,17338
105,105,2020-06-09,329,853,1417,477,1766,2805,1142,1305,634,2698,219,142,261,3066,1501,305,432,289,3480,541,594,291,552,450,399,5545,205,31698
106,106,2020-06-10,289,983,1615,852,2204,2924,1343,1427,444,1439,1399,256,258,2769,1580,925,464,524,1394,1666,630,247,817,402,489,6178,272,33790
107,107,2020-06-11,345,1024,1140,543,1206,2745,1074,1037,394,2172,947,148,330,1746,1338,1059,514,635,1402,310,697,118,549,359,441,6204,215,28692
108,108,2020-06-12,204,831,1122,517,774,1092,889,1074,152,1925,1658,234,298,1177,1186,878,488,249,2009,245,677,130,216,212,478,5380,187,24282
109,109,2020-06-13,239,856,915,639,1123,645,563,509,15,1254,508,198,349,2182,898,799,328,535,1052,382,486,33,243,131,1332,4975,41,21230
110,110,2020-06-14,108,1312,480,190,614,404,912,458,19,991,767,118,369,714,559,590,204,353,736,43,155,6,34,64,1102,5327,165,16794
111,111,2020-06-15,129,763,271,301,1219,3020,813,1183,2481,742,347,234,282,2019,655,246,524,133,1374,998,315,54,777,600,1707,3258,172,24617
112,112,2020-06-16,232,670,1241,1211,1586,2316,1696,1378,1395,2119,296,379,487,2949,1460,920,678,851,2397,478,830,215,1033,442,635,8825,264,36983
113,113,2020-06-17,336,1235,1529,594,1720,3437,1760,1477,940,2024,1323,110,484,2431,1584,1019,540,535,3620,199,557,271,657,613,497,1232,201,30925
114,114,2020-06-18,325,766,1189,769,651,2526,1381,1265,889,1356,1559,392,805,3449,1670,1180,468,834,354,150,237,229,694,558,531,1111,182,25520
115,115,2020-06-19,323,1273,947,535,2345,2309,2381,1460,875,2409,1146,324,559,2809,1716,1094,1246,873,6061,3167,549,387,765,759,470,19030,247,56059
116,116,2020-06-20,276,792,1219,1652,1382,1956,1336,1006,910,1173,1253,247,537,1773,1428,1398,451,889,2159,84,599,83,551,776,641,4135,151,28857
117,117,2020-06-21,118,959,508,266,975,469,989,628,454,386,336,154,514,1366,263,995,212,680,596,667,229,68,210,474,536,3392,123,16567
118,118,2020-06-22,158,738,321,3022,807,1842,921,1281,1181,630,1277,393,494,2616,469,381,793,623,1439,118,646,2152,362,355,399,2788,289,26495
119,119,2020-06-23,271,853,1342,1575,1998,3347,1220,680,929,1332,979,417,747,3072,1746,337,958,729,3297,1769,672,463,1154,1307,499,7502,332,39527
120,120,2020-06-24,212,982,1691,482,2847,1523,1886,1656,1266,1293,1446,322,554,2328,913,1191,853,1110,2624,894,925,1069,1145,1677,470,9347,327,41033
121,121,2020-06-25,282,835,503,496,2360,3540,1617,1923,1097,1611,1426,390,1030,2436,912,1114,943,859,2404,1068,749,1039,1051,1030,728,9765,256,41464
122,122,2020-06-26,340,799,953,247,2130,2152,2455,1246,1064,1773,6122,394,805,2841,2008,668,642,850,2600,447,1098,167,1054,996,827,9921,285,44884
123,123,2020-06-27,269,657,802,239,8822,1794,1440,0,424,1417,2075,220,722,1130,1410,1285,493,1147,306,48,464,1263,886,861,1411,7073,262,36920
124,124,2020-06-28,145,791,627,84,3251,529,2139,2031,300,397,1775,149,559,764,437,1018,595,923,2495,5483,85,118,243,556,1102,6156,131,32883
125,125,2020-06-29,88,805,244,268,972,632,2166,1414,1214,457,1123,289,641,1999,378,369,669,584,585,568,586,182,416,692,396,3408,405,21550
126,126,2020-06-30,107,845,930,239,3840,2258,2147,1796,1531,1482,1137,711,976,2647,1900,382,1637,1551,728,1612,845,512,1282,1298,594,6235,458,39680
127,127,2020-07-01,462,857,1461,435,3178,3555,1458,1928,1235,2805,2583,386,1097,2214,1218,847,1248,1348,2667,998,272,2430,1230,925,1201,8555,232,46825
128,128,2020-07-02,333,509,1246,226,2864,2481,1605,1421,173,2769,3123,326,955,2344,1361,1414,1069,2079,1545,525,447,740,1024,1296,0,12244,282,44401
129,129,2020-07-03,64,1076,1007,421,2965,1792,1715,1447,1184,2189,2644,522,1184,2120,1229,1243,1185,1863,2133,835,271,446,1176,1686,1574,8523,546,43040
130,130,2020-07-04,375,851,1408,235,3171,3153,1764,1135,1024,843,2607,179,793,1280,1541,1095,518,2404,1484,323,716,153,1248,1670,1575,1828,194,33567
131,131,2020-07-05,135,680,69,74,1563,522,2094,569,0,657,2325,164,748,724,422,1672,432,889,852,411,522,26,336,1038,456,7649,164,25193
132,132,2020-07-06,66,634,413,121,1231,1408,2529,1154,1661,537,1343,434,997,1617,418,513,1003,1310,587,841,442,140,446,853,501,2891,364,24454
133,133,2020-07-07,253,955,2740,290,3675,2748,2311,2156,1814,1837,1271,376,1428,2592,1656,509,897,1539,2207,690,643,196,1399,1521,922,9638,436,46699
134,134,2020-07-08,226,798,915,230,3582,3456,1620,2138,1366,851,3138,608,1298,1987,1542,1453,1334,1406,2243,550,503,870,1757,1467,850,8657,405,45250
135,135,2020-07-09,298,869,1236,239,2783,1726,1363,1168,1260,2384,2829,590,1592,1943,1270,1163,1524,1709,1995,1205,335,1066,877,1598,926,8350,664,42962
136,136,2020-07-10,303,768,1189,317,2867,3286,1620,1352,1079,1395,3222,708,1240,2260,1504,1333,1196,2088,1119,362,598,629,1056,1698,1297,9395,430,44311
137,137,2020-07-11,312,674,723,199,3002,1391,1109,1032,567,1680,3727,228,890,780,1303,1270,498,1285,232,717,496,376,1230,1920,1333,7780,193,34947
138,138,2020-07-12,110,697,296,85,1575,789,2306,480,283,554,2038,264,265,795,363,1100,396,1740,9,487,232,402,520,1005,1585,5107,175,23658
139,139,2020-07-13,70,966,886,188,1128,444,1572,1008,777,878,971,473,488,2061,324,431,797,1045,2360,547,322,341,416,784,590,2610,416,22893
140,140,2020-07-14,219,709,1388,333,3138,2203,1370,1332,966,1637,1821,697,639,2264,1354,675,1289,1781,778,312,478,713,1337,2235,946,12000,308,42922
141,141,2020-07-15,193,859,1144,523,2964,2395,1725,1139,1175,1002,3367,699,618,2205,1477,1384,1097,1761,1627,329,389,716,1246,1926,972,6569,641,40142
142,142,2020-07-16,193,870,1081,596,3380,2226,2242,1766,1070,1657,2460,475,1181,2125,1484,1131,515,2281,124,328,737,610,3105,1805,1087,8872,282,43683
143,143,2020-07-17,100,519,797,432,2284,2006,1779,1345,174,1057,2801,201,604,1783,924,1332,1511,1916,657,2149,463,366,1366,1768,662,5367,255,34618
144,144,2020-07-18,237,330,1712,149,1581,908,1763,668,77,909,3604,397,445,537,624,1086,728,2232,0,193,0,94,137,982,1184,4612,564,25753
145,145,2020-07-19,93,496,379,120,1931,406,1249,478,-13,233,2097,234,1838,912,411,943,310,1076,3294,317,0,219,266,805,2171,3022,125,23412
146,146,2020-07-20,167,228,476,440,1123,440,1875,1094,651,581,1160,749,1069,1997,298,663,670,1280,2481,257,684,299,336,1078,816,1385,456,22753
147,147,2020-07-21,238,644,775,260,3552,3254,1789,902,3821,1248,1434,1503,1756,1965,1159,326,1539,1629,4116,973,841,969,2391,2061,1051,6235,496,46927
148,148,2020-07-22,279,729,557,255,6401,3309,1725,1150,3428,1577,3175,782,1502,2109,2128,941,1364,2389,3502,874,2302,978,3233,3081,1030,16777,573,66150
149,149,2020-07-23,178,849,1498,178,5113,1884,2222,855,2741,1757,3827,632,2085,1785,2132,1858,1170,2077,2926,627,1136,942,1768,2726,1257,12561,542,57326
150,150,2020-07-24,236,1184,1205,188,4409,3688,2391,1244,2731,1195,4244,712,1570,1671,1446,1802,1040,2255,3330,247,793,520,2166,2735,1735,11211,955,56903
151,151,2020-07-25,264,1017,670,136,3632,1891,1773,744,1413,880,3281,499,667,540,1173,1710,655,1334,1414,38,700,435,2111,2316,1132,16263,847,47535
152,152,2020-07-26,88,646,369,58,1780,242,2145,603,683,328,2478,288,384,360,430,1714,540,1627,32,331,237,73,661,1397,339,4501,339,22673
153,153,2020-07-27,38,828,616,144,930,343,2148,979,2793,694,1147,641,1518,1793,540,666,967,781,1509,1085,338,414,265,1408,1009,3672,745,28011
154,154,2020-07-28,349,938,1039,333,4204,3274,2246,1288,2570,1403,2927,968,1890,1233,1482,546,1411,1392,1805,679,701,680,2303,3633,1397,12647,666,54004
155,155,2020-07-29,234,982,975,276,4021,3435,1616,1179,2637,1706,2749,876,1809,1501,1723,1858,1236,1527,2008,618,785,459,2149,3230,1205,13896,761,55451
156,156,2020-07-30,207,855,1047,299,4296,2427,2100,1239,2649,1568,4021,649,1684,1335,1210,1837,1279,2568,1995,751,773,561,1977,3903,1470,14809,546,58055
157,157,2020-07-31,52,746,800,196,4524,3097,1850,1406,2350,1399,3691,803,1540,1368,1686,1632,981,2624,1853,1137,585,707,219,3169,1029,13298,522,53264
158,158,2020-08-01,305,1267,837,127,2772,1709,1630,522,571,920,2879,264,1073,232,667,1741,535,1818,1718,288,512,428,3764,2849,1011,10014,1088,41541
159,159,2020-08-02,36,1248,347,44,1550,402,2106,441,356,372,2816,642,289,220,547,1224,231,1675,12,196,389,37,584,1060,311,6367,564,24066
160,160,2020-08-03,373,538,262,165,915,199,2016,960,76,529,942,1033,1716,1772,203,431,1219,1260,839,540,123,6,439,907,444,1533,666,20106
161,161,2020-08-04,371,573,883,195,3999,3004,1880,994,4758,1405,1985,637,1959,2418,1549,432,1275,1853,847,925,1223,1102,2139,3268,590,15371,648,56283
162,162,2020-08-05,323,843,981,319,4348,2477,2042,1034,3393,1572,3933,786,1391,2127,1311,1488,1382,2599,3768,619,782,633,2945,3253,917,9676,1227,56169
163,163,2020-08-06,230,899,804,417,3953,1647,2034,1300,3316,1606,3167,887,1903,1937,796,1074,1290,1952,1385,613,704,611,2274,3224,1742,13405,819,53989
164,164,2020-08-07,113,823,803,229,4202,2463,1903,1380,2456,1781,4495,719,2376,2340,1250,1477,1181,2697,1632,434,665,393,189,2948,0,9709,745,49403
165,165,2020-08-08,122,832,571,175,3508,1726,1921,1223,788,854,3400,637,551,543,776,1241,411,1161,2828,0,476,454,4569,3167,543,13352,560,46389
166,166,2020-08-09,89,865,522,69,1628,349,1233,645,191,436,3204,395,344,509,189,1268,196,1739,326,302,144,62,396,1186,422,5395,626,22730
167,167,2020-08-10,32,624,247,191,1068,385,3012,1278,3419,430,1148,823,1666,1462,284,0,966,1507,1166,2515,362,557,43,993,281,1289,758,26506
168,168,2020-08-11,138,698,908,237,4670,2517,1415,1409,3276,1494,1476,947,1798,2265,1453,601,1321,1570,2547,-211,1096,573,3381,2594,481,11147,719,50520
169,169,2020-08-12,236,816,815,165,4253,1112,1700,1275,3328,1205,3934,1050,1941,1747,1078,1393,1197,1842,3047,-649,593,691,2634,2879,410,15619,643,54954
170,170,2020-08-13,249,878,882,214,3935,2646,1986,1196,3245,928,4430,875,1623,1983,897,1467,933,1882,2475,392,615,627,2511,2631,945,19274,994,60713
171,171,2020-08-14,193,603,975,229,4038,1369,1996,1157,2475,1131,3513,1108,1561,1402,866,1567,1043,2177,1806,196,612,500,2582,3151,415,11667,1075,49407
172,172,2020-08-15,81,844,464,187,3386,714,1848,659,393,956,3086,294,522,959,928,1364,440,1927,723,0,364,226,2303,1818,476,11408,511,36881
173,173,2020-08-16,32,658,671,87,1651,310,1453,815,629,573,2888,589,478,406,445,1185,237,1335,3665,235,185,42,432,879,296,1963,867,23006
174,174,2020-08-17,57,204,351,185,1085,561,2268,1279,2669,555,1313,968,1501,1715,190,225,911,1273,372,409,395,518,130,786,316,3172,989,24397
175,175,2020-08-18,328,763,618,254,3926,1576,1435,1015,3322,1777,2072,988,1770,2141,1274,605,1249,1858,4829,360,691,318,3210,2647,386,8865,987,49264
176,176,2020-08-19,213,439,711,254,3618,1373,1592,1216,2794,1386,3371,820,1695,2022,997,1429,1364,1659,3513,471,798,488,2674,2537,368,9847,954,48603
177,177,2020-08-20,176,482,743,392,3937,1221,1997,1079,1281,1289,3904,510,1480,2393,951,1142,697,2349,2923,53,426,202,177,2222,435,9451,1062,42974
178,178,2020-08-21,15,217,457,272,1147,577,1693,819,2720,1243,3561,1177,1161,1998,845,1072,974,2343,1120,202,367,336,267,1277,343,5132,991,32326
179,179,2020-08-22,328,631,577,156,4461,1932,1675,645,1353,770,2884,610,593,645,680,596,389,2260,3428,0,481,203,4504,1659,407,13284,757,45908
180,180,2020-08-23,54,387,246,89,1846,510,1871,259,606,527,3107,567,353,293,162,1113,266,1111,484,256,426,40,1034,484,220,4885,677,21873
181,181,2020-08-24,10,638,177,134,1158,434,1521,602,3559,495,1306,1259,1668,2027,171,217,791,1045,412,512,370,274,80,1041,134,2351,1127,23513
182,182,2020-08-25,207,399,787,299,3731,1756,3171,697,3083,1026,2816,1035,1763,1955,905,601,1140,1533,2643,281,723,315,2810,2157,320,9190,964,46307
183,183,2020-08-26,183,423,833,428,4082,1732,1563,718,3114,1755,3237,902,1451,1733,1005,1120,1064,1704,2672,451,605,331,3221,1870,296,10465,1194,48152
184,184,2020-08-27,150,438,671,304,2832,1690,1610,753,1821,1247,3969,891,1681,1577,883,1069,873,1833,2523,326,686,307,2331,2078,377,8318,1022,42260
185,185,2020-08-28,193,419,761,340,3124,2185,1317,831,1967,1221,3523,871,1750,1372,707,999,883,2890,0,288,400,302,2424,2054,440,11756,1071,44088
186,186,2020-08-29,139,309,1015,146,3813,856,1346,532,333,751,3100,499,516,925,728,1005,489,2003,3759,0,291,171,3677,4712,241,5213,722,37291
187,187,2020-08-30,37,154,201,121,1272,363,1270,326,436,317,2485,415,244,385,130,943,0,1636,345,257,183,48,66,460,137,1982,321,14534
188,188,2020-08-31,9,167,236,301,665,496,1246,912,2819,403,1507,883,1370,1429,117,445,454,1303,329,243,474,189,1331,30913,111,938,935,50225
189,189,2020-09-01,193,454,623,321,2691,2342,1456,809,2945,1066,2224,825,1664,1451,827,1748,1063,1668,3169,441,615,329,1986,2697,193,10033,496,44329
190,190,2020-09-02,187,292,874,286,2881,1119,1151,755,3451,1787,3267,930,1304,1533,779,1437,797,2035,1532,426,643,298,3662,2048,210,11956,813,46453
191,191,2020-09-03,108,247,727,264,3440,1626,1254,932,3601,1249,2939,831,1116,1322,798,1475,1907,2256,1939,436,207,331,3149,1682,251,11647,1075,46809
192,192,2020-09-04,114,306,667,390,2398,2065,1297,941,2648,1335,3026,922,1201,1573,743,1031,0,1915,2218,405,734,310,2607,2392,201,7038,1062,39539
193,193,2020-09-05,159,359,539,228,2040,74,1405,472,1044,792,3865,163,638,774,605,731,380,1868,258,0,513,162,6268,1765,248,8069,438,33857
194,194,2020-09-06,35,255,85,88,1078,233,1012,333,232,206,2926,634,158,621,143,191,276,1426,71,117,201,116,429,667,109,2637,393,14672
195,195,2020-09-07,26,69,94,93,708,61,1189,288,216,260,1208,238,363,301,33,268,282,779,234,68,171,49,38,449,106,1608,317,9516
196,196,2020-09-08,25,80,318,136,851,411,933,785,2932,853,651,982,1303,1248,154,170,938,1404,321,257,322,203,550,920,125,1453,461,18786
197,197,2020-09-09,174,226,736,252,2274,979,969,692,3890,1076,1852,701,1385,1253,867,989,1006,1076,500,386,637,350,3074,2585,150,7793,1215,37087
198,198,2020-09-10,209,238,701,278,2239,984,923,868,3793,729,4018,2258,1449,1367,768,1040,717,2000,940,359,424,247,3816,1194,265,8178,759,40761
199,199,2020-09-11,127,110,763,136,2182,1174,918,676,3656,1026,3616,367,1683,1227,523,1024,860,2335,5640,167,418,246,2083,1525,259,8055,737,41533
200,200,2020-09-12,144,588,516,124,2156,1054,1097,540,732,482,4041,406,673,721,688,770,311,2245,323,255,324,130,2789,1363,120,7881,327,30800
201,201,2020-09-13,18,202,193,64,852,374,1191,194,599,107,2073,331,243,430,255,259,142,1258,1715,63,122,67,639,681,68,1567,313,14020
202,202,2020-09-14,10,102,275,102,718,350,1084,704,4491,415,1734,889,1450,1512,202,181,675,649,320,289,262,303,1004,895,213,1092,690,20611
203,203,2020-09-15,111,263,743,162,2213,1451,826,722,3094,804,1609,666,1222,1182,740,1016,746,1000,1607,286,514,316,3033,1601,157,7922,546,34552
204,204,2020-09-16,176,388,701,149,2237,1156,1076,736,3676,968,2989,831,1325,958,679,699,712,1510,1764,392,359,234,3433,1441,139,8157,412,37297
205,205,2020-09-17,253,52,650,106,1970,1104,1021,761,3617,729,3406,1023,1263,762,777,757,772,2469,661,333,539,294,3408,1252,218,7393,815,36405
206,206,2020-09-18,226,263,858,229,2364,1440,1075,802,4141,1081,3184,649,1495,985,607,910,618,2123,2955,309,337,396,2968,1232,104,7711,669,39731
207,207,2020-09-19,119,652,1214,137,2191,650,1177,447,927,753,2824,382,617,314,622,807,309,1557,1463,0,202,214,3391,1084,108,7141,256,29558
208,208,2020-09-20,18,558,184,125,1093,291,653,571,540,324,2044,185,369,256,148,475,247,1409,648,254,166,28,637,370,101,3627,121,15442
209,209,2020-09-21,27,212,163,83,693,229,806,894,2575,291,1141,926,1744,864,143,260,738,606,137,242,404,212,572,712,200,2032,729,17635
210,210,2020-09-22,140,288,767,189,1809,1102,794,686,3766,965,2039,652,1070,1382,616,711,675,2184,1710,311,514,377,2136,1360,120,8090,514,34967
211,211,2020-09-23,151,551,726,229,1610,1369,705,735,3465,777,3081,815,1299,1281,553,677,771,1245,1129,298,525,297,1951,1208,160,6551,567,32726
212,212,2020-09-24,159,194,876,152,1833,556,891,762,3035,496,2587,770,1249,1322,519,538,598,1585,3100,274,175,258,1781,1148,250,6267,640,32015
213,213,2020-09-25,154,184,916,141,1810,710,950,897,2463,737,4578,638,1180,1202,567,565,780,1424,1503,171,251,207,1898,1057,124,6681,522,32310
214,214,2020-09-26,149,187,964,88,2128,725,713,457,392,557,2871,258,646,930,597,672,361,2079,182,0,191,230,2004,986,190,5967,194,24718
215,215,2020-09-27,15,170,247,50,850,480,905,470,427,275,2269,233,267,312,52,76,193,1132,2190,272,285,57,397,493,166,1349,155,13787
216,216,2020-09-28,11,99,292,140,593,403,992,604,4788,421,1518,638,1121,1107,204,80,494,839,146,248,178,217,262,482,89,905,0,16871
217,217,2020-09-29,145,156,1256,119,1623,674,812,918,2927,669,2154,743,1350,1274,667,1229,859,1316,1693,420,287,264,2475,1195,108,6377,1138,32848
218,218,2020-09-30,192,330,1362,200,2274,1020,928,776,3381,719,2878,533,948,1294,613,846,763,1600,1084,282,238,232,2319,1217,160,6109,603,32901
219,219,2020-10-01,187,625,914,131,1524,862,882,860,2340,631,3438,589,962,1060,542,701,649,1907,1452,391,350,332,6614,1146,195,6097,402,35783
220,220,2020-10-02,146,246,959,144,1354,469,915,675,2184,593,3475,648,1084,999,464,865,610,1398,4160,452,212,285,3241,1098,144,5608,390,32818
221,221,2020-10-03,107,178,938,73,1307,330,741,719,174,430,3445,247,556,231,408,612,236,1512,1180,0,103,70,2160,911,223,6096,21,23008
222,222,2020-10-04,10,170,245,26,729,271,630,552,644,170,1672,270,258,96,32,68,259,761,126,237,47,0,132,585,193,473,59,8715
223,223,2020-10-05,15,37,191,73,565,11497,554,705,2741,365,1267,553,810,755,177,37,673,330,1637,254,160,82,778,826,185,677,109,26053
224,224,2020-10-06,118,148,998,113,2142,1444,820,849,3266,530,1658,481,1010,1064,674,763,684,1353,2077,855,231,185,1878,1398,145,6260,382,31526
225,225,2020-10-07,13,143,921,149,1834,1377,582,740,2465,712,2908,521,973,882,751,922,588,1570,2024,450,167,244,2331,1210,167,5916,378,30938
226,226,2020-10-08,16,112,875,122,1817,947,823,740,1602,589,2009,544,1070,648,434,597,575,470,2705,102,142,252,1917,1451,265,5649,357,26830
227,227,2020-10-09,183,115,866,130,1412,386,615,769,1770,608,3049,475,765,447,536,678,828,1404,1936,194,156,309,2150,1534,288,5786,344,27733
228,228,2020-10-10,14,137,805,88,1754,1025,762,363,288,357,3050,108,306,13,428,584,317,1532,1327,0,333,197,2009,977,256,6626,88,23744
229,229,2020-10-11,19,36,419,83,993,387,466,471,260,216,1796,164,170,20,164,146,232,1008,268,450,128,22,376,599,395,2844,59,12191
230,230,2020-10-12,13,54,8,38,677,182,377,822,175,125,1031,237,192,38,56,78,313,1831,183,73,33,42,426,795,79,684,74,8636
231,231,2020-10-13,209,74,399,169,693,306,818,946,2033,280,659,485,733,839,140,77,648,718,195,558,153,147,386,395,259,685,355,13359
232,232,2020-10-14,29,128,654,152,2460,862,828,847,2136,484,1346,440,915,684,718,742,868,913,1152,661,267,505,1962,1507,193,6031,360,27844
233,233,2020-10-15,105,110,848,145,1575,1327,728,871,1910,500,2430,546,691,704,665,825,827,1011,1077,2324,219,373,1903,1502,306,6553,351,30426
234,234,2020-10-16,192,86,418,182,1536,1341,790,674,1498,406,3031,464,843,743,576,654,682,1325,3158,189,211,293,1728,1521,192,5627,236,28596
235,235,2020-10-17,95,87,1402,78,1799,73,728,861,88,327,2565,112,386,276,384,403,362,803,129,0,84,162,2129,1832,194,5394,23,20776
236,236,2020-10-18,25,128,411,41,654,857,653,461,0,164,1685,367,166,20,19,106,194,780,1309,1705,0,45,324,394,445,968,130,12051
237,237,2020-10-19,47,35,261,72,881,773,752,1000,2994,494,965,453,554,867,114,101,514,1140,535,165,306,233,1004,1065,476,437,341,16579
238,238,2020-10-20,100,116,938,119,1762,441,556,818,916,475,1459,417,783,989,496,664,672,1213,1208,624,119,217,1674,1557,261,4923,249,23766
239,239,2020-10-21,60,102,1669,212,1221,1405,815,1162,1410,463,2395,350,850,1111,369,624,766,1173,1319,55,199,229,1769,1052,525,4299,252,25856
240,240,2020-10-22,103,101,765,228,1450,624,590,660,2578,461,2657,410,751,1049,317,359,705,1276,1081,123,275,364,1299,2211,313,3678,336,24764
241,241,2020-10-23,93,147,966,146,1861,910,565,1094,1809,517,2029,479,913,1327,494,719,778,1155,1776,204,235,344,2182,2072,268,6702,216,30001
242,242,2020-10-24,96,130,779,106,1488,815,526,505,622,302,1818,302,443,783,433,724,274,1341,2026,0,309,249,3132,1862,239,5614,66,24984
243,243,2020-10-25,87,53,349,53,691,308,608,663,364,175,1798,163,131,636,123,157,175,727,557,210,111,89,0,1108,148,2725,45,12254
244,244,2020-10-26,13,77,344,65,1244,489,776,959,1834,184,708,474,622,1211,135,99,586,702,3366,162,139,231,1597,1391,69,863,271,18611
245,245,2020-10-27,63,130,1050,235,1772,698,629,940,2376,546,1521,495,767,1101,519,878,679,1290,2160,611,287,287,2723,2422,102,5364,337,29982
246,246,2020-10-28,165,113,865,96,1990,725,668,788,1793,332,2278,410,582,956,544,807,657,1360,1766,281,234,264,2298,2652,83,5375,269,28351
247,247,2020-10-29,93,67,1013,352,1566,904,698,1127,1578,341,1915,555,701,1097,252,579,565,960,1345,128,230,269,2708,1937,123,5278,319,26700
248,248,2020-10-30,120,107,838,155,1423,549,622,605,274,373,3745,346,278,530,499,662,526,869,1479,95,145,282,2825,1868,66,4928,144,24353
249,249,2020-10-31,38,118,249,145,457,442,483,985,284,113,0,274,313,161,419,491,255,752,481,0,170,123,1349,2584,89,2339,56,13170
250,250,2020-11-01,155,31,291,325,886,156,211,297,313,90,1020,266,126,149,71,84,228,728,1037,318,223,81,906,1117,36,1020,23,10188
251,251,2020-11-02,3,98,165,153,533,332,180,663,297,69,839,138,214,220,66,62,168,240,294,65,64,136,955,1486,129,648,32,8249
252,252,2020-11-03,8,98,421,179,407,352,566,1069,1166,223,326,417,419,935,93,117,588,784,1781,319,96,165,627,2280,86,749,311,14582
253,253,2020-11-04,256,126,839,0,770,987,453,1018,909,363,1184,177,602,985,579,486,496,1032,0,200,246,515,3208,2814,132,4755,184,23316
254,254,2020-11-05,30,128,671,0,3377,1060,300,1045,1802,332,2201,543,645,770,339,580,799,909,754,129,335,380,1556,2007,101,2637,415,23845
255,255,2020-11-06,78,137,0,0,2006,180,471,1077,960,390,1762,561,668,759,544,1051,701,1641,966,170,197,381,2957,2151,243,0,149,20200
256,256,2020-11-07,249,196,1324,0,1427,801,424,318,254,261,2306,210,386,272,484,649,216,1592,539,0,213,124,2403,2857,173,0,66,17744
257,257,2020-11-08,132,115,270,178,583,297,539,1220,105,97,1347,196,147,202,192,411,407,860,822,220,271,6,710,969,151,0,55,10502
258,258,2020-11-09,81,130,305,320,840,636,472,644,1270,267,1035,381,584,939,87,207,583,1563,405,281,179,78,758,1034,100,0,235,13414
259,259,2020-11-10,138,91,802,244,1955,336,509,1587,1549,394,1491,483,586,878,425,693,617,1039,2378,89,198,313,2920,4886,97,21515,211,46424
260,260,2020-11-11,187,101,715,216,1728,667,423,1029,860,364,2169,438,608,869,611,860,590,1754,1645,154,302,360,3174,2711,69,3421,222,26247
261,261,2020-11-12,402,126,603,266,1590,2482,686,1311,1422,371,1886,653,2768,1073,834,787,517,2199,1785,169,258,210,3590,1730,161,5780,260,33919
262,262,2020-11-13,146,162,507,361,2119,992,533,1359,766,273,2737,521,502,403,468,830,484,9913,623,130,350,260,3071,4805,89,6130,184,38718
263,263,2020-11-14,330,152,569,421,1349,745,700,481,221,180,2036,333,236,254,522,843,232,578,3639,0,383,119,3108,4015,87,4640,105,26278
264,264,2020-11-15,165,116,168,141,1282,1458,280,1089,232,89,1572,176,229,111,82,307,94,793,311,259,201,44,1188,2144,65,1218,92,13906
265,265,2020-11-16,139,46,219,177,712,1008,411,1309,1225,115,591,854,489,446,622,356,200,1676,499,501,286,211,1165,1454,101,737,195,15744
266,266,2020-11-17,180,173,906,226,653,955,628,1687,808,231,1954,689,608,810,608,674,447,2332,2554,236,184,211,3479,5178,127,8698,254,35490
267,267,2020-11-18,250,136,703,270,2071,865,495,1314,1113,385,2324,575,516,780,579,826,515,3054,2387,151,367,244,3853,4210,88,6421,260,34752
268,268,2020-11-19,251,172,957,233,2849,1056,756,1062,1176,320,2586,536,467,875,627,908,579,2684,2118,335,358,308,2719,4605,251,6794,280,35862
269,269,2020-11-20,270,122,740,200,1870,934,554,1603,862,312,2773,917,158,752,633,688,511,2045,2401,920,352,191,3298,6109,235,9058,262,38770
270,270,2020-11-21,189,114,488,151,1781,828,542,583,278,174,2424,785,243,446,650,946,226,3589,362,0,335,94,3683,5888,242,5087,94,30222
271,271,2020-11-22,191,81,131,312,958,305,280,673,74,77,1399,503,85,265,192,472,185,1211,926,994,284,177,923,2818,159,4153,98,17926
272,272,2020-11-23,223,129,303,374,1418,1632,859,1358,831,162,1081,777,528,507,131,428,449,1740,485,208,267,124,843,1753,229,1037,282,18158
273,273,2020-11-24,204,139,799,421,1465,867,496,1789,1390,355,1522,905,725,920,310,781,698,3580,2145,1096,574,275,3096,4115,323,5219,324,34533
274,274,2020-11-25,135,207,719,355,3123,1159,860,1549,606,408,4006,541,760,824,717,1147,418,3820,3162,708,281,189,4569,4933,300,8900,232,44628
275,275,2020-11-26,116,145,916,345,1472,2518,824,1946,808,372,3338,528,587,533,763,553,661,4420,2029,3878,318,154,2312,5998,561,4523,267,40885
276,276,2020-11-27,452,332,928,257,1919,519,884,1773,1795,344,2851,1884,560,813,363,669,520,3726,1324,433,0,59,2476,3420,338,4320,549,33508
277,277,2020-11-28,164,221,658,535,4204,1278,494,1768,142,208,3265,758,230,498,369,2084,1046,3201,5412,1001,977,418,7813,9523,508,4507,203,51485
278,278,2020-11-29,160,246,191,121,2915,544,627,587,80,13,2251,698,103,180,102,449,293,1522,556,1074,290,88,1842,3047,491,2379,163,21012
279,279,2020-11-30,179,125,209,175,1652,1117,444,1072,932,104,1088,1090,565,680,41,565,672,2377,1038,540,483,250,1280,5347,150,1180,340,23695
280,280,2020-12-01,304,168,1065,292,3118,355,976,1972,1743,380,3320,951,744,897,541,1853,746,5239,3628,1036,264,327,4367,8201,238,8937,323,51985
281,281,2020-12-02,183,236,698,427,3228,196,783,1852,1807,333,4500,1134,814,1001,734,1348,664,3223,3415,170,520,275,4854,6076,534,9114,356,48475
282,282,2020-12-03,153,255,879,541,3268,1366,521,1612,1126,437,4635,1197,576,627,746,1431,729,5423,3788,245,411,143,5724,4956,798,8208,344,50139
283,283,2020-12-04,253,255,789,360,4049,700,1355,1667,1256,480,4291,1294,685,792,729,1094,714,3442,2456,488,331,368,5032,6174,75,8237,305,47671
284,284,2020-12-05,125,402,706,302,2310,575,595,1843,147,220,5223,496,385,504,709,1518,445,2860,2626,0,344,220,4766,3851,61,8938,111,40282
285,285,2020-12-06,44,332,331,124,4080,197,355,1310,73,66,3011,23,203,502,673,765,470,1239,808,988,501,110,2234,2586,2597,2675,133,26430
286,286,2020-12-07,107,152,207,216,1580,3633,645,1890,1201,135,871,1989,613,670,604,746,641,2710,301,281,483,69,1534,3503,723,1116,404,27024
287,287,2020-12-08,128,189,955,214,3330,895,1104,2418,1577,368,2614,1314,762,799,586,1236,623,4591,3377,1014,567,134,4114,6312,319,7923,333,47796
288,288,2020-12-09,116,275,438,318,3752,2900,842,2419,1285,369,4080,1236,948,1046,737,1133,618,5069,3331,1374,446,377,4861,5628,853,9784,356,54591
289,289,2020-12-10,230,314,821,296,4876,1693,792,1524,2175,488,4484,1550,742,792,761,1588,534,3981,3560,1144,514,379,4435,5121,644,9786,326,53550
290,290,2020-12-11,248,386,843,543,3883,913,831,2076,1136,402,6173,1541,856,742,889,1945,559,5059,3298,519,334,247,5163,4292,572,8791,309,52550
291,291,2020-12-12,213,229,342,278,2920,0,689,1720,0,158,5008,422,424,672,594,1363,288,4379,3489,561,157,186,3557,5051,910,8601,113,42324
292,292,2020-12-13,49,435,554,271,1196,1262,462,820,0,50,3478,683,240,442,93,258,175,2483,694,913,444,47,3891,1306,679,940,164,22029
293,293,2020-12-14,216,316,451,288,2465,745,1036,2414,864,211,980,650,737,953,268,362,347,2376,768,559,264,61,2303,4649,602,2313,182,27380
294,294,2020-12-15,84,310,651,388,4114,3308,737,2400,1908,417,4222,1981,946,1052,817,734,530,7537,1457,1255,791,59,3358,3497,618,4412,449,48032
295,295,2020-12-16,226,773,988,314,4866,696,531,2989,2021,463,4472,1391,1048,1120,1388,2071,654,20197,4036,277,488,403,6453,7077,777,0,405,66124
296,296,2020-12-17,228,296,894,246,4920,1206,899,2292,1236,353,5672,1076,914,935,1274,1646,604,6389,3493,556,466,207,6112,5538,558,20303,386,68699
297,297,2020-12-18,175,312,1156,203,3057,970,913,2139,782,343,5565,1316,871,858,1053,1765,580,4494,3601,747,547,175,5721,5160,104,9922,324,52853
298,298,2020-12-19,528,359,706,357,3920,645,622,1887,55,251,5253,1066,469,498,660,1746,337,3574,1180,711,412,70,5061,4013,1232,12447,183,48242
299,299,2020-12-20,127,307,302,106,1657,435,409,1496,0,11,3485,726,256,486,327,418,208,1660,3160,1385,225,102,2157,3909,913,0,217,24484
300,300,2020-12-21,253,158,351,207,1517,953,1000,1679,1218,93,1827,1342,917,919,203,709,434,2282,755,771,586,155,2039,2488,471,3943,375,27645
301,301,2020-12-22,65,302,1217,290,2688,990,629,2340,1196,337,4201,1652,1030,930,972,1946,582,6102,3794,1488,1202,223,6206,4671,592,10714,306,56665
302,302,2020-12-23,85,433,862,226,3090,635,525,1734,1205,219,6519,1402,1061,883,928,1915,545,3293,2975,912,739,198,98,3796,655,10383,363,45679
303,303,2020-12-24,239,391,999,194,2598,621,552,1744,272,152,5969,1291,567,429,610,1457,215,9793,4199,1058,525,88,10433,3001,1223,9351,240,58211
304,304,2020-12-25,85,258,401,89,1211,692,329,740,97,80,4030,290,254,18,231,1109,317,1586,603,274,282,42,2102,1481,825,3596,161,21183
305,305,2020-12-26,13,298,201,72,1349,33,650,1448,170,57,2113,1097,196,531,727,387,251,1223,929,0,206,27,2147,1561,445,1253,149,17533
306,306,2020-12-27,164,426,429,431,1624,117,615,610,63,84,1217,223,305,495,308,603,253,1572,994,600,188,31,823,1705,777,2836,121,17614
307,307,2020-12-28,110,197,318,425,748,1914,1193,3517,1890,93,1110,1366,748,1086,578,442,509,2835,605,955,892,68,638,2182,1058,1576,384,27437
308,308,2020-12-29,222,371,1447,256,3206,1090,721,1698,1291,344,4995,1581,1275,805,423,1778,693,4036,4585,1165,687,146,6217,3806,803,12477,253,56371
309,309,2020-12-30,123,380,1369,297,2847,1921,678,2676,1154,185,6391,1330,1142,828,1010,2512,721,3896,2114,1186,681,180,5754,3134,931,11849,311,55600
310,310,2020-12-31,265,319,1443,499,2862,3085,566,1324,270,189,6865,989,741,262,1058,1882,507,3939,6275,271,694,21,5462,3514,770,10219,178,54469
311,311,2021-01-01,69,273,561,160,1284,512,376,1020,81,21,3975,611,208,5,578,827,31,1757,742,339,270,148,2238,1864,1039,3894,56,22939
312,312,2021-01-02,252,270,293,80,602,70,797,973,129,17,2418,556,242,203,553,332,279,1292,214,0,434,17,1008,2077,372,1762,111,15353
313,313,2021-01-03,105,353,546,127,722,189,481,1405,134,41,1370,333,434,214,429,215,162,1700,135,497,473,72,1837,821,769,3469,157,17190
314,314,2021-01-04,71,318,559,207,815,212,955,1466,1613,76,1432,1320,1542,1215,135,305,549,1726,3606,841,291,82,569,1565,951,2248,370,25039
315,315,2021-01-05,53,378,1928,321,3077,2068,1565,2496,1057,162,4588,1582,796,1313,366,1491,657,4748,4262,819,657,151,5283,3875,1143,12881,366,58083
316,316,2021-01-06,208,471,2192,373,3038,1269,0,1684,1631,199,9515,1311,2072,1222,1101,1604,527,3084,4482,604,957,146,4728,4112,1039,14534,404,62507
317,317,2021-01-07,100,398,1706,405,2980,1889,807,1646,1808,187,5450,1186,1086,1071,965,1511,613,32436,4669,1158,784,135,4801,4432,1227,14073,446,87969
318,318,2021-01-08,336,349,2342,470,2777,1686,673,2029,1289,104,7812,1116,1368,1409,936,1250,782,5064,1517,1210,748,179,4779,3880,1217,13794,470,59586
319,319,2021-01-09,94,481,1856,332,2497,790,798,1187,314,170,8399,831,920,1047,714,1190,259,3266,5591,0,681,92,3584,3596,960,11561,183,51393
320,320,2021-01-10,219,433,965,226,1649,325,658,1347,311,30,4443,455,240,624,515,1146,471,1640,1061,748,564,53,1979,1772,1372,5619,162,29027
321,321,2021-01-11,219,278,2151,385,915,233,986,2052,2291,105,2696,997,1747,1387,523,719,523,1670,634,834,930,103,1582,1901,1242,3010,634,30747
322,322,2021-01-12,86,499,1958,402,2105,2283,1000,1895,2180,264,7826,1095,1247,1500,219,1482,835,11400,3589,212,1280,198,3695,3546,440,12702,486,64424
323,323,2021-01-13,353,401,1474,360,3094,1394,659,1772,2116,260,8319,1106,1760,1017,681,1803,819,494,4287,1366,939,260,5223,3365,666,15275,564,59827
324,324,2021-01-14,283,392,3816,373,4113,1659,766,1818,2066,265,8694,1166,1875,1491,1028,1412,688,5811,4211,974,1215,129,4605,3949,1262,13710,558,68329
325,325,2021-01-15,88,460,3151,402,5471,1160,706,1990,1691,317,9120,1316,1406,1416,770,1702,672,4851,3396,1734,1380,277,5207,3698,1145,15016,555,69097
326,326,2021-01-16,465,396,2856,389,5832,2248,828,1478,241,178,7831,767,1050,590,838,1450,351,3531,4067,15,841,196,4229,3306,366,13774,332,58445
327,327,2021-01-17,146,475,1277,204,3401,0,471,995,135,89,6812,446,562,290,1008,482,222,1563,947,1025,883,117,1864,1403,680,5720,199,31416
328,328,2021-01-18,8,281,1790,209,2548,2138,1047,1853,1909,158,2482,1082,1128,1247,0,322,592,1113,373,395,1275,167,1173,1644,459,2933,607,28933
329,329,2021-01-19,433,373,1537,419,4004,868,612,1682,2285,383,5865,1031,1991,1569,238,1635,786,4858,4375,1329,1041,219,4285,3133,651,15953,594,62149
330,330,2021-01-20,221,379,5009,265,4991,1419,620,1387,1880,336,7429,1064,1609,1487,1272,1770,774,3767,4015,899,1096,132,3945,3057,781,14411,462,64477
331,331,2021-01-21,300,378,2202,225,4455,1274,834,1618,1378,467,8831,889,1428,2057,1111,1985,626,3127,3306,846,1310,157,4025,2731,737,12118,535,58950
332,332,2021-01-22,258,351,3975,339,4130,1295,1054,1952,2208,298,9593,962,1599,1700,1309,1714,708,3578,669,892,1422,387,3054,2838,812,9005,503,56605
333,333,2021-01-23,252,457,3404,180,4566,1378,956,858,219,331,8873,487,986,901,1134,1652,257,3127,5389,38,933,186,3815,2626,502,14596,195,58298
334,334,2021-01-24,190,507,1152,195,2854,1616,821,800,79,85,4171,252,341,768,819,537,361,1821,1017,1250,968,149,863,1201,492,5072,138,28519
335,335,2021-01-25,110,667,1222,151,1423,1673,1148,1551,2744,140,2697,1047,916,1349,1181,589,426,1870,234,616,996,194,905,2407,826,2867,581,30530
336,336,2021-01-26,235,547,3525,241,3349,1149,1056,1155,1917,299,5707,582,1563,2396,1126,2124,726,6829,4160,831,1239,265,3994,2781,348,12959,505,61608
337,337,2021-01-27,345,563,3146,299,3970,933,1052,1246,2866,370,8392,791,1659,2272,1213,2068,594,3272,3517,462,1669,317,3802,2949,553,16041,411,64772
338,338,2021-01-28,342,433,1852,371,3645,1523,1174,1169,2213,390,8318,750,1508,1719,1044,1494,306,4491,3678,828,970,416,3411,2564,829,14776,546,60760
339,339,2021-01-29,475,394,2116,377,4173,1055,1087,1613,2362,465,6000,742,1821,1519,1125,1748,809,3116,4077,955,1225,255,3342,3428,895,13887,442,59503
340,340,2021-01-30,411,514,4420,196,4078,0,884,642,183,270,8001,398,1050,506,1065,1954,439,3862,3862,0,757,206,3209,2512,519,13067,109,53114
341,341,2021-01-31,120,481,1400,157,2148,3311,538,1099,289,73,4518,350,415,180,1104,621,267,1903,237,968,706,149,574,1199,618,4344,131,27900
342,342,2021-02-01,353,452,1323,363,1128,1413,797,1230,1670,161,1779,849,1003,1677,1014,445,451,2652,2031,566,949,103,780,1735,770,2354,442,28490
343,343,2021-02-02,229,521,2460,325,3536,1604,409,1282,2230,549,4707,783,1694,1889,867,1977,511,4319,3278,413,1154,338,3255,2802,424,14297,425,56278
344,344,2021-02-03,498,347,2685,260,3370,1563,656,1120,1645,526,5947,689,2135,1652,1054,1627,696,2466,3249,803,947,255,3036,3185,612,12990,401,54414
345,345,2021-02-04,397,370,2689,224,3295,1362,430,1463,2076,361,10052,622,1202,1749,963,1650,388,3287,2852,0,1030,328,2772,2891,388,13932,334,57107
346,346,2021-02-05,178,570,2238,210,3357,1440,624,1505,2216,246,5441,827,1362,1594,1060,1487,812,2846,2757,53,1159,204,3415,3021,394,12222,452,51690
347,347,2021-02-06,332,427,2965,223,3270,1604,573,1132,210,273,4649,412,626,623,918,1451,257,3447,2690,888,851,220,3166,2723,267,11923,190,46310
348,348,2021-02-07,92,239,985,153,1884,0,403,993,97,174,7050,350,416,603,664,864,232,1561,162,1884,419,108,510,1575,351,4248,145,26162
349,349,2021-02-08,148,451,919,191,1809,2222,544,886,2025,239,2104,1037,1750,1777,611,741,450,1444,2101,491,995,223,493,1205,841,2442,447,28586
350,350,2021-02-09,575,458,1442,284,3584,2265,525,1119,2346,522,3972,846,910,1432,971,1736,410,3929,1009,957,946,284,3707,2785,609,13201,393,51217
351,351,2021-02-10,410,422,2744,230,3450,965,578,1570,2171,514,6466,822,1194,1881,1140,1531,665,2450,5985,975,870,309,5596,3096,828,13825,421,61108
352,352,2021-02-11,493,466,2205,331,3253,2808,545,1534,1788,591,6504,700,1173,1783,1130,1643,696,3461,2033,571,714,337,3333,3350,499,11167,496,53604
353,353,2021-02-12,376,508,2445,356,3636,0,512,1436,1570,559,5554,818,1359,1354,1137,1380,461,2591,2768,0,838,228,3173,3361,437,11605,480,48942
354,354,2021-02-13,372,626,1828,183,3587,2793,595,776,396,517,5352,396,1032,463,830,1805,538,3158,2158,0,249,259,3506,2755,656,9837,189,44856
355,355,2021-02-14,107,670,632,154,2584,1256,537,588,376,154,3184,395,215,485,641,891,241,1144,795,8797,819,71,1322,1865,536,2187,77,30723
356,356,2021-02-15,428,749,925,135,1796,1589,738,515,1985,213,1446,911,1063,1223,995,803,491,1406,706,214,781,166,969,2277,648,2316,320,25808
357,357,2021-02-16,135,632,1808,277,3849,12060,561,407,965,391,3049,574,1375,667,818,1582,513,8000,8385,277,749,371,1897,3757,417,11496,272,65284
358,358,2021-02-17,302,650,1808,271,3733,0,583,929,1818,580,5159,833,1710,1134,1014,1927,522,4060,587,380,1117,326,1922,3529,464,11302,565,47225
359,359,2021-02-18,238,626,2141,259,4017,0,645,1062,1767,420,5547,871,1542,1564,1331,2226,779,3040,2415,1297,955,428,4125,4659,279,10747,499,53479
360,360,2021-02-19,432,389,1950,219,4140,-1582,864,1634,1831,745,4989,1007,2304,1551,1191,1358,783,3632,2256,0,1007,622,4197,4482,429,11105,622,52157
361,361,2021-02-20,181,502,1664,185,4100,1719,748,1254,183,634,9604,431,373,541,1349,1132,279,3858,2250,421,497,162,4212,4577,333,10859,323,52371
362,362,2021-02-21,43,349,753,144,1851,2215,843,1175,192,85,3274,429,314,617,1004,944,257,2982,573,1293,513,212,1717,2539,427,4504,236,29485
363,363,2021-02-22,183,309,1161,360,2146,997,951,1073,2864,268,2062,1185,1074,1850,941,689,633,2099,859,535,863,279,2029,2856,346,2550,684,31846
364,364,2021-02-23,622,545,2147,228,5025,2588,582,1371,2697,437,5386,1092,1764,1694,980,1724,677,6275,409,973,1099,375,5777,6177,255,12077,609,63585
365,365,2021-02-24,290,399,1608,262,4398,2298,1361,1447,2707,655,5696,894,1859,1340,1320,1566,636,4467,3908,1289,1243,451,7194,4878,450,12086,684,65386
366,366,2021-02-25,376,472,1420,194,4917,3579,1068,1413,2642,854,9043,914,1975,1859,1594,1202,857,5646,1935,1544,999,358,5446,4754,560,11889,769,68279
367,367,2021-02-26,474,669,1572,217,4563,2413,1129,1183,4190,279,6728,928,1525,1428,1186,1723,765,4543,424,0,951,495,7188,6050,405,11596,771,63395
368,368,2021-02-27,606,483,1688,226,6520,1817,704,1089,328,798,5654,542,557,727,1416,1455,401,5248,2622,590,622,273,6977,5112,491,11142,330,58418
369,369,2021-02-28,197,680,489,158,3133,1912,1079,990,202,74,3821,453,363,768,1392,616,317,3688,880,1801,773,77,1928,1792,878,4361,543,33365
370,370,2021-03-01,360,499,580,222,2020,1803,2142,1210,2736,325,4400,1124,1639,1202,1144,629,538,3204,751,766,741,91,2748,4974,592,3071,874,40385
371,371,2021-03-02,187,456,1576,292,3397,1870,563,1086,3902,821,3975,1012,1255,1697,910,1330,1004,6174,1825,1244,1675,395,6006,5814,364,10168,697,59695
372,372,2021-03-03,425,519,704,306,5329,3970,1520,1042,4025,579,6565,995,1929,1570,1118,1613,799,4699,2180,870,1375,485,7831,7209,619,13749,874,72899
373,373,2021-03-04,378,577,924,325,5985,3769,1266,1685,3445,852,7890,771,2748,1347,1385,1685,958,5400,1894,1673,1548,355,9940,5674,496,12236,816,76022
374,374,2021-03-05,616,623,2355,257,5607,3561,1500,1562,2181,597,7334,1190,1486,1261,864,1588,1232,5670,2251,0,1360,293,9127,5853,549,13072,516,72505
375,375,2021-03-06,570,530,1383,310,4525,2737,1692,1324,76,720,7336,542,814,553,1440,1664,765,8598,560,0,827,101,9599,5633,144,13763,698,66904
376,376,2021-03-07,218,617,493,203,3105,2392,874,673,908,288,6368,652,356,602,1218,300,284,45020,1697,2636,704,23,2671,1741,1209,6051,381,81684
377,377,2021-03-08,368,541,461,301,1413,1929,2288,1331,3574,333,1999,888,2294,1288,1012,373,887,2026,762,1187,1341,0,2559,1576,725,4224,905,36585
378,378,2021-03-09,65,652,1610,467,4650,2737,1008,1364,3176,547,3830,1237,1789,2120,1200,1319,1085,5400,2172,1436,1141,53,11806,2986,382,16058,1004,71294
379,379,2021-03-10,400,580,1349,328,5499,3046,1551,1472,4320,965,10409,934,1852,2145,1365,1582,1090,8345,2436,1466,1721,987,10403,-110,597,15541,1194,81467
380,380,2021-03-11,273,726,1240,421,4975,5457,1858,1882,4322,838,7745,1104,2104,1728,1483,1669,1409,4330,2094,1251,1613,333,6847,5501,252,14505,1111,77071
381,381,2021-03-12,315,864,1247,384,5124,5749,1565,1510,2713,984,9912,1199,2057,1288,1365,1566,1133,5664,2505,0,1227,330,10017,6653,195,15720,1185,82471
382,382,2021-03-13,623,712,1162,313,4482,4192,1660,1345,1801,848,7421,717,553,660,1694,1631,652,6229,2281,0,701,195,9281,4460,716,15344,670,70343
383,383,2021-03-14,288,697,596,255,2916,1970,1699,974,1616,407,7490,536,467,832,1256,1104,257,3852,268,538,692,89,3107,2401,549,7853,739,43448
384,384,2021-03-15,320,1048,541,316,1163,3285,2056,1779,4310,416,3215,1212,2556,1832,1025,921,796,2143,1086,1038,1493,166,1978,2341,1057,5259,962,44314
385,385,2021-03-16,438,1154,1299,755,4608,6093,1429,2426,3703,669,6093,1447,2275,2424,804,2482,1063,5823,1081,1016,1960,360,9331,7547,516,17684,1165,85645
386,386,2021-03-17,343,794,824,704,4749,3850,1321,2146,2867,1579,11045,1254,2115,2914,1194,2245,1155,5461,4093,0,1624,301,9619,5764,1468,17942,1281,88652
387,387,2021-03-18,513,1074,962,775,4584,4303,1890,2261,3257,799,11372,1222,3417,2801,1403,2139,1270,6469,2950,680,1203,349,7206,5440,810,17492,1285,87926
388,388,2021-03-19,644,977,1957,480,4448,4825,1507,2105,2168,834,10975,1108,1837,2627,1269,2211,1460,8146,2354,0,1381,322,9186,4947,877,18673,941,88259
389,389,2021-03-20,397,1007,1025,438,4518,2981,1739,2281,575,1056,9890,1043,1633,922,1300,2107,941,4758,944,0,948,200,8518,4189,1062,18028,654,73154
390,390,2021-03-21,171,1063,674,495,1698,1370,1080,1642,849,379,9593,663,628,605,818,1016,625,2146,2763,2092,1140,95,2515,3103,1326,8265,631,47445
391,391,2021-03-22,513,423,460,452,1598,12619,1854,2312,3557,492,2739,1265,3130,2694,930,677,948,3224,1469,1633,1020,217,1789,3353,701,4775,1126,55970
392,392,2021-03-23,331,540,1275,649,4061,151,1397,2136,5265,1011,3897,1616,3019,2830,1140,2172,1651,7344,3201,1635,1445,291,8491,6757,1119,20942,842,85208
393,393,2021-03-24,454,574,1183,578,4830,3578,1195,2267,4762,1186,13796,1256,2132,2697,1154,2738,1149,5562,2892,1057,1526,301,7540,4302,800,20395,1002,90906
394,394,2021-03-25,548,701,1165,596,4237,1808,1805,2492,4548,1210,13925,1527,2738,2858,1672,2786,1505,11331,2980,2314,1170,249,6133,7486,922,18447,1108,98261
395,395,2021-03-26,485,669,1091,682,4738,0,2141,1726,3512,1035,14062,1507,2346,2455,1611,2227,1621,4699,3179,0,1497,273,1103,4165,955,21489,1078,80346
396,396,2021-03-27,798,724,1112,433,3185,6249,1636,2327,645,639,11558,1280,1396,759,1410,2157,1232,5037,2769,0,999,136,12122,3494,848,18124,634,81703
397,397,2021-03-28,167,734,474,249,2956,4380,1236,1550,734,237,7036,1137,757,620,1203,771,713,3150,1986,1958,798,48,2233,1535,440,9602,254,46958
398,398,2021-03-29,163,386,510,550,1068,4046,1592,1865,3155,193,3112,1450,2205,2244,968,390,1228,2828,787,1599,885,0,1377,2685,1185,5220,924,42615
399,399,2021-03-30,198,656,1490,711,3924,3752,1353,3532,4758,1431,8206,1729,3075,2537,1150,2233,1547,3282,3500,1024,883,361,7063,4922,807,21360,957,86441
400,400,2021-03-31,554,624,1313,632,4235,4586,1253,2868,3029,824,12020,1859,2846,2849,1553,2431,1626,3059,3121,0,1860,328,6310,3931,907,23169,938,88725
401,401,2021-04-01,331,709,1165,502,4797,4185,1318,1994,965,1319,11943,1502,2338,1594,1311,2987,1206,5234,4039,185,1066,256,4840,3858,982,26567,580,87773
402,402,2021-04-02,863,620,830,280,3347,3660,1191,1745,851,620,11722,898,1034,476,1227,1779,1137,4569,1290,1076,1013,167,7780,3084,775,16762,579,69375
403,403,2021-04-03,211,991,746,280,1986,1853,1814,1614,712,223,5948,1037,764,553,789,985,900,2043,3935,574,648,74,1253,1242,904,7026,250,39355
404,404,2021-04-04,95,429,448,294,1855,2742,1088,767,1414,191,2909,831,614,696,1081,635,969,1037,1301,1703,323,21,883,1427,1040,7196,329,32318
405,405,2021-04-05,173,283,664,339,2073,7422,1388,2284,2945,241,2604,1484,2167,2513,1059,709,1505,1436,797,1046,675,211,788,1344,977,4647,900,42674
406,406,2021-04-06,90,808,953,471,3581,5093,904,2501,4054,770,10450,1488,2724,2676,817,2179,1312,4253,1670,978,1314,183,7666,4068,512,22794,823,85132
407,407,2021-04-07,460,739,1098,584,3712,0,1139,2562,3887,900,13358,1295,3213,2756,1551,2965,1480,4490,5118,1683,1321,271,6860,3908,693,21521,1132,88696
408,408,2021-04-08,523,753,960,380,3451,11306,1610,2626,2743,442,9203,1234,1708,2750,1171,2884,1213,4805,5182,1882,1508,266,3813,3584,829,21004,725,88555
409,409,2021-04-09,494,689,1172,276,4283,5086,1742,2460,2711,640,16479,1201,2550,2706,1272,1992,980,3911,3820,0,1132,314,6886,3390,702,20701,521,88110
410,410,2021-04-10,378,614,737,247,3213,3703,1203,1736,547,732,12109,992,1356,713,1480,2354,1320,3610,3574,521,738,166,4409,1378,1098,17311,313,66552
411,411,2021-04-11,150,1228,535,183,3433,3980,1361,1436,508,954,5180,770,759,446,394,787,713,1872,1053,2079,616,67,996,236,1001,8156,282,39175
412,412,2021-04-12,188,149,489,269,1581,2752,1002,1196,3709,1435,2841,1322,1984,2699,1486,738,970,700,703,0,889,250,533,4687,846,5310,922,39650
413,413,2021-04-13,394,714,995,309,4104,6167,899,1540,3702,808,7313,1338,2543,2241,1272,2531,1281,6617,4401,1610,1319,413,6427,3326,1059,18397,941,82661
414,414,2021-04-14,526,802,820,304,3547,0,1356,2374,2783,782,11286,1099,2209,2673,1218,2359,1634,2358,4039,1055,868,390,6430,2906,965,18790,1033,74606
415,415,2021-04-15,131,789,893,271,3831,0,965,2269,2777,390,9806,1062,2297,2392,1368,1868,1539,3891,4249,601,1148,357,5578,3305,673,18067,666,71183
416,416,2021-04-16,383,597,773,305,3413,12331,1108,2412,2293,1341,9207,1077,2477,2021,1124,1869,1006,5695,4717,0,1452,315,5036,3678,1003,17979,775,84387
417,417,2021-04-17,287,1057,701,166,3889,10423,1194,1605,763,1092,8963,928,1169,595,1377,1966,828,3125,1659,0,428,178,4868,2377,914,17746,267,68565
418,418,2021-04-18,71,1247,484,114,2574,2775,1062,1331,644,717,4315,699,653,320,893,1346,1286,1239,3927,2433,754,38,1386,1175,661,6394,300,38838
419,419,2021-04-19,194,331,442,258,1430,734,1261,1710,4133,1371,1872,1092,1896,2787,904,1020,1381,2701,916,225,725,167,738,1973,1303,4083,875,36522
420,420,2021-04-20,41,362,734,246,4283,3911,955,1924,3371,1282,4850,1112,1951,2649,1072,2843,1661,3803,4159,0,882,313,6252,3284,1005,19060,638,72643
421,421,2021-04-21,239,871,671,113,3625,6917,884,1511,818,918,11905,749,1072,1333,1108,2480,1097,3947,4101,1323,941,296,6168,2683,729,17123,366,73988
422,422,2021-04-22,333,475,536,227,2160,5979,878,1897,2282,736,4452,1006,1895,2345,1042,1202,1179,2584,3578,862,563,203,869,1708,1041,7267,809,48108
423,423,2021-04-23,164,518,829,149,3652,4852,1033,1709,2564,1045,5309,985,1864,1988,1134,2031,1173,3555,4646,0,699,258,6873,3057,879,17812,503,69281
424,424,2021-04-24,227,873,544,128,3319,4044,844,1023,146,299,11360,895,1244,549,1015,2089,802,3983,2831,400,595,196,5713,3375,802,16271,214,63781
425,425,2021-04-25,144,473,371,71,3241,2664,938,937,1109,211,3856,647,625,133,1002,1734,479,1534,1016,3011,279,85,533,1120,706,6488,234,33641
426,426,2021-04-26,224,291,426,210,1811,2985,1087,1391,3642,386,1869,1038,1643,1092,942,1278,914,2246,262,513,522,176,1007,1668,863,3912,0,32398
427,427,2021-04-27,175,746,715,253,4076,6711,918,1906,3686,1127,4996,1088,1661,2826,1037,2596,1249,3320,4348,1099,935,251,6065,3445,1181,17992,1442,75844
428,428,2021-04-28,152,674,634,193,3345,2605,1221,1754,2853,1252,12874,910,1971,2630,1228,2720,1163,3883,4558,1085,648,248,6637,2937,1281,17013,810,77279
429,429,2021-04-29,237,799,696,169,3997,3079,929,2201,1901,1240,8847,949,1736,2035,1012,2511,1412,4474,4080,1127,729,333,4228,3299,1100,14920,574,68614
430,430,2021-04-30,268,541,592,621,3568,7189,1127,1786,1543,1045,7398,848,1640,1427,1110,1917,448,4674,4771,0,738,260,8074,3484,655,15551,733,72008
431,431,2021-05-01,213,814,530,217,4272,2686,969,1181,590,638,7465,925,1272,553,1048,2178,1468,4188,2841,401,379,156,4838,2642,1257,14335,236,58292
432,432,2021-05-02,136,693,412,203,2008,868,887,907,969,87,3600,407,482,479,955,730,598,2002,1993,2261,139,39,605,1120,1098,5323,287,29288
433,433,2021-05-03,173,246,410,266,2791,9755,829,1228,3380,381,1616,1004,1558,1726,786,960,1038,1363,1165,555,510,195,394,1670,1075,3149,766,38989
434,434,2021-05-04,115,531,675,253,3108,5274,763,1706,1775,981,6727,1080,1542,1999,1129,2333,1188,5514,5118,1047,748,246,5685,3079,872,15464,583,69535
435,435,2021-05-05,170,889,599,253,3931,4260,799,1518,3613,1142,9264,1151,1686,2386,999,2143,1711,5188,7484,896,365,328,5980,3322,1245,14230,820,76372
436,436,2021-05-06,279,599,545,244,3471,3998,1001,1683,1736,1127,8725,1115,1602,1834,1190,3074,1368,5008,9185,1296,947,373,3263,3426,1031,13470,700,72290
437,437,2021-05-07,211,854,630,187,4579,4982,820,1704,1818,1257,7685,1002,1545,1660,1127,2763,1101,6062,8261,0,1327,239,7331,3503,1075,14502,619,76844
438,438,2021-05-08,176,625,495,210,3436,5985,912,958,341,694,6895,999,1080,1052,1082,2923,882,5515,5844,176,371,191,4143,2551,887,13100,238,61761
439,439,2021-05-09,75,1190,211,210,2156,4337,925,677,316,86,4500,653,260,288,900,893,506,2079,1581,2324,120,29,687,974,713,5785,245,32720
440,440,2021-05-10,125,306,320,102,1438,3063,832,1459,2626,355,1231,1293,1339,1647,816,1828,920,4804,670,3601,522,203,401,1725,836,3183,656,36301
441,441,2021-05-11,34,566,695,195,4244,2495,766,1783,1794,1141,6872,1386,1845,2358,932,2777,1540,3183,5316,2779,790,300,5190,2999,1193,16318,615,70106
442,442,2021-05-12,208,684,595,193,4309,4625,892,2012,2253,1263,9764,1162,1898,2778,1417,2426,1082,5045,4960,2156,732,280,5106,3181,702,15672,853,76248
443,443,2021-05-13,237,774,666,167,4140,3476,939,1903,3019,1104,8951,1341,1725,2582,1127,3195,1102,5032,6007,7243,737,304,3881,3213,899,15649,617,80030
444,444,2021-05-14,222,536,579,265,4029,4245,688,1724,2512,971,9404,1394,1020,2596,1365,2975,1062,9338,6931,0,294,309,4525,3262,1169,15915,584,77914
445,445,2021-05-15,161,734,507,161,4043,6703,883,1197,201,458,7566,1291,982,1584,1091,2894,796,6181,5216,935,450,232,4241,2391,717,15486,250,67351
446,446,2021-05-16,61,691,210,190,2554,2826,894,711,147,131,4141,903,691,668,1079,1686,324,5083,828,2814,218,84,641,1167,955,7554,313,37564
447,447,2021-05-17,162,676,312,202,1917,2302,1049,1711,3079,359,2125,1522,1822,2231,758,701,1505,2366,1932,667,484,170,450,1461,1100,4001,534,35598
448,448,2021-05-18,29,545,663,207,3890,3358,592,1875,2957,979,7133,1896,1827,1942,885,3029,1753,6527,5509,1173,805,446,5714,3703,1004,15779,585,74805
449,449,2021-05-19,98,507,586,146,5111,2799,990,1635,3347,1186,10399,1762,1937,1890,830,3440,1215,7029,4827,1590,618,304,5883,3499,1012,16788,835,80263
450,450,2021-05-20,109,963,620,152,5182,6054,874,1987,2995,1055,9330,1942,2008,1571,892,3188,1224,7716,4731,1305,850,394,5352,3205,923,17936,829,83387
451,451,2021-05-21,438,391,599,129,4801,3545,898,1826,2613,1109,9140,1954,1715,1464,1156,3969,1127,7210,4487,0,581,399,4840,3678,924,16511,1127,76631
452,452,2021-05-22,113,586,515,123,4461,5741,730,1182,431,728,10086,1662,1324,174,1415,3589,838,5376,2122,0,351,222,4949,2751,1323,16736,368,67896
453,453,2021-05-23,65,896,337,374,2875,4914,735,826,540,159,4526,1175,623,278,1249,2089,700,1180,857,2170,273,83,922,1353,1468,7510,318,38495
454,454,2021-05-24,92,140,358,251,1380,2759,899,1492,1976,374,2443,1815,1399,1200,1364,1368,817,1718,3962,1484,758,187,787,1555,1293,4622,987,37480
455,455,2021-05-25,146,488,535,199,4942,2677,839,1761,2172,1163,6347,1721,2338,1895,2015,3533,1371,5316,4053,1027,739,293,5488,3662,1109,17477,735,74041
456,456,2021-05-26,199,793,600,226,5455,4661,789,1958,2765,1107,11040,1714,2178,1656,2262,2794,984,5857,3785,1635,592,230,5068,3499,1111,16671,616,80245
457,457,2021-05-27,130,606,654,201,4099,4168,1205,1972,34,1029,9590,857,1978,1385,1887,2527,644,5681,2964,1212,225,118,3301,2380,1866,12782,1036,64531
458,458,2021-05-28,169,369,721,244,4060,3186,993,1707,4310,1045,9582,2998,2007,1415,1917,736,1496,5125,522,1454,695,292,187,4793,1619,1583,663,53888
459,459,2021-05-29,58,870,473,239,6643,7494,1015,1062,375,651,8916,1949,1573,284,2429,5576,1039,5397,3183,654,627,201,7925,1578,1677,13653,322,75863
460,460,2021-05-30,271,300,246,174,0,2493,811,609,375,214,5574,1619,590,53,1178,2168,598,2403,4916,691,204,83,1517,1227,1588,11037,510,41449
461,461,2021-05-31,46,522,344,185,2034,1289,902,1502,3064,415,2230,1952,1568,1388,1016,1087,891,1310,1498,1259,377,330,1260,1740,1385,6113,900,36607
462,462,2021-06-01,57,535,620,121,4280,3399,836,1935,3314,1074,7283,2176,1858,1932,1751,3437,907,5235,3939,1202,1080,346,5551,4355,1371,19466,853,78913
463,463,2021-06-02,172,745,671,166,4887,4474,801,1879,5060,1241,15133,2470,2105,1792,2403,3551,1317,4299,5258,1274,898,322,7468,2831,1124,23122,815,96278
464,464,2021-06-03,184,600,585,245,4620,6132,487,1124,89,904,10605,768,1771,328,2660,3649,675,5102,4187,724,460,84,5945,2904,897,19733,605,76067
465,465,2021-06-04,186,1036,456,128,2531,3274,1120,829,2000,543,5958,2152,1318,1009,2421,644,1497,3471,1520,1370,882,444,1079,1885,851,3898,669,43171
466,466,2021-06-05,117,621,450,96,3936,2828,912,828,442,571,5893,1316,1109,376,1992,4468,649,4041,3093,970,371,198,4410,3114,1561,16939,366,61667
467,467,2021-06-06,66,1177,350,121,3070,3436,1028,444,307,180,5019,1650,259,163,1982,1666,492,2685,1190,145,168,143,1594,1264,1365,9959,420,40343
468,468,2021-06-07,44,680,286,140,2400,1684,877,1229,1190,406,2049,1106,2032,2073,1422,1249,416,3297,386,628,188,52,7586,1652,1259,5074,311,39716
469,469,2021-06-08,59,775,550,156,3427,1876,744,1982,0,1130,9444,3034,1895,2531,1412,1876,0,5587,3431,1145,0,20,2731,1599,972,8022,1315,55713
470,470,2021-06-09,64,785,677,173,6733,0,714,1780,8716,1330,12716,1025,2293,2042,1345,6487,1784,5118,6092,1020,1770,72,9782,6277,836,4192,1044,84867
471,471,2021-06-10,192,870,795,81,4947,6406,631,1153,2764,1461,11043,2252,2194,1710,3911,2645,1576,4700,4072,1227,755,1378,5341,3840,1349,23033,918,91244
472,472,2021-06-11,374,653,716,184,4146,1979,822,1638,3072,1072,10758,1766,2229,1538,2451,3715,1103,5745,4372,2140,1041,453,5635,4043,922,22875,870,86312
473,473,2021-06-12,65,969,604,95,5565,4057,1254,889,672,806,10653,1138,1001,448,2111,2877,610,4578,2326,1294,609,222,5370,2786,1130,21221,423,73773
474,474,2021-06-13,70,734,314,112,2005,4131,1150,683,258,221,4542,915,407,128,2034,1156,254,2331,592,1504,324,76,719,1296,1309,9272,447,36984
475,475,2021-06-14,163,900,383,563,1805,2837,810,1309,3525,309,1862,1387,1578,1568,2575,1117,608,2689,3520,2249,955,226,690,1969,902,5309,884,42692
476,476,2021-06-15,67,712,726,402,5347,4340,570,1439,3667,1356,9719,0,2363,1529,2358,3622,961,3979,4341,0,940,0,7116,4386,662,23227,0,83829
