date,pc1,pc2,holiday,deaths,r0
2020-02-26,-0.9656367754767301,1.6508115241385313,1,0,1.059128639956291
2020-02-27,-3.1645639928620066,0.2745224246794442,1,0,1.059128639956291
2020-02-28,-3.2313727913104886,-0.1475851474413443,1,0,1.7420331266925777
2020-02-29,-2.6894087328530554,-0.09486828713619119,1,0,1.571307005008506
2020-03-01,-1.6516984100802845,-0.4375603474468422,1,0,1.4688713319980629
2020-03-02,-3.3460474859495126,-0.8977717360590177,1,0,1.4005808833244344
2020-03-03,-3.460067929157449,-0.5180967152571471,1,0,1.3518019914146997
2020-03-04,-3.862005049439267,0.03199708597313398,1,0,1.400751221620241
2020-03-05,-4.382978682145588,0.23953448643126798,1,0,1.6070104232249225
2020-03-06,-4.679761029084587,0.1591041866397291,1,0,1.8002298415750366
2020-03-07,-4.037139225267352,0.2799959288872903,1,0,1.882047670182224
2020-03-08,-3.52769075409103,0.3135896152557602,1,0,1.8571549856324596
2020-03-09,-4.325341715212082,-0.2501335815023489,1,0,1.7957683436573697
2020-03-10,-4.192434642492416,-0.05295572250479304,1,0,2.09489218315008
2020-03-11,-4.144701012496913,0.27893261001265535,0,0,2.377372846369337
2020-03-12,-4.229408022388559,0.26802707822057176,0,0,2.391108100664094
2020-03-13,-4.311123065135688,0.07342292630814908,0,0,2.2740758842859194
2020-03-14,-3.225608057522341,0.2426711367781179,0,0,2.2914980395471183
2020-03-15,-2.384196664695783,0.1661261937309718,0,0,2.294986147313557
2020-03-16,-2.8569818979573913,-0.55913291785362,0,0,2.3069197954946765
2020-03-17,-1.6777184661036666,-0.3710731129111348,0,1,2.318842583306429
2020-03-18,-0.7608101762953658,0.03347030332601577,0,3,2.38277741353306
2020-03-19,0.5671124479521479,0.14422699223497107,0,3,2.369834747179251
2020-03-20,1.6744917616797015,-0.2759813404803632,0,4,2.248299132239973
2020-03-21,3.930596729229631,-1.0743790160536542,0,7,2.220559048253779
2020-03-22,5.279905672574672,-1.3804573270220486,0,7,2.262858404734257
2020-03-23,5.012041843380746,-0.18270023616226122,0,9,2.3329929545433337
2020-03-24,5.926259330446005,0.1441014195959374,0,13,2.0503018363499144
2020-03-25,5.8466551830761295,0.5045291458863342,0,12,1.8369853474334428
2020-03-26,5.529006652974162,0.5512777234653357,0,18,1.870465933143504
2020-03-27,5.436484763123545,0.39912871663855665,0,16,1.870235770370251
2020-03-28,5.153342978510665,-0.4563052522587752,0,22,1.8663455223056844
2020-03-29,5.236944981384053,-1.079746405382376,0,24,1.9209412303179925
2020-03-30,4.839401153419763,0.2180088279308013,0,27,1.974973656251541
2020-03-31,4.544017649794817,0.36829211776931725,0,36,1.965007795164125
2020-04-01,4.386864206471968,0.6846270582265432,0,42,1.8597121022345853
2020-04-02,4.365254555540322,0.6685388295871416,0,61,1.7401829119083618
2020-04-03,4.283344074359336,0.30939564622576216,0,60,1.6965387983905644
2020-04-04,3.9236627214834057,-0.5567438056132638,0,80,1.6479913174563074
2020-04-05,4.335063860101721,-1.088625352478479,0,52,1.6029142189105254
2020-04-06,3.8532036657558177,0.072831639109936,0,73,1.5484721943337998
2020-04-07,3.509654862782439,0.28822806921019356,0,121,1.4869517318042784
2020-04-08,3.428261228588474,0.5433349158032144,0,135,1.423005364588035
2020-04-09,2.517104369711755,0.8038153874022476,0,133,1.3806309798494123
2020-04-10,7.259267487925502,1.2906150484803283,1,114,1.366965947427598
2020-04-11,3.592476732163339,-0.45867138860185774,1,68,1.3815698609466485
2020-04-12,4.038737610943314,-1.3588503097032032,1,96,1.36540588406759
2020-04-13,3.726680552004833,0.021744032207956766,1,120,1.335770947399526
2020-04-14,4.104661990032373,0.0824900426599976,1,200,1.3817310778467091
2020-04-15,3.728239204358011,0.4338209983628985,1,203,1.4011719156435007
2020-04-16,3.685540559399385,0.4604252793972136,1,202,1.4046371846290435
2020-04-17,3.668257821772988,0.18826744039311144,1,211,1.426749680015058
2020-04-18,3.5390094629422744,-0.7769072911783123,1,202,1.3970933081577577
2020-04-19,4.013865490025313,-1.2008194218870278,1,116,1.4116802211275783
2020-04-20,3.4857345765652137,0.4277727629859928,1,107,1.393225752781312
2020-04-21,6.400183813235349,1.406655822743499,1,174,1.3872998766260765
2020-04-22,3.353120644640123,0.36039697754353467,1,169,1.3847463544125709
2020-04-23,3.6876843983680194,0.5116869783659537,1,408,1.435375429666614
2020-04-24,3.470431825593002,0.1265117652364336,1,373,1.4523590613920112
2020-04-25,3.232422838897963,-0.6584625013814847,1,352,1.4795607977271548
2020-04-26,3.756712995248859,-1.1009476309676842,1,227,1.4785104111827452
2020-04-27,3.496176503114544,-0.05927262632281663,1,305,1.4442941164154932
2020-04-28,3.021106817278564,0.030404112118469336,1,488,1.394078925427669
2020-04-29,3.1993224687730057,0.4029257209962099,1,443,1.3657549163694434
2020-04-30,2.088454876977163,0.5635416569626056,1,443,1.3437064308277555
2020-05-01,6.361351278555301,1.5224928537851006,1,459,1.3214754627188416
2020-05-02,3.0886459801936756,-0.5270627899323234,1,371,1.3345232691526572
2020-05-03,3.6114115227564727,-1.2649756506111478,1,267,1.3148697985563074
2020-05-04,2.771815461480204,-0.12750456299821292,1,304,1.330104995418303
2020-05-05,2.87019133086984,0.09647762588404736,1,591,1.3422148590918206
2020-05-06,2.746527777067688,0.2684467598303318,1,625,1.363181287812521
2020-05-07,2.4963382827105542,0.30532849766452785,1,676,1.3538690570217005
2020-05-08,2.1080074822453763,0.1774700231417302,1,754,1.3510058939631624
2020-05-09,1.6839194062039475,-0.7781526508134194,1,670,1.3392127318752454
2020-05-10,2.0938504762492087,-1.986025081869444,1,478,1.323619762479576
2020-05-11,2.811222502778738,-0.031688839984153686,1,485,1.3136518071195131
2020-05-12,3.043320600059257,-0.009890333204960824,1,843,1.3020355206432943
2020-05-13,3.1662933822789783,0.2019891671351638,1,778,1.2876535459937537
2020-05-14,3.0508674296220617,0.15424869949252906,0,789,1.2693369319533692
2020-05-15,3.109433980233106,-0.04308956270916566,0,913,1.2609713350543268
2020-05-16,2.8430798582971892,-0.8521833401233168,0,719,1.251231066433105
2020-05-17,3.346114715860985,-1.364815879077554,0,500,1.260379586767231
2020-05-18,2.9135670939981497,-0.1224191903422994,0,723,1.2599553266929335
2020-05-19,3.017349272342775,-0.021294418946875678,0,1149,1.2466449774069646
2020-05-20,2.920267182270328,0.35690720972105433,0,985,1.2348198250320472
2020-05-21,2.9231300605799815,0.3442291993537316,0,1069,1.1964642703975774
2020-05-22,2.9380683825548606,-0.11883458754556984,0,1031,1.1881264193014915
2020-05-23,2.9438624788026018,-1.1192559054208182,0,1046,1.1660679001223022
2020-05-24,3.6769759782670683,-1.6768645433788174,0,658,1.1447163925997896
2020-05-25,3.5208732301051127,0.1088510079228697,0,727,1.1399881767725248
2020-05-26,2.8629988534515824,-0.12172058754207848,0,1054,1.1298787399616512
2020-05-27,2.5870675083769035,0.1849453310614765,0,1061,1.1347584448184225
2020-05-28,2.437631009294621,0.22278993161666472,0,1190,1.1424047821072916
2020-05-29,2.103709469256181,0.03076797308304098,0,1137,1.136048281492761
2020-05-30,1.6655618902067288,-1.012538648029607,0,864,1.111850323312184
2020-05-31,2.4670094344652425,-1.5752925681479288,0,471,1.0519468205588487
2020-06-01,2.0551964544848405,-0.32152920835775484,0,741,1.0129058816873333
2020-06-02,2.381890612624795,-0.19614488576942998,0,1365,0.9891163810995368
2020-06-03,2.1482291871583032,0.19365874548086154,0,1194,0.9643286000774606
2020-06-04,1.980736195479636,0.1386230131686116,0,1510,0.9556488464840088
2020-06-05,1.5635080167495066,-0.15630988419829717,0,1076,0.930486926869358
2020-06-06,1.2701412532877743,-1.0943692239806,0,801,0.9646187901770664
2020-06-07,2.153624153872884,-1.633227407977452,0,476,0.9817481422507612
2020-06-08,1.5121919775465091,-0.0918459565866641,0,863,0.9959389672110418
2020-06-09,1.8965894522189635,-0.12057006072998273,0,1193,1.0129516364907043
2020-06-10,1.1436203631966035,0.32939494494688953,0,1238,1.0150742617375628
2020-06-11,3.854543288022036,1.507787486022601,1,1268,1.0204996545589478
2020-06-12,1.0569551386883622,0.7360249543337418,1,843,1.0289414196444244
2020-06-13,1.4536797387928242,-0.7295416203137458,1,857,1.0538700616185357
2020-06-14,2.405925901079243,-1.7030216205776674,1,634,1.0837170299549523
2020-06-15,1.7852920304309432,-0.3016596910881367,1,764,1.1130102429206674
2020-06-16,1.8411704641023021,-0.08979387961063369,1,1332,1.124262860741977
2020-06-17,1.763940124256821,0.28334927173408175,1,1185,1.1251432096020522
2020-06-18,1.6490348285045702,0.2943895424045651,1,1239,1.1297433183115773
2020-06-19,1.4892522853454715,0.029386927673410102,1,1172,1.1276862851913454
2020-06-20,0.9710435658171173,-0.8636588984181354,1,982,1.0739235522937278
2020-06-21,1.6527929597424336,-1.3334214726149927,1,609,1.0371241467010093
2020-06-22,1.6348161784281752,-0.02916696540593255,1,736,1.0116119839421551
2020-06-23,1.5899416168246827,0.18173598335057847,1,1406,0.993509317404674
2020-06-24,1.94689723306406,0.45352285094585554,1,1104,0.983339713789403
2020-06-25,1.700063006162658,0.21659839177550083,0,1180,0.9697606853160148
2020-06-26,1.7371895289629988,-0.11972293123942752,0,993,0.9573838961746216
2020-06-27,2.150505521107836,-1.2012655860728725,0,1031,0.9400121763834586
2020-06-28,2.499742202804514,-1.6713693815744344,0,594,0.9237305916428116
2020-06-29,1.9128597763520812,-0.3687453587755071,0,722,0.8981550476281838
2020-06-30,1.4906591522664265,-0.13114193685092396,0,1317,0.8840302246968955
2020-07-01,1.2946193245497088,0.14815801890536115,0,1086,0.8743664906378196
2020-07-02,1.1910953825194315,0.3283958985458618,0,1259,0.853939509560206
2020-07-03,1.0029677041194556,0.03927377301847358,0,1213,0.845951268146149
2020-07-04,0.5341931138589588,-0.8723450519505558,0,1060,0.8315462599495854
2020-07-05,1.5920741135529075,-1.4710310536521582,0,558,0.8156391032679405
2020-07-06,0.9784348294433365,-0.048485003513015525,0,685,0.8016944587540813
2020-07-07,0.9525370090175973,0.15263791033579827,0,1300,0.7928661574339125
2020-07-08,0.8807129781271055,0.4029236441936768,0,1173,0.7897646338354097
2020-07-09,0.8900813721902298,0.43682318989760716,0,1222,0.8206190089628451
2020-07-10,0.5985993748809176,0.20504411183688764,0,1298,0.8609667034336133
2020-07-11,0.4627686746451689,-0.783500424180931,0,932,0.8844754041899446
2020-07-12,1.293372699398132,-1.1660270829623607,0,617,0.9330987352700478
2020-07-13,1.0487620227474923,0.04544499691252274,0,835,0.9673720728265708
2020-07-14,1.3844735411668456,0.023053294717827317,0,1294,0.96559558078965
2020-07-15,1.1500299041205184,0.3084482878346626,0,1280,0.9724075063085708
2020-07-16,1.1042092786227413,0.3345777407435201,0,1299,0.9717151821087564
2020-07-17,0.7504096814875947,0.17991493633601774,0,1123,0.980494145664587
2020-07-18,0.45638422411966284,-0.6098561358508118,0,844,0.9893170935780624
2020-07-19,1.0140578191091332,-0.9054638923046014,0,708,1.0061356982621703
2020-07-20,0.7019249344748422,0.1475266798455683,0,768,1.0188781358809051
2020-07-21,0.9531208381610797,0.37976699611843595,0,1317,1.0086082756227488
2020-07-22,0.7035151729474288,0.6437778197352699,0,1296,1.008241078688481
2020-07-23,0.6100499050058827,0.793801151218987,0,1313,0.9779502527311164
2020-07-24,0.4742192341834176,0.4734280164467923,0,1165,0.9376847758750738
2020-07-25,0.16028413359937171,-0.36315807534867534,0,1099,0.9106347263334988
2020-07-26,1.0624822206870654,-0.9574241940735624,0,581,0.8613034420996771
2020-07-27,0.7269181206208081,0.20971763643076538,0,685,0.8258133856989394
2020-07-28,0.8580357065163862,0.30157461573094496,0,1258,0.8285759212618452
2020-07-29,0.9797056202516056,0.3502647396244951,0,1199,0.8251997770513764
2020-07-30,0.8818155032864073,0.3366238665361801,0,1202,0.8312946362674914
2020-07-31,0.1424843202000962,0.1928107701947333,0,1267,0.8367481030496414
2020-08-01,-0.3061827359647576,-0.4749789423891437,0,941,0.8417586510259244
2020-08-02,0.45660790089882475,-0.7935795806971325,0,524,0.8418238476385845
2020-08-03,0.16741716091124265,0.17065316852052018,0,602,0.8452184079190019
2020-08-04,0.29078621644684444,0.4568263139879778,0,1358,0.8605054916193183
2020-08-05,-0.03695306542008745,0.7693498064146983,0,1366,0.8600039228769816
2020-08-06,-0.45593645905154273,0.9402160372433227,0,1226,0.8552501791719461
2020-08-07,-0.9185249518096023,0.6458447728389792,0,1085,0.8428507169206781
2020-08-08,-1.5979123720077573,-0.2559714234556266,0,827,0.8153428727128164
2020-08-09,-0.5506115986356392,-1.283185204016044,0,569,0.8009943813179741
2020-08-10,-0.15940187237432132,0.38051629317210534,0,789,0.7922935354319398
2020-08-11,0.11759905426827831,0.5113207761451332,0,1194,0.7849964650822213
2020-08-12,0.1630225405350246,0.6791074906520869,0,1184,0.7786948590629776
2020-08-13,-0.024779686036458675,0.7386978448194526,0,1242,0.7777878547818838
2020-08-14,-0.34021355568240386,0.5622892867997727,0,1007,0.7710134794232557
2020-08-15,-0.4057544195398963,-0.21323973263923782,0,723,0.7652049274916387
2020-08-16,0.6778363531953661,-0.8461495484192636,0,587,0.7760686024798017
2020-08-17,0.4147758546349548,-0.0891109256372889,0,796,0.7690338862311622
2020-08-18,0.5727373248505567,-0.013603364338269443,0,1352,0.7845109234590693
2020-08-19,0.2467899822533844,0.43671606911338434,0,1163,0.7983991660232921
2020-08-20,0.35297559335296586,0.2825208375446333,0,1237,0.8139985987951592
2020-08-21,0.6184204049036247,-0.15239835176423083,0,1051,0.8376388814177058
2020-08-22,0.1676386434438735,-0.8197506509096456,0,828,0.8672223670845709
2020-08-23,0.6665700605371815,-1.0463363959304717,0,455,0.8682626665464946
2020-08-24,0.08085382303969008,0.03860165625478269,0,723,0.8744685640633361
2020-08-25,-0.007882254116549992,0.2580601054436952,0,1203,0.864281493161832
2020-08-26,-0.2556984325061124,0.6273918087579052,0,1079,0.8519430440843526
2020-08-27,-0.3749050596083802,0.7274647805852863,0,985,0.8171615684794338
2020-08-28,-0.7865290385039915,0.5066885585080547,0,849,0.7842741487471008
2020-08-29,-1.285962717651765,-0.0376821036264201,0,897,0.7597325896822269
2020-08-30,-0.6350862753110675,-0.26073127884112096,0,401,0.7524858332571877
2020-08-31,-0.2317427502518346,0.016551997075583417,0,647,0.7526520207347519
2020-09-01,-0.30447337631094634,0.17794199961422005,0,1150,0.7402413147734312
2020-09-02,-0.686101261699949,0.6134097143648851,0,1204,0.7306248007721317
2020-09-03,-0.9344672306679149,0.8722615669587745,0,867,0.7252527573328231
2020-09-04,-1.623843627581702,0.7686562100529625,0,849,0.7166738563807957
2020-09-05,-2.4391207357057607,0.5370085078537405,0,604,0.7186986794209906
2020-09-06,-1.792590630889552,0.9648447319861473,0,458,0.7256701579180864
2020-09-07,2.308795116929491,3.9923983299818744,0,320,0.7460531133594431
2020-09-08,-0.9573924035410549,0.5337285395813272,0,525,0.7579205520141219
2020-09-09,-0.9149086212355255,0.737401016080462,0,1157,0.7748952632089934
2020-09-10,-1.3568025733942815,1.081199243576363,0,974,0.8064992902864628
2020-09-11,-1.3522141054138632,0.8707575330320001,0,848,0.8265052526010929
2020-09-12,-1.9215122139502752,0.23936411185325254,0,767,0.8446483661484748
2020-09-13,-1.2669931341657603,0.07557050307712745,0,405,0.8358639315438431
2020-09-14,-0.7439966983054858,0.367244358431985,0,458,0.8289775314615072
2020-09-15,-0.5222188297888665,0.3736295135476233,0,1082,0.8127161155121447
2020-09-16,-0.5914711622754346,0.8336447652363342,0,962,0.8071040031384623
2020-09-17,-0.8568226847998922,0.8491423335705288,0,869,0.7987576535249389
2020-09-18,-1.148045579879707,0.6305160940025899,0,828,0.7970757229841817
2020-09-19,-1.6519653194011015,0.10634248157981636,0,681,0.797594156388643
2020-09-20,-0.26898371840060536,-0.6274755862075763,0,351,0.8047293860551384
2020-09-21,-0.07020253974573933,-0.1517694550612372,0,466,0.7848999179822604
2020-09-22,0.5103242417519901,-0.3237458442942282,0,794,0.7902650274477605
2020-09-23,-0.14182818819987827,-0.024204168852540037,0,932,0.7965087334420071
2020-09-24,-0.3912038848577687,0.20126038084987202,0,795,0.8052779068189599
2020-09-25,-0.8970437571553531,0.11027302585766141,0,822,0.8162333476772935
2020-09-26,-1.394426394803869,-0.2831488567590994,0,722,0.8114580483382026
2020-09-27,-0.7709465713640937,-0.31306898559482244,0,339,0.8127382601045353
2020-09-28,-0.04095031777941754,-0.35848875337145775,0,391,0.8215399863905802
2020-09-29,-0.3173570802266073,-0.21798549844063872,0,858,0.8172511355410154
2020-09-30,-0.9136335289527877,0.260946927150995,0,982,0.7912613598663001
2020-10-01,-1.404149773569005,0.45969136363934254,0,773,0.7807301322021184
2020-10-02,-1.8612309072372522,0.44016237388434054,0,654,0.7675835269203445
2020-10-03,-2.0717729451008053,-0.4926252332542811,0,588,0.7518332263136145
2020-10-04,-0.9941703495751675,-0.8775971155768547,0,358,0.7476607456092667
2020-10-05,-1.2361805979197553,-0.12439253459211169,0,393,0.7444839630324591
2020-10-06,-1.6068032537689183,0.1458995874237279,0,810,0.7480813748311562
2020-10-07,-1.7647073225521952,0.4420000634822572,0,725,0.7471713156181402
2020-10-08,-1.7878473580784322,0.3337437936382599,0,735,0.7476483193947991
2020-10-09,-1.744595978538908,0.13035988422612727,0,654,0.7492190317851725
2020-10-10,-3.107178894951315,0.21742813495489327,0,534,0.767053915277864
2020-10-11,-2.6634556882804636,0.8323588589519937,0,278,0.7870005269903236
2020-10-12,1.0413387617762884,4.605746327379796,1,194,0.7996674253386198
2020-10-13,-1.533124111369851,0.20175814206030204,1,378,0.8217474032602173
2020-10-14,-1.324281448664364,0.44259195479442404,1,732,0.8595347620761868
2020-10-15,-1.464211516681989,0.30726709514495065,1,814,0.8833951475550863
2020-10-16,-1.600761226845473,0.050833669708818995,1,643,0.9021108481811406
2020-10-17,-2.3128884026607226,-0.3666477152504533,1,415,0.9137168279354312
2020-10-18,-1.537540379625122,-0.3698235226551933,1,235,0.8982949790311151
2020-10-19,-0.5104554764509448,-0.07683247575387421,1,326,0.8919524077530997
2020-10-20,-1.1689490782850103,-0.06323803909493764,1,648,0.8682132786929933
2020-10-21,-1.4752167462218286,0.4724426878797763,1,571,0.8327096111804104
2020-10-22,-1.7419007624613485,0.5927863077858896,1,505,0.7929393090553981
2020-10-23,-1.977411528629925,0.47318596065369906,1,563,0.7758219532086356
2020-10-24,-2.209272529076218,-0.3783628628967842,1,387,0.7450411576064223
2020-10-25,-1.4828720169688876,-0.42083416817323904,1,233,0.7260150392394031
2020-10-26,-1.2180288554083218,-0.09872422094609004,0,302,0.7085759163083946
2020-10-27,-1.3685999573261378,0.24098052395753086,0,526,0.7029509019039939
2020-10-28,-1.5403972243573172,0.5622369719003165,0,504,0.7492679202470455
2020-10-29,-1.5620667291669585,0.14206564457580872,0,551,0.7910922361109405
2020-10-30,-1.2949568143809964,-0.17201975822146487,0,573,0.8253790731466203
2020-10-31,-2.25056675955956,-0.5447625077143604,0,292,0.9228396518439544
2020-11-01,-1.7884190547350296,-0.08256673067283518,0,203,0.986271134811119
2020-11-02,2.4830661466461907,3.4611375849331885,1,165,1.0146485908382
2020-11-03,-1.38961076822958,-0.3274790709624501,1,288,1.0439411636674572
2020-11-04,-1.4255833686024695,0.06293942880996722,1,618,1.0762784450118907
2020-11-05,-1.8185026370480644,0.14552266483153223,1,603,1.1103117590973877
2020-11-06,-2.3542792405310866,0.12210901212222645,1,271,1.1292389905969331
2020-11-07,-3.2486425249237096,-0.17727605963162976,1,228,1.162256412233636
2020-11-08,-2.5251024386803618,-0.17459429321320452,1,190,1.1703123176892374
2020-11-09,-1.5042022461233633,-0.41862375859978695,1,186,1.181194077868554
2020-11-10,-1.6032269659240959,-0.13040448733966944,1,198,1.1895231579912642
2020-11-11,-1.4534078469386804,0.09760065632685265,1,574,1.1413605524780477
2020-11-12,-1.844276073885019,0.3311326718661317,1,933,1.103217596386042
2020-11-13,-2.180629314437003,0.07452179134633648,1,576,1.0760956866649367
2020-11-14,-3.0239668736172085,-0.3351294923641413,1,734,0.9917390887250388
2020-11-15,-5.323344738844246,-0.06182714905953597,1,140,0.9872328194611486
2020-11-16,-1.2938805960914348,-0.20601885907605502,1,257,1.0006768809231192
2020-11-17,-1.0467867754037121,-0.2756761018386154,1,678,1.0039432696295527
2020-11-18,-0.8004119940570079,-0.28139363526511274,1,754,1.0256786603125214
2020-11-19,-1.3230112612729683,-0.09881225679015766,1,650,1.052274514588413
2020-11-20,-1.0597114128052336,0.4574219807316697,1,513,1.0783600731578422
2020-11-21,-2.5142568477657177,-0.2559079061753339,1,357,1.0980661106119567
2020-11-22,-1.9173005950664987,-0.44018703280084975,1,178,1.1150015949046574
2020-11-23,-1.3487493020728694,-0.3844973676620809,1,355,1.1136184686902515
2020-11-24,-1.2952446759259058,-0.1853469812388961,1,627,1.117624008634258
2020-11-25,-1.5265347463136736,0.18469701373815642,1,623,1.1180785433892049
2020-11-26,-1.790617438918709,0.24673472345660885,1,710,1.1121280579850423
2020-11-27,-2.5388303977285576,0.011153584662033231,1,559,1.1089454089988078
2020-11-28,-2.9966339185119275,-0.37687234578694295,0,544,1.1025943369984146
2020-11-29,-3.22699834387016,-0.3642731363556066,0,233,1.067750033918824
2020-11-30,-1.6015425725101584,-0.32178478096778124,0,351,1.0390173085774057
2020-12-01,-1.6779158360130875,-0.2196503448677208,0,685,1.0280589090719228
2020-12-02,-1.8783173405146423,0.06433375378605106,0,679,1.006194566953183
2020-12-03,-1.9998977751413043,0.1516913005591137,0,761,0.9878778342655832
2020-12-04,-2.5117225062876933,0.07290712780876824,0,678,0.981782739583696
2020-12-05,-2.8300121259648265,-0.8820274627004575,0,647,0.9687650659170964
2020-12-06,-1.6560531164294028,-1.1097917619237252,0,340,0.9822159854314784
2020-12-07,-1.663271146389609,-0.49278166489642433,0,425,0.986032739214895
2020-12-08,-1.3223879634038214,0.22419459352089144,0,798,0.9805865036557282
2020-12-09,-1.877276026705309,0.1818952304122879,0,853,0.979094109723884
2020-12-10,-2.1745870541558743,0.43392664646201984,0,769,0.9565862471245232
2020-12-11,-2.2362203781202767,0.1957177433119602,0,661,0.9304619098617032
2020-12-12,-2.8522785099138255,-0.3976178219911329,0,677,0.9025986215428
2020-12-13,-2.1529518506822782,-0.3851934353520058,0,295,0.8793649256717234
2020-12-14,-1.8321714965460563,-0.06755399225864468,0,513,0.8674587459256442
2020-12-15,-2.0536483416618423,0.06756651697446653,0,934,0.8374426369088541
2020-12-16,-2.1831756890848344,0.4719606775639886,0,941,0.8247083123551312
2020-12-17,-2.426428489892387,0.4781530391159436,0,1061,0.8096017207652049
2020-12-18,-2.9627257502800752,0.3959586480935193,0,817,0.7923870664384888
2020-12-19,-3.71802771334097,-0.29581735190907077,0,659,0.7700699344460528
2020-12-20,-3.4643832714082263,-0.3436772551172914,0,419,0.7219379073257717
2020-12-21,-2.9672779268950085,0.5350668294338395,0,561,0.7029917902600086
2020-12-22,-2.9435141019428004,0.6465954091631901,0,969,0.6880518775455442
2020-12-23,-4.115408691607467,1.3193001426005397,0,965,0.6853791395970912
2020-12-24,-2.335451401696941,2.1210164580307502,0,760,0.7189205913939766
2020-12-25,5.188236949156009,3.3608440210552044,1,482,0.8189253860980913
2020-12-26,0.081278797117107,1.107732824756971,1,296,0.9198941115284364
2020-12-27,-0.3697298478952676,-0.2112787245202006,1,337,1.0076356814041492
2020-12-28,-1.4327569256285915,1.3778498946940911,1,538,1.0796421707138286
2020-12-29,-1.638130383928847,1.8746357722136595,1,1051,1.113676857866618
2020-12-30,-3.2951387191723867,3.1786968162938023,1,1217,1.1242828113234489
2020-12-31,-2.056691812971088,4.373597953903739,1,1016,1.1264644942137332
2021-01-01,4.3285387909954665,5.531437199035906,1,469,1.118338113242015
2021-01-02,0.6842495047550986,2.306049627966925,1,293,1.127695839077195
2021-01-03,-0.9216448012279256,0.5498659708150679,1,311,1.1502134023461417
2021-01-04,-1.3559882841382143,0.950047515018883,1,597,1.1659382580064823
2021-01-05,-1.3599536876071694,1.0290253030437029,1,1188,1.1748342799730072
2021-01-06,-1.3907790812545666,1.2834335468365028,1,1231,1.17241482136642
2021-01-07,-1.8076502220367956,1.4213873028991073,1,1518,1.1470361377161302
2021-01-08,-1.9746889064097914,1.0895726676980027,1,1081,1.056889738920667
2021-01-09,-2.225495061914431,0.3319780527899765,1,1009,0.9733490110343526
2021-01-10,-1.6259058994613194,0.1735671897115595,1,490,0.9008290307769716
2021-01-11,-1.6011572668036709,0.43101079741207843,1,491,0.8332282339948491
2021-01-12,-1.1353063040592555,0.5512629453608452,1,1125,0.8252213737157706
2021-01-13,-0.9298985738362378,0.625597075734186,1,1264,0.8227598459591794
2021-01-14,-0.7580058235323268,0.6915993814005761,0,1154,0.8264225308208972
2021-01-15,-0.6358726543247655,0.4274622062496961,0,1135,0.8310748994145352
2021-01-16,-0.9650432609535954,0.025136346609122256,0,1014,0.8298789982153065
2021-01-17,-0.5987475184096824,0.010913834957983303,0,551,0.8332381076873243
2021-01-18,-0.29860185099476805,0.0944668848362062,0,476,0.8312283710765183
2021-01-19,-0.24350562890324423,0.20192405818025294,0,1160,0.8348602876267515
2021-01-20,-0.3913227558392028,0.787718911032345,0,1395,0.8348545282567575
2021-01-21,-0.7193173300179876,0.531620273325003,0,1347,0.8364403213552293
2021-01-22,-0.8809214376774065,0.3968571455874075,0,1071,0.8364831207002623
2021-01-23,-1.1275676171943827,-0.006966413353337683,0,1145,0.834185918802878
2021-01-24,-0.6337065811750023,-0.12074965401940452,0,595,0.8242506782464815
2021-01-25,-0.08171924466589156,0.37304777603548706,0,690,0.8230762621826464
2021-01-26,-0.34780601170686487,0.07449360979926818,0,1155,0.8233021547524062
2021-01-27,-0.5018058883711561,0.47547755211671117,0,1336,0.8224698630288346
2021-01-28,-0.7705409461099334,0.44487239250511035,0,1438,0.8229679996795157
2021-01-29,-1.3318313926435874,0.3004870448974891,0,1087,0.8222492481466993
2021-01-30,-1.0419503432171147,-0.059688396935253615,0,1192,0.8184989359318325
2021-01-31,-0.7918311787905458,-0.14188584062772408,0,568,0.8155274015895649
2021-02-01,-0.9324664623225168,-0.13960173373792872,0,623,0.8168919198811387
2021-02-02,-0.7730358188622931,0.21193512304941983,0,1261,0.8165407777813826
2021-02-03,-0.8997285557342191,0.28374234832127254,0,1199,0.8238494793057196
2021-02-04,-1.0246925255752015,0.3249971671485396,0,1276,0.8345528097607036
2021-02-05,-1.4146772283086058,-0.14772625430778344,0,1251,0.8446429888178407
2021-02-06,-1.5428682720988904,-0.4036474369314621,0,937,0.8548855953810849
2021-02-07,-0.7579822318792244,-0.49581853080610405,0,489,0.8812206660519131
2021-02-08,-1.1418362776536695,-0.3706928273020366,0,721,0.8946089370626819
2021-02-09,-1.0473330142636113,-0.1674199309439304,0,1315,0.9026169986345411
2021-02-10,-1.2203991112142127,0.10729637561459732,0,1361,0.9178519015479472
2021-02-11,-1.1136928432099649,0.011881882358964532,0,1442,0.9372074278145014
2021-02-12,-1.419850250347014,-0.299149861950955,0,1220,0.9644954560275918
2021-02-13,-1.2823031084343792,-0.4057173874978081,0,1025,0.9924579895135136
2021-02-14,-0.9291693628971808,0.02026632611641243,0,653,1.021265072028177
2021-02-15,-0.2944745852408031,1.4064788928681595,0,611,1.0362094013647964
2021-02-16,0.7194861694093835,1.7008561084558729,1,1092,1.031092348740803
2021-02-17,-0.5256513098256645,0.2396048925143995,1,1189,1.039808189137973
2021-02-18,-1.312042814655438,0.1270802201047549,1,1439,1.0361205614092028
2021-02-19,-1.446313967209575,-0.04942576105564194,1,1331,1.050554094335351
2021-02-20,-1.6172640013933057,-0.3630912209044159,1,1031,1.0669929875407145
2021-02-21,-0.8460792727061882,-0.48430333306085044,1,606,1.0791992953329868
2021-02-22,-0.9479855284377413,-0.5938725566674437,1,711,1.1306721085078135
2021-02-23,-0.8663657356056609,-0.3320563855336042,1,1359,1.146568360409055
2021-02-24,-0.7933477395584638,-0.1603846246291141,1,1446,1.156186923407332
2021-02-25,-0.9937803386226021,-0.2803092401357974,1,1575,1.142930051767864
2021-02-26,-1.050470117547533,-0.6482828021539591,1,1343,1.1176233762310954
2021-02-27,-0.4635429137064843,-1.0703828086411846,1,1252,1.0982595839051756
2021-02-28,0.3158473384496357,-1.1757441556956025,1,773,1.0689818504561035
2021-03-01,-0.46991174993039553,-0.7360850176521904,1,828,1.054207119106339
2021-03-02,-0.41224382943494814,-0.41889832647731107,0,1721,1.0540651202407103
2021-03-03,-0.5879428361394421,-0.1700502834658822,0,1848,1.046247664790839
2021-03-04,-0.6340250163123881,-0.18954873037736264,0,1808,1.049522403333726
2021-03-05,-1.0499843651230951,-0.4379414863600136,0,1714,1.039324835643523
2021-03-06,0.18954804808959433,-1.113643074506526,0,1490,1.0311686380088605
2021-03-07,1.3892541875922317,-1.4947167039614866,0,1098,1.0179097503903245
2021-03-08,-0.18354488167034327,-0.6038560503027894,0,1122,0.9748072300175924
2021-03-09,0.149826867789694,-0.5223139424894866,0,1951,0.9647952094160416
2021-03-10,-0.2512984156817284,-0.13584693114424232,0,2381,0.9544460689473464
2021-03-11,-0.19012208482635196,-0.10780495926347738,0,2195,0.9607884752876664
2021-03-12,-0.23135669478938212,-0.3245922782265401,0,2122,0.9768111061331493
2021-03-13,0.5215420643024136,-0.8198729897616865,0,1956,0.981876332672882
2021-03-14,1.3468166057519504,-1.102749982681138,0,1070,0.994828919795268
2021-03-15,0.40540373843940136,-0.606971849253808,0,1334,1.0003074967420902
2021-03-16,0.563272411185626,-0.4317772074058148,0,2850,1.013365028954215
2021-03-17,0.8073969026815708,-0.19751326015770082,0,2661,1.0119148606479809
2021-03-18,0.9174867059001381,-0.24682502546753804,0,2724,1.0117457439360205
2021-03-19,0.8144235668965318,-0.41188950619902465,0,2656,1.0083871760769711
2021-03-20,1.0581305045958316,-0.9600861269374177,0,2368,0.9952829150185682
2021-03-21,1.9988309987022856,-1.1952226522142344,0,1247,0.9650721175963508
2021-03-22,0.83577498151383,-0.6771639285955476,0,1603,0.9450205251700768
2021-03-23,1.1382581650876535,-0.5095619244589636,0,3147,0.916409451299781
2021-03-24,0.9883005175438812,-0.21076352179119834,0,2317,0.9085141340153396
2021-03-25,0.7175426860644342,-0.07240853597016701,0,2654,0.8988075581293403
2021-03-26,1.0709149153211157,-0.3959480908504525,0,3510,0.8901709495151712
2021-03-27,1.4877511222098325,-1.050512670677854,0,3409,0.8935965869318403
2021-03-28,2.3624913790466358,-1.2677884887400297,0,1582,0.9045584218203734
2021-03-29,1.4973532069611468,-0.5711980209757568,0,2013,0.9189125249087584
2021-03-30,1.380240408444621,-0.4600332563178372,0,3655,0.925702446859551
2021-03-31,0.5701207374706595,-0.03273945228713917,0,3925,0.9170954874025944
2021-04-01,-0.5654842566024718,0.31457311680242667,0,3655,0.9083336771882808
2021-04-02,5.264638439682527,1.7035807176875783,1,2801,0.89463150439641
2021-04-03,0.9758917199408992,-0.5232654931167804,1,1909,0.8971999561760425
2021-04-04,1.4672911674452083,-1.556244401826741,1,1242,0.9225697089020404
2021-04-05,0.33071486835040953,-0.6962177067818595,1,1912,0.9367033527942964
2021-04-06,0.6568883695856976,-0.6296141225066529,1,4068,0.963167191668394
2021-04-07,0.12478267130508064,-0.27386328382703656,1,3671,0.9661859703133366
2021-04-08,-0.3196829792575988,-0.13979457416196808,1,4148,0.971591770711802
2021-04-09,-0.452360083421505,-0.3755187070739457,1,3752,0.9459714840899316
2021-04-10,-0.3403525998724192,-0.8904917911419031,1,2378,0.9291872968121292
2021-04-11,0.9665508393085717,-1.040163747520885,1,1857,0.9023039551282293
2021-04-12,-0.1107247765026748,-0.6291983821748136,1,1711,0.886272450311427
2021-04-13,0.09403791322689169,-0.5981320833003767,1,3757,0.877514087511859
2021-04-14,-0.20896728472357184,-0.23657047278123952,1,3445,0.8883909430870641
2021-04-15,-0.4323104423150108,-0.18356309162064635,1,3491,0.905338815363172
2021-04-16,-0.5649875464789167,-0.41928722453262374,0,3337,0.932089939890696
2021-04-17,-0.35226110622005863,-1.0499466809419062,0,2877,0.951272354616332
2021-04-18,0.7763400417331066,-1.2446742858750508,0,1522,0.9723540941894728
2021-04-19,-0.37340132710126267,-0.8624257693855918,0,1756,0.9785444676375676
2021-04-20,-0.8672300520867272,-0.5297321225798688,0,3347,0.985778223166582
2021-04-21,3.0882700266981575,1.7347953060018693,1,3197,0.9978792210292956
2021-04-22,-0.7887138155303133,-0.31239504716804534,1,2051,1.0103325762532374
2021-04-23,-0.8227243619556774,-0.22680997897022215,1,3042,1.045563163020102
2021-04-24,-1.0890210824592703,-0.6642957190268249,1,2766,1.0700184811338322
2021-04-25,0.014097808562670565,-0.8958208451235258,1,1334,1.090539933941634
2021-04-26,-0.7320549901673244,-0.7512762442583794,1,1380,1.102883596364323
2021-04-27,-0.6015217249720526,-0.5668138103151422,1,3081,1.113521367308581
2021-04-28,-0.8774530700467321,-0.26014789171158686,1,3012,1.1231513825719934
2021-04-29,-1.049249845521087,-0.2586259841944969,1,3032,1.1320300555840344
2021-04-30,-2.033948534709849,-0.39580930554552635,1,2861,1.13843783093442
2021-05-01,0.1363544006986162,0.45251389111373114,1,2240,1.1458058449891912
2021-05-02,-0.8961161637799432,-0.6177781714092934,1,1266,1.1440460915851265
2021-05-03,-1.4410561127548118,-0.6011099186572603,1,1125,1.1512684375157487
2021-05-04,-1.2615141252813007,-0.5612132411260415,1,2979,1.1535563729916678
2021-05-05,-1.4354236451617064,-0.20704431841723647,1,2771,1.156553188998298
2021-05-06,-1.8564580802924193,-0.18712686710632626,1,2536,1.1606417844238146
2021-05-07,-2.4540716694258635,-0.44250382585417636,1,2186,1.1674464680405154
2021-05-08,-3.1679513157852086,-0.9019033873099711,1,2082,1.1727481942600118
2021-05-09,-2.145612142439649,-1.9071339507208258,1,922,1.1747970550065363
2021-05-10,-1.5900614340409838,-0.6405322504555662,1,1111,1.1737824961280772
2021-05-11,-1.3888203165272706,-0.4484996736183331,1,2245,1.1745755517061909
2021-05-12,-1.2450176425100672,-0.2924655214447056,1,2581,1.172895311360418
2021-05-13,-1.2591120499983186,-0.22858889112137698,1,2277,1.171789218504336
2021-05-14,-1.8208915673172312,-0.3475808033073571,0,2187,1.155143914204665
2021-05-15,-2.099422878554421,-0.5705533274849806,0,2001,1.1198615002953043
2021-05-16,-1.1904294532795006,-0.7527050653679304,0,1061,1.1010592403538626
2021-05-17,-1.595861563866184,-0.5594934167685048,0,1085,1.0934221981312713
2021-05-18,-1.4150507464732505,-0.4730565978530285,0,2451,1.088826826636011
2021-05-19,-1.6300993930439538,0.051583759501889585,0,2500,1.083333613461295
2021-05-20,-1.9747638830325585,0.20510152592832592,0,2511,1.0957079018050044
2021-05-21,-2.193087394847469,-0.029599735808937915,0,2126,1.1121411681091224
2021-05-22,-1.6598179600575815,-0.635511606429785,0,1726,1.102562150152132
2021-05-23,-0.8310704042851678,-0.7362382007368282,0,889,1.101432064135925
2021-05-24,-1.417728895759299,-0.39154293604050944,0,862,1.0951914156009164
2021-05-25,-1.6576618251481723,-0.18786165358658263,0,2184,1.0901509574124073
2021-05-26,-1.8555232173652116,0.22167778916326203,0,2463,1.0775360727583645
2021-05-27,-2.078345718051984,0.33346590863697356,0,2101,1.073588511047618
2021-05-28,-2.3958306291971865,0.006108571099579835,0,2426,1.0968148003311426
2021-05-29,-2.415845365823452,-0.33740762183454664,0,1941,1.143145227117871
2021-05-30,-0.7529708261969662,-0.9014001046090321,0,913,1.185132218328534
2021-05-31,-1.6441352749855909,-0.5553466986166649,0,966,1.22497351302569
2021-06-01,-2.167639176481324,-0.10945144970769904,0,2334,1.242651456257693
