Date,holiday,R0,Rt,alpha,beta,epsilon,gamma,mu,R0_ma,Rt_ma,cases,deaths
2020-02-26,1,1.059128639956291,0.4603399785474367,0.3310313648908982,0.3266266387987774,0.1982178278673669,0.0858222157815484,0.6237112899318153,1.059128639956291,0.4603399785474367,0,0
2020-02-27,1,1.059128639956291,0.4603399785474367,0.3310313648908982,0.3266266387987774,0.1982178278673669,0.0858222157815484,0.6237112899318153,1.059128639956291,0.4603399785474367,0,0
2020-02-28,1,3.107842100165151,0.0113791738374204,0.166910936519579,0.0012270648127071,0.5168335269315179,0.098784022815025,0.0090502391655744,1.7420331266925775,0.31068637697743123,1,0
2020-02-29,1,1.059128639956291,0.4603399785474367,0.3310313648908982,0.3266266387987774,0.1982178278673669,0.0858222157815484,0.6237112899318153,1.571307005008506,0.3480997773699326,0,0
2020-03-01,1,1.059128639956291,0.4603399785474367,0.3310313648908982,0.3266266387987774,0.1982178278673669,0.0858222157815484,0.6237112899318153,1.4688713319980629,0.3705478176054334,0,0
2020-03-02,1,1.059128639956291,0.4603399785474367,0.3310313648908982,0.3266266387987774,0.1982178278673669,0.0858222157815484,0.6237112899318153,1.4005808833244344,0.38551317776243393,0,0
2020-03-03,1,1.059128639956291,0.4603399785474367,0.3310313648908982,0.3266266387987774,0.1982178278673669,0.0858222157815484,0.6237112899318153,1.3518019914146995,0.3962027207317201,0,0
2020-03-04,1,1.743395833059031,0.1258742562213808,0.4998843137331743,0.0074774434060913,0.8085736633860907,0.0559360329627893,0.0034680392482943,1.400751221620241,0.3624116626679277,1,0
2020-03-05,1,3.257084036062372,0.2056579177249053,0.1721256499687923,0.0130807536361715,0.5252287039505855,0.0564075332703438,0.0071968918880825,1.6070104232249223,0.34499457989648075,4,0
2020-03-06,1,3.5392046067260665,2.4207016525107368,0.3366521501337916,0.1866085023561978,0.3765464244675887,0.069095314497793,0.0079932858931922,1.8002298415750366,0.5525652871579063,7,0
2020-03-07,1,2.700225956254096,0.0139138523227189,0.2269168071577608,0.0011313404182106,0.609569365653355,0.0704010303688996,0.0109093351553473,1.8820476701822237,0.503596974900162,5,0
2020-03-08,1,1.58333545558505,0.0408511370137412,0.4992908151029742,0.0028959095761991,0.7701482527030246,0.057103409660622,0.013785916509787,1.8571549856324594,0.4650348217429603,6,0
2020-03-09,1,1.059128639956291,0.4603399785474367,0.3310313648908982,0.3266266387987774,0.1982178278673669,0.0858222157815484,0.6237112899318153,1.7957683436573695,0.4646736799586892,0,0
2020-03-10,1,5.983502096555317,5.977962631839614,0.4012055751083396,0.7385049998161588,0.0022224641270558,0.0995883419380355,0.0239495664260548,2.09489218315008,0.8584800336644696,9,0
2020-03-11,0,5.013857925025892,5.0073616927309725,0.3184209889871806,0.6615717837120596,0.0020685367120386,0.0998258304385743,0.0322940011830243,2.377372846369337,1.1832672989632935,19,0
2020-03-12,0,1.2514222000828832,0.0159637530178863,0.4998295677454452,0.0011629361655295,0.6175186615639564,0.0556694142921783,0.0171791297955775,2.391108100664094,1.151526139996897,36,0
2020-03-13,0,1.4693910708707103,0.0381936561743322,0.4997186572529901,0.0030810584071153,0.7151960503360251,0.0558502480639248,0.0248191278411217,2.2740758842859194,1.1534414601638194,17,0
2020-03-14,0,1.3030388136130702,0.01292144878777,0.499936850912845,0.0010708550754366,0.6449772126787385,0.0556618515137892,0.0272123751325439,2.2914980395471183,1.1214829937524144,36,0
2020-03-15,0,1.1079621486864433,0.0155932489494404,0.4993882351531095,0.0012681624243509,0.5455161769758058,0.056019777361758,0.0253078810667575,2.2949861473135575,1.0897153702097007,83,0
2020-03-16,0,1.226199714491958,0.0178205950930322,0.4999488628369137,0.0016446412133592,0.6041277666193641,0.0555821533977173,0.0367066396966457,2.3069197954946765,1.0581068428201001,54,0
2020-03-17,0,1.2260476693208209,0.0124826486761357,0.4997188319802909,0.0012236953476019,0.6064412946486996,0.0556275360210583,0.0424041701777569,2.3188425833064286,1.0261170335435787,54,1
2020-03-18,0,2.638483456231864,2.628543342971636,0.2955047834050684,0.2838701747698241,0.0029373510159853,0.0760331171185277,0.0319621250101037,2.3827774135330597,1.2048791111685968,181,3
2020-03-19,0,3.075886707109052,3.0728708731731964,0.4999163583726748,0.306596028814991,0.0015076647186696,0.0636882928380474,0.0360868169759178,2.369834747179251,1.4096800365577606,129,3
2020-03-20,0,1.8377059975761696,0.0122312803119103,0.1668036785611004,0.0016404023369645,0.3044958979599632,0.0999235099907261,0.0341918315869823,2.2482991322399726,1.2376464385435586,331,4
2020-03-21,0,2.311864780447382,0.7733535595074265,0.1827213697794004,0.0926061202428616,0.2811188777111265,0.074427738518235,0.0453184229940303,2.220559048253779,1.291892131913895,224,7
2020-03-22,0,2.175526446311738,0.9626096908386808,0.1677812094468967,0.133733243036193,0.2035046401916754,0.0999157886229966,0.0390120076676026,2.262858404734257,1.3577320286156767,396,7
2020-03-23,0,2.0410123372833726,2.037567697584874,0.3608938933964931,0.2909856224558641,0.0012431494321393,0.0999474238406588,0.0428628605983656,2.3329929545433337,1.4703911514040648,358,9
2020-03-24,0,2.0258264418474483,1.942230636476296,0.4139654421193051,0.2881844722360787,0.0346057745297885,0.0987645025280554,0.0496135875009017,2.0503018363499144,1.1821245803066849,303,13
2020-03-25,0,2.0274270801952863,1.8562919321743585,0.4929159237802252,0.2540311147710395,0.0843552395780012,0.0859241418578403,0.05092454576937,1.8369853474334428,0.9570481688383553,311,12
2020-03-26,0,1.7201504000237389,0.6684603106602781,0.2669669013885404,0.0752614649600707,0.2807664443784003,0.0607813807087257,0.0518078991031609,1.8704659331435038,1.003655065812812,424,18
2020-03-27,0,1.4661687920451691,0.5671328713585525,0.3654988736917481,0.084676658708545,0.3285966164193822,0.0982714062716355,0.0510351548270082,1.870235770370251,1.0414364383259707,486,16
2020-03-28,0,1.248575340709138,0.3536506028185661,0.4802918821159548,0.0458640839462137,0.4298250867135904,0.0761571570982828,0.0535304033941377,1.8663455223056844,1.065774235042456,479,22
2020-03-29,0,1.872302060858754,1.462615137084042,0.4997728359171239,0.1899385989969938,0.2047503957330503,0.0560554384492315,0.0738068843048367,1.9209412303179925,1.1691329413377844,360,24
2020-03-30,0,1.9826536775616408,1.7041939186165334,0.4506116765615062,0.3169535703195162,0.1254772188331681,0.0995044317503958,0.0864800192308747,1.974973656251541,1.2895881787323205,348,27
2020-03-31,0,1.086525614096995,0.8035023716397969,0.3360906332719151,0.116887562772362,0.0951214607881105,0.0940959352238691,0.0513766444448337,1.965007795164125,1.3460895875154388,1161,36
2020-04-01,0,1.1643437552183158,1.031230054518864,0.382969959434491,0.1607119537270938,0.050978548557044,0.0996391986211953,0.0562057101097438,1.8597121022345855,1.2319957811973838,1107,42
2020-04-02,0,1.4024780425419192,1.3994647969002056,0.3680856782188954,0.2154777702363117,0.0011091325656702,0.099624723708899,0.0543468307836411,1.7401829119083618,1.1124667757493132,1169,61
2020-04-03,0,1.2266884083270022,0.4560097583212033,0.2979756728922447,0.0650040252107623,0.2296434893191646,0.0811378865783305,0.0614117497497914,1.6965387983905644,1.1441652384642627,1112,60
2020-04-04,0,1.6322000473677862,1.0775705093863943,0.2441409250283813,0.1355084514476864,0.1354077684508407,0.0623876219661321,0.0633660528674985,1.6479913174563074,1.1658950205984746,1169,80
2020-04-05,0,1.5444470666707908,1.5423983173099027,0.4994836445896534,0.2469168657742942,0.0010233167976271,0.0932573452721739,0.0668289716040931,1.6029142189105254,1.2073084939178478,1043,52
2020-04-06,0,1.2788239932092154,0.6762005769912194,0.4983651896679533,0.0934422878211345,0.3003265331218315,0.0585738462523958,0.079613388424199,1.5484721943337998,1.1100679853040152,838,73
2020-04-07,0,1.1645399664341427,0.8560564511531713,0.3019651773220959,0.1101447921571273,0.093151279392762,0.0736881362976889,0.054977201144432,1.4869517318042784,1.032484114923792,1821,121
2020-04-08,0,1.1321779391678837,0.7638490635962718,0.3005800106158878,0.1094037181534521,0.1107122973294531,0.0954024089243047,0.0478244710542729,1.423005364588035,0.9544524814539288,2175,135
2020-04-09,0,1.126909013683021,0.7396405556259088,0.3484379583527026,0.1059960740288536,0.1349390308598195,0.0920073991609126,0.0513001482992942,1.3806309798494125,0.9595367846657593,1937,133
2020-04-10,1,1.2748583381397665,1.0233440316415454,0.3884368988043659,0.1423412878262476,0.0976974372210997,0.0830091716045965,0.0560850952549247,1.366965947427598,0.9921232961145446,1742,114
2020-04-11,1,1.453030129975847,1.0577841876341711,0.4997483247081202,0.1450270576626652,0.1975234975329348,0.0562114144222641,0.0808931664157527,1.3815698609466485,1.0424185521728022,1055,68
2020-04-12,1,1.6460063845519353,0.9404424043397396,0.2577341951044306,0.1495725737596479,0.1818479645346686,0.0784635160373969,0.0805813899232811,1.36540588406759,1.0051204998339234,1464,96
2020-04-13,1,1.5677645642087414,1.5653163188260275,0.4997997400291887,0.2438495581478052,0.001223632405808,0.0767562337534694,0.0790266934511035,1.335770947399526,0.9952006712774588,1412,120
2020-04-14,1,1.7299674403575642,1.6431015957226884,0.255757719411446,0.2412195396370441,0.0222166103185648,0.0733025143446488,0.0735049260869016,1.3817310778467093,1.0551720444262367,1909,200
2020-04-15,1,1.4365154843733927,0.1184811983530878,0.179589650304106,0.0170821222605045,0.2367053165152086,0.0919644936421627,0.0522113122911787,1.4011719156435007,0.9899756975572528,3242,203
2020-04-16,1,1.4509918083395217,0.1846458721112221,0.2351508184418839,0.0285897621785733,0.2977822833346383,0.0838977238726971,0.0709379182766829,1.4046371846290437,0.9032029172151824,2082,202
2020-04-17,1,1.536263343731198,0.1622523207310968,0.1796549313447952,0.0205217373266081,0.246847856004075,0.0731391056699741,0.0533412875480627,1.4267496800150579,0.8822202431016033,3296,211
2020-04-18,1,1.2170108413655845,0.0259856194132683,0.2486104198702409,0.0030377699718214,0.2961012805056122,0.0578996121692096,0.0590023528565069,1.3970933081577575,0.8071070366749515,2778,202
2020-04-19,1,1.7486638482482844,1.7458745780242095,0.4999254814153804,0.2283654891526144,0.0013944272595682,0.0559072107579248,0.0748957071762222,1.4116802211275785,0.821641055297402,2022,116
2020-04-20,1,1.0204614363614848,0.00812317569892,0.4999662201659224,0.0011230945269114,0.5061349337128067,0.0556507544444851,0.082607307246924,1.393225752781312,0.7739212409193806,1740,107
2020-04-21,1,1.081577700260845,0.3906431966534873,0.4085297979762069,0.0571696202585635,0.2822673331735046,0.0707944532084127,0.075552957288729,1.3872998766260765,0.7406774370265461,2742,174
2020-04-22,1,1.0964286281788014,0.4203462086831992,0.4795231068003026,0.0699480107824278,0.3241971422495966,0.0897880443070935,0.0766176692154596,1.3847463544125707,0.7161415188184694,2744,169
2020-04-23,1,1.83571606723963,1.7719937761030584,0.1979829539604994,0.2758595579072053,0.0126159274323494,0.0838661270489181,0.0718113711609634,1.435375429666614,0.7898810345668373,3875,408
2020-04-24,1,1.5126291822953273,0.1436152605833145,0.175452192575662,0.0182318400065334,0.2401964942309784,0.0566282622137816,0.0703209208499275,1.4523590613920112,0.7270432652055351,3911,373
2020-04-25,1,1.8338544386678564,1.6972708261453004,0.1966842890657565,0.2643434988411155,0.0268638507270316,0.0990998838018167,0.0566463263899122,1.4795607977271548,0.7727208822420443,5298,352
2020-04-26,1,1.6313009729302017,1.6277253034592838,0.3705376364361097,0.274636436098233,0.0013249201144306,0.0975511052609477,0.0711729635451146,1.4785104111827452,0.8218125178934403,3715,227
2020-04-27,1,1.0887364374672148,0.032654120314995,0.2874882850774227,0.0045098724540896,0.3036112942586825,0.066157055675981,0.0719533086696374,1.4442941164154932,0.7123366465712236,4145,305
2020-04-28,1,1.0269547665280294,0.3426196540597592,0.3004122328777882,0.0524786240527823,0.2055826391732653,0.0975902873080211,0.0555784624439388,1.3940789254276693,0.6194450793095859,6233,488
2020-04-29,1,1.0399793575582308,0.3670673844279815,0.3061363288682424,0.0540294834603278,0.2060028011055798,0.0910001693553262,0.0561921058301266,1.3657549163694434,0.6372012354577926,6199,443
2020-04-30,1,1.142313010755891,0.6614030445861572,0.2764163820081443,0.0893611851072356,0.1329313929202968,0.0848060100077046,0.0503025079204965,1.3437064308277555,0.6712553192060022,7327,443
2020-05-01,1,1.2250297902064018,0.7009179655238875,0.3688208943256196,0.11157798760218,0.1933033919060373,0.098022267556899,0.0611661012542546,1.3214754627188416,0.7097314366912016,5539,459
2020-05-02,1,1.3996801314390015,1.0535437342415783,0.4188646900629014,0.1657826752905585,0.1449843147315879,0.0909755447189134,0.0663816393280323,1.3345232691526572,0.7831284448932238,4915,371
2020-05-03,1,1.4735152598993868,1.1833042032911223,0.4982231571584733,0.1508397804107855,0.1445898688656658,0.0563437777232842,0.0711295972476277,1.3148697985563074,0.7429448466980032,4443,267
2020-05-04,1,1.233754192429427,1.2232466503110029,0.3789688140740783,0.1896645897668732,0.0039820307754526,0.0899298500064769,0.0651203107429126,1.330104995418303,0.8297393805988663,6982,304
2020-05-05,1,1.2511157916900886,1.2483843183052654,0.3958993406907988,0.2018308505075438,0.0010813885121659,0.0995604370125685,0.0621132139201328,1.3422148590918206,0.8910066035739933,7408,591
2020-05-06,1,1.3899586302686036,0.999826171398185,0.2287018677102381,0.1484287875587072,0.0892240219980524,0.0989878146870038,0.0494667785260746,1.3631812878125207,0.9323980294822064,10544,625
2020-05-07,1,1.7053448361681467,1.6514518437394614,0.2299586393330241,0.2455880186590467,0.0123931592084854,0.0971666245070678,0.0515437478783297,1.3538690570217005,0.9237878914562353,9732,676
2020-05-08,1,1.4725448994757917,0.6474062294131885,0.1955640969965855,0.0710123335704999,0.1613674989077564,0.0616529851951935,0.0480344573165439,1.3510058939631624,0.959772960658369,10407,754
2020-05-09,1,1.668750169437021,1.6184976881492568,0.2810076924301964,0.2397400542503174,0.0141213338055662,0.0997383421704951,0.0483867098488617,1.3392127318752454,0.9541463079443661,10155,670
2020-05-10,1,1.41299940139083,1.001694417735376,0.4989843743027368,0.1192564547801173,0.2052347599169141,0.0570128684580535,0.0620418578822724,1.323619762479576,0.9094298161069441,6259,478
2020-05-11,1,0.949185062426334,0.0165451742735993,0.4999703251415568,0.001957383002257,0.4662922681197078,0.0560337838041536,0.0622715884988989,1.3136518071195131,0.9082791771039872,6223,485
2020-05-12,1,0.8643267558609673,0.0833899275164839,0.4020053252121082,0.0096030869365092,0.3139407636487363,0.0637921681500153,0.0513666672454349,1.3020355206432945,0.8897627680651817,9613,843
2020-05-13,1,0.8386317124646581,0.0234483972068266,0.3953689289849599,0.003023202263341,0.3222981542798977,0.0834382531386964,0.0454917644089789,1.2876535459937535,0.8652185546922422,11694,778
2020-05-14,0,0.8858804141905097,0.1638078075309309,0.3703802941983481,0.0217132624421116,0.2674414644871429,0.0924802161856433,0.0400730654276987,1.2693369319533692,0.8296760377597261,14133,789
2020-05-15,0,1.1079114336198077,0.6916381779974579,0.3474433235970731,0.0936996222887699,0.1446313634580032,0.097682709277057,0.0377922041524823,1.2609713350543268,0.8290131957935526,15460,913
2020-05-16,0,1.263316370741897,1.2581933525362423,0.4879742755053143,0.1747878518984259,0.0024999010973049,0.0993134666173798,0.0396062403943381,1.251231066433105,0.8436310256717429,14048,719
2020-05-17,0,1.6015945445771524,1.2712432699555145,0.4999192875138981,0.1464775448724805,0.1651489738381573,0.0566505197092168,0.058573331094419,1.260379586767231,0.8499123875763422,7663,500
2020-05-18,0,1.2278145513892609,1.2070908749317264,0.3196248789996181,0.1795696757837361,0.0066238025801665,0.0997325237227517,0.0490298267455944,1.2599553266929335,0.8487584036206796,14559,723
2020-05-19,0,1.0647709016865237,1.0608904031594557,0.3247096996448001,0.1471640295245851,0.0012600355111964,0.0974169939831776,0.0413004730485849,1.2466449774069646,0.8353659811102646,17489,1149
2020-05-20,0,1.2244064970197597,0.806320497161332,0.1821453836312258,0.0795867286521411,0.0761524348350579,0.0618854934336049,0.0368180976723235,1.2348198250320472,0.8215441472362037,20232,985
2020-05-21,0,1.1683670712855705,0.5620970963136884,0.2409687568067318,0.07517884692591,0.1460921221582228,0.0957415878426319,0.0380054950349411,1.1964642703975774,0.7437330938486485,18137,1069
2020-05-22,0,1.3558149841305869,1.0719807819611311,0.2057147265325089,0.1243772049546002,0.0583888752798623,0.0828293857976996,0.0331962063095196,1.1881264193014915,0.774059847602073,21807,1031
2020-05-23,0,1.3599309009283735,1.06619329442052,0.2738166336085938,0.1335946886096596,0.0804302425782262,0.0871980163421569,0.0381026109538239,1.1660679001223022,0.734609533764306,16997,1046
2020-05-24,0,1.1140782960756517,0.6649553794462478,0.4160070514248401,0.0863012209750351,0.1868383002743225,0.0879465250500513,0.0418384554803775,1.1447163925997896,0.7105567453150826,14468,658
2020-05-25,0,0.882990040844629,0.3026475807701441,0.4990907001341376,0.0303918325069059,0.2896435247161424,0.0562049327459797,0.0442149431689976,1.1399881767725248,0.7309926314934073,12807,727
2020-05-26,0,0.7227946405087373,0.2733879720661448,0.4996043760208067,0.0255428801577199,0.224525538166851,0.0562302376530174,0.0372006472709907,1.1298787399616512,0.7445639203898117,16327,1054
2020-05-27,0,0.9069475804594562,0.9003746975273159,0.4975678604433587,0.0821996137497677,0.0032704552974897,0.058863856488586,0.0324310388205681,1.1347584448184225,0.8072015132698465,20199,1061
2020-05-28,0,0.9929291362346764,0.9878405748988838,0.3611242936527289,0.1212165225407689,0.0018376031180967,0.0976294903465295,0.0250790980845305,1.1424047821072916,0.8660609966532717,28337,1190
2020-05-29,0,1.0189204250163826,1.0157790605146992,0.3821259615841785,0.1278485730846993,0.0012003969308921,0.0996553916937105,0.0262071881274545,1.136048281492761,0.8892139168330748,26890,1137
2020-05-30,0,0.9245449562138126,0.6525756280628041,0.2987101064264577,0.0798761367145737,0.0812399869567199,0.0995331837171366,0.0228681645399061,1.111850323312184,0.8459555079421149,32321,864
2020-05-31,0,0.7629455060304595,0.0283487284557872,0.4999327944082383,0.002823758356307,0.367249019776193,0.0565785000580389,0.0430294368803317,1.0519468205588487,0.75717732640642,13223,471
2020-06-01,0,0.681241407188047,0.1542704906587871,0.4997260237873547,0.015071601329682,0.2633410807687451,0.0555848676578992,0.042111077077359,1.0129058816873333,0.6819758703869244,15149,741
2020-06-02,0,0.7317178934573719,0.7250384767070771,0.3655295571177573,0.090855845741511,0.0024415242465402,0.0996666357746988,0.0256451216842334,0.9891163810995368,0.6579864470688974,31677,1365
2020-06-03,0,0.8773775627106934,0.8656725593763027,0.3748067778733401,0.1109355563128354,0.0043871145847597,0.0998537079277549,0.0282958505990417,0.9643286000774606,0.6622258800842525,26085,1194
2020-06-04,0,1.0468505209772438,1.028245707232239,0.2325942835713507,0.127367278662862,0.0043273733239977,0.0998947084492985,0.0239738161329246,0.9556488464840088,0.6955222094355774,31954,1510
2020-06-05,0,1.0035481095254764,0.9930324213915416,0.2328221772963456,0.117167038797397,0.002448285407112,0.0941130840853313,0.0238760533017544,0.930486926869358,0.689883040823464,32101,1076
2020-06-06,0,1.8377769872362912,1.8210430562955453,0.1726388060267417,0.2306932547624665,0.0028889258577442,0.0958773979097436,0.0308045352630798,0.9646187901770664,0.7438008809573943,23790,801
2020-06-07,0,1.353889225107377,1.341219325819212,0.3627495525343107,0.1844604747560775,0.0045960002974366,0.0999647065082242,0.0375672177677771,0.9817481422507611,0.7921054485554632,17988,476
2020-06-08,0,1.0816615902885611,1.0730971750948994,0.4967738769411144,0.1094877454162625,0.0042545777394887,0.0640144923360932,0.038015172784011,0.9959389672110418,0.8471375624358027,17338,863
2020-06-09,0,0.9609720104240136,0.9399953291710244,0.3182197980461747,0.113495191239196,0.0066751952720052,0.0964402486235056,0.0242999164784706,1.0129516364907045,0.8947523736575799,31698,1193
2020-06-10,0,0.936664333915471,0.4497860698597261,0.1910638354162636,0.0380002672380044,0.0930248285113029,0.0620515324846427,0.0224336701136848,1.0150742617375628,0.8625674716813235,33790,1238
2020-06-11,1,1.0688846357340664,0.5006735004339362,0.2438704184907755,0.0567956201194824,0.1385698873567614,0.0895351904066268,0.0239032481571426,1.0204996545589478,0.8277698235052559,28692,1268
2020-06-12,1,1.1371051362130564,0.6762091454244453,0.287063205468313,0.0729583204050753,0.1323062805032728,0.0802457827482228,0.0276473460252434,1.0289414196444244,0.8035148295702376,24282,843
2020-06-13,1,1.27354594385137,1.2589101808353695,0.4961115751477016,0.1584172729743873,0.0072609714433563,0.0961734662597813,0.0296633689537261,1.0538700616185357,0.8468244404825638,21230,857
2020-06-14,1,1.1808030627402943,0.8009627086814359,0.4985920022700644,0.0728796534579447,0.1893853626731763,0.0583690344382764,0.03262103622047,1.0837170299549523,0.9020111533558245,16794,634
2020-06-15,1,1.0913463887080574,1.0168031674635345,0.4981696146852813,0.0925220139975543,0.0371351678047838,0.0648329856936294,0.0261600569700309,1.1130102429206674,0.9636206302704492,24617,764
2020-06-16,1,0.8892545429557013,0.872810533201248,0.4787370199639064,0.1025112213973067,0.0078723562261043,0.098290975369389,0.0191585941509529,1.1242628607419767,0.97417577716289,36983,1332
2020-06-17,1,0.8897024467517488,0.8807508194800995,0.4952969119782104,0.0764060824017834,0.0044337133448278,0.0658422700383021,0.0209088072378852,1.1251432096020522,0.9752527957417325,30925,1185
2020-06-18,1,1.1112520429105968,1.1049135874459253,0.4998285102174269,0.0899267902359266,0.0031681407519862,0.0582152573098204,0.0231728179728791,1.1297433183115773,0.9807290728998529,25520,1239
2020-06-19,1,0.9747496458422276,0.7053932190739475,0.2240887383169833,0.0714132397940098,0.0603597418320747,0.0879346465308302,0.0133042622975851,1.1276862851913454,0.9601834155914536,56059,1172
2020-06-20,1,1.085098726669649,0.9993931031550984,0.4593132368558704,0.0869033896842926,0.0393657273532188,0.0655029357941874,0.0214532273111385,1.0739235522937278,0.9014941332242788,28857,982
2020-06-21,1,0.838697546809316,0.0653875744140718,0.4993647057699391,0.0056396744516291,0.3861637068341108,0.0560100660624602,0.0302398751865519,1.0371241467010093,0.8103632938381973,16567,609
2020-06-22,1,0.7244913116646055,0.5281913536588588,0.4997052638687214,0.0427676252915711,0.0980921223126805,0.0555892282340901,0.0253807175920077,1.0116119839421551,0.7714414494499087,26495,736
2020-06-23,1,0.7075346788992738,0.7015217852847341,0.4990065073911033,0.0776014498146138,0.0030004730419057,0.0919513956624486,0.0186673355621517,0.993509317404674,0.7544076248866023,39527,1406
2020-06-24,1,0.7942898833016779,0.7914289735916566,0.4294829419322691,0.0928103915613721,0.0012287119188625,0.0993789405986303,0.0178904476323573,0.983339713789403,0.778810689438883,41033,1104
2020-06-25,0,0.878778237106635,0.8690997458369512,0.3587366205811164,0.102212363655218,0.0034720292504102,0.0998895190715924,0.0177176533442579,0.9697606853160149,0.8051268498248126,41464,1180
2020-06-26,0,0.9638300882335488,0.9471937827545648,0.2870910927618016,0.1087188456253001,0.0047761351194807,0.0976474777186329,0.0171324623577592,0.9573838961746216,0.8244828953483926,44884,993
2020-06-27,0,1.0303418667750883,1.0251831533411395,0.3434013487133339,0.1215110213348306,0.0017715091508436,0.0990578938306627,0.0194682650696452,0.9400121763834586,0.8077881076702332,36920,1031
2020-06-28,0,0.9528608763712366,0.943619838155286,0.4681646429508896,0.1119534424253991,0.004326327356866,0.0968341528334751,0.0218083744837341,0.9237305916428115,0.8179779026326512,32883,594
2020-06-29,0,0.7332887725032676,0.2865889437490562,0.4990509366448216,0.0244124009021414,0.2229259679388706,0.0555950314813452,0.0295876018149254,0.8981550476281838,0.7658197437959027,21550,722
2020-06-30,0,0.6915070219176648,0.6838882275169528,0.4999971237644808,0.0815808301283826,0.0038093752869089,0.0995359624402659,0.0197537501851211,0.8840302246968955,0.7523252933898815,39680,1317
2020-07-01,0,0.7544101699246869,0.7463384447482092,0.3264297326972062,0.0853059768438783,0.0026348510917629,0.0964343940178458,0.0178649261420018,0.8743664906378196,0.7427244094804609,46825,1086
2020-07-02,0,0.8252743078240061,0.8124847549184806,0.29408342766131,0.0932748851327585,0.0037611955567126,0.0969956719603467,0.0178063407150998,0.853939509560206,0.7218366357285005,44401,1259
2020-07-03,0,0.8629142660454295,0.7566132883948185,0.2410725802799964,0.0730618340885171,0.025626250968519,0.0788865224607049,0.0176777795534989,0.845951268146149,0.7254952121085626,43040,1213
2020-07-04,0,0.883428611917757,0.8792406096393655,0.4116265519109978,0.104808044744418,0.0017238929372497,0.0974314048382102,0.021771511400391,0.8315462599495854,0.7169128911431532,33567,1060
2020-07-05,0,0.6159973532662901,0.3588041693270915,0.498995581923556,0.0298958160317925,0.1283382624865126,0.0557439164402144,0.0275767876861053,0.8156391032679405,0.7378712193512261,25193,558
2020-07-06,0,0.5292662884705748,0.2169949792228745,0.4986340427169062,0.0186423852141605,0.1557091053546819,0.0558036415347206,0.0301079555027988,0.8016944587540813,0.715642906891513,24454,685
2020-07-07,0,0.5839384604169129,0.578693530523105,0.4117544571511835,0.0675430664644996,0.0021596232612208,0.0986875535326643,0.0180289171067165,0.7928661574339125,0.7068694601228251,46699,1300
2020-07-08,0,0.7508685529226363,0.7387348608872686,0.3155067419643632,0.0874910846526972,0.0038282616420778,0.0993927070202648,0.0190409682872937,0.7897646338354097,0.7031055949296545,45250,1173
2020-07-09,0,1.310739488890731,1.2777960107479882,0.1835579528060004,0.1511071064142365,0.0060470374061911,0.0981100265964366,0.0201460214293999,0.8206190089628451,0.7322981852804429,42962,1222
2020-07-10,0,1.528697810824304,1.5140577088565794,0.1704095854443972,0.1768637846308426,0.0024948137071836,0.0979837007481902,0.018830726863298,0.8609667034336133,0.7727884657163011,44311,1298
2020-07-11,0,1.359463677363726,0.01886961030229,0.1668073569537789,0.0023018300912413,0.2236209530744352,0.0995820217636094,0.0224040740998537,0.8844754041899446,0.7009089269278119,34947,932
2020-07-12,0,1.633587511492681,1.6275708527587298,0.2962364193264978,0.2055433943528937,0.0017823534396552,0.0961614441918768,0.0301270021786747,0.9330987352700478,0.7497625708280579,23658,617
2020-07-13,0,1.21311549829459,1.1935655805694003,0.4954142766263801,0.1212593800474739,0.0096853083479301,0.0704492731448,0.0311449601520634,0.9673720728265708,0.8145466163152253,22893,835
2020-07-14,0,0.6666361334007767,0.0385241100492262,0.2276562406453426,0.0031729205423883,0.1429936219403536,0.0638548587617105,0.018507083884958,0.96559558078965,0.7684491793532449,42922,1294
2020-07-15,0,0.8497771271895757,0.0772295204511975,0.2600347785632562,0.0084757868058185,0.2008892458477876,0.0907495154736493,0.018998502593801,0.9724075063085708,0.720655684760601,40142,1280
2020-07-16,0,0.8155817690266034,0.2557052186394589,0.2234303662214625,0.019985225871112,0.1250934226918088,0.0614671152543607,0.0166901706135156,0.9717151821087563,0.680885717883528,43683,1299
2020-07-17,0,0.9858197558270588,0.3534529726017339,0.3199380852633142,0.0406340324098851,0.2023182178092317,0.0953875382947987,0.0195755135386088,0.980494145664587,0.6520885524697365,34618,1123
2020-07-18,0,1.0069498827064127,0.6215164603033432,0.4945883216032876,0.0487658086655366,0.1906308694761451,0.0556805915534744,0.0227820265431332,0.9893170935780624,0.6336796846600204,25753,844
2020-07-19,0,0.8514578188438049,0.254096444483592,0.4997877975082412,0.0204368477131156,0.2985539256079867,0.0560750405133984,0.024354450558978,1.0061356982621705,0.6262005614569134,23412,708
2020-07-20,0,0.7076604151328577,0.0141874279511958,0.4993437904065079,0.0011992536367145,0.3462814299638146,0.0575874710555321,0.0269418489057678,1.0188781358809051,0.6117143077946505,22753,768
2020-07-21,0,0.4401604168027238,0.1970985998110462,0.4977935295408645,0.0141265755366555,0.1209945997769028,0.0570731293076454,0.0145995033249473,1.0086082756227488,0.5844575270295037,46927,1317
2020-07-22,0,0.7457277958428876,0.7382444769512924,0.4226377652385005,0.0820297641996764,0.0031627331729108,0.0987643037873754,0.0123503293195764,1.008241078688481,0.5844224996055053,66150,1296
2020-07-23,0,0.8866679254876279,0.8704055556050019,0.3751752492839479,0.0963210241839847,0.0061012386746619,0.097952132025124,0.0127101030257929,0.9779502527311165,0.5553231813810063,57326,1313
2020-07-24,0,0.9649811348397082,0.94679106784427,0.323217737937207,0.099479143065403,0.0058793523071917,0.092836842663777,0.0122329519762433,0.9376847758750738,0.5148041355944127,56903,1165
2020-07-25,0,0.9807629837816731,0.96082978337674,0.4397385204832309,0.1098475865535403,0.008765396054561,0.0997507911226756,0.0145749598625737,0.9106347263334987,0.5820870050997307,47535,1099
2020-07-26,0,0.94294953221918,0.3788518584885751,0.4988143810025076,0.0302620113235161,0.2813800319468861,0.0566287520113032,0.023249465939761,0.8613034420996771,0.49289279122329094,22673,581
2020-07-27,0,0.7162547086842601,0.1912283053472193,0.4994725323283576,0.0147496943567866,0.2622362672140014,0.0558158996899167,0.0213154346593844,0.8258133856989394,0.42129727156456376,28011,685
2020-07-28,0,0.7053116312814577,0.7026833878247538,0.4957625267768077,0.0700740525546786,0.0013029846170801,0.0869757679018618,0.0127477402510801,0.8285759212618452,0.46873721997710144,54004,1258
2020-07-29,0,0.8025111082430121,0.7941458005686789,0.4540804723942417,0.0902887758013449,0.0037985228604843,0.099700776448962,0.0139921697791614,0.8251997770513764,0.5199455256997786,55451,1199
2020-07-30,0,0.9009097980522144,0.8940713620761928,0.3403149931269674,0.0986411795142995,0.002327222292179,0.0981053259337928,0.0122227571458812,0.8312946362674914,0.5655431073738312,58055,1202
2020-07-31,0,1.062168290777159,1.0495347085607998,0.3013356775989698,0.1143502343892149,0.0038069490576688,0.0952070190900236,0.0137462470158877,0.8367481030496414,0.6152632313709072,53264,1267
2020-08-01,0,1.0770975543743773,1.0600751209944823,0.4393582659112487,0.1197986455657358,0.0074789468113803,0.097538530984246,0.0154710503116057,0.8417586510259244,0.6465888499917029,41541,941
2020-08-02,0,0.8523705714210437,0.276702479364349,0.4980928208413885,0.0216480987195585,0.2867361438408992,0.0562357890440593,0.0220002237639549,0.8418238476385845,0.6482035667688998,24066,524
2020-08-03,0,0.7551842590587038,0.0263228512172582,0.4989142278597352,0.0021857645523026,0.3636393265099744,0.0568432563249362,0.026193514056137,0.8452184079190019,0.6490703827164757,20106,602
2020-08-04,0,0.6541795886071533,0.6511346766839194,0.4926134283620504,0.0719823479503129,0.0014999645015646,0.0976671128607084,0.0128819801731668,0.8605054916193183,0.681501531064538,56283,1358
2020-08-05,0,0.7387058334501715,0.7285739087450747,0.4034921549196288,0.0810208232525103,0.0040881521327429,0.0986018474109669,0.0126028255535974,0.8600039228769816,0.6808107761926653,56169,1366
2020-08-06,0,0.8201155136171308,0.807748854579271,0.334979788029095,0.0877661387493237,0.0041425808231303,0.0961175099983959,0.0125377214535114,0.8552501791719461,0.6763352975479703,53989,1226
2020-08-07,0,0.791388663321958,0.3424623480537968,0.2967798957070494,0.0386373398501048,0.1332323050254348,0.0991239780153259,0.0136981762147074,0.8428507169206781,0.6331689604200793,49403,1085
2020-08-08,0,0.595653164871608,0.4153714625967606,0.3331264145097264,0.0334765808873946,0.0600565970805299,0.0654203400172021,0.0151739807339408,0.8153428727128164,0.594207651792938,46389,827
2020-08-09,0,0.7420706526913876,0.2407361860587048,0.4997807169119914,0.0192060789833373,0.250557299146373,0.0557444472256855,0.0240361594947925,0.8009943813179741,0.5843422466193758,22730,569
2020-08-10,0,0.5944428662797815,0.1224944094611787,0.4984331070604648,0.0097282170100028,0.2352347357044878,0.0555574140558668,0.023860226739291,0.7922935354319398,0.5794326826275158,26506,789
2020-08-11,0,0.6031526463853986,0.5963777966410875,0.4972235302549986,0.0631724876396785,0.0033686147068135,0.0916337631826595,0.0142931978737009,0.7849964650822213,0.5718394261143968,50520,1194
2020-08-12,0,0.7142886239735993,0.7039075454322792,0.374158374517726,0.0797329460332225,0.0038841674727611,0.0985199543889832,0.0147519469432541,0.7786948590629776,0.5653938364617968,54954,1184
2020-08-13,0,0.8882117381169025,0.8725490688243228,0.2337904205741461,0.094856780197329,0.0036617820412259,0.0961943736207359,0.0125178851925586,0.7777878547818838,0.5638565298009489,60713,1242
2020-08-14,0,0.9673270357563652,0.9062291288815728,0.2486982224184395,0.098932523520227,0.0151949408332481,0.0943575619311713,0.0148118747678289,0.7710134794232557,0.5536204169667184,49407,1007
2020-08-15,0,0.9957778273317388,0.992291489380552,0.3655692341466545,0.1149554154766908,0.0012744978947917,0.0974192929952365,0.0184291413679896,0.7652049274916387,0.5487787289942948,36881,723
2020-08-16,0,1.0044620212553252,0.8967054343696239,0.4979266412346128,0.0739172433117897,0.053654875378903,0.0566996744524319,0.025732348906223,0.7760686024798017,0.5930646543518144,23006,587
2020-08-17,0,0.6566982315777491,0.0134387438630155,0.4994918787005774,0.0010433635235974,0.3213028900106033,0.0559484786083207,0.0216899922363303,0.7690338862311622,0.5921443609693685,24397,796
2020-08-18,0,0.8708581097978534,0.8674197946335067,0.4990501279994533,0.0967679801482826,0.0017158916228696,0.0989093834319463,0.0126490347030329,0.7845109234590693,0.6075932979657678,49264,1352
2020-08-19,0,0.933141229349291,0.9278607420682684,0.4320797421839383,0.1048596325022657,0.0022815915829897,0.0998289708803285,0.013183281657187,0.7983991660232921,0.6218280717745672,48603,1163
2020-08-20,0,1.0385075724232709,1.03282068723915,0.4309402410796512,0.1143887209621948,0.0024507076722373,0.0968305020100735,0.0139232061364675,0.8139985987951592,0.6379046312502729,42974,1237
2020-08-21,0,1.1223526200376104,1.1076354708032172,0.4978360964214943,0.0796660364122805,0.0073267281253028,0.05670657963645,0.0152178381997804,0.8376388814177058,0.6925598543038028,32326,1051
2020-08-22,0,1.0098219642077206,1.0062223168683355,0.4236154724206083,0.1079738077551336,0.0015248663082212,0.094899595111385,0.0124065199936549,0.8672223670845709,0.7347634867517725,45908,828
2020-08-23,0,0.7566348451583179,0.0201282472207992,0.4999161383859534,0.0015641686572738,0.3681915343367002,0.0565106124403902,0.0211995150295024,0.8682626665464946,0.7190057768347792,21873,455
2020-08-24,0,0.6813254315155628,0.0134219198525098,0.4985890019309231,0.0010399014652934,0.3330093452662402,0.0571218653781351,0.0203559825542504,0.8744685640633361,0.7112148847198744,23513,723
2020-08-25,0,0.4605336537643398,0.0301154183328133,0.4992555439781239,0.0022729140326278,0.2148886902684709,0.0636703801593268,0.0118030536648124,0.864281493161832,0.6707675719835692,46307,1203
2020-08-26,0,0.5415503368888889,0.0159943737354975,0.4994651118114255,0.0015586000588085,0.26249686789957,0.086442917003597,0.0110038530033754,0.8519430440843526,0.6216309168623704,48152,1079
2020-08-27,0,0.4012710796480384,0.0237442673185633,0.4992863585623073,0.0016418845000337,0.1884939873876192,0.0577455981383,0.0114030716439908,0.8171615684794338,0.5610020024691018,42260,985
2020-08-28,0,0.5069031595037036,0.2926306354221368,0.4984779504238739,0.0201003465041054,0.1068101286363295,0.0575923814369605,0.0110960744901145,0.7842741487471008,0.5171735386505707,44088,849
2020-08-29,0,0.6521960004235047,0.4173209813358154,0.4980678755818069,0.0282668923843482,0.1169837017842417,0.0562240816446422,0.0115100933634482,0.7597325896822269,0.4761042166473752,37291,897
2020-08-30,0,0.9030074313047745,0.1099482300918592,0.499595018782871,0.0087313735809128,0.3962084265258951,0.0566504493223361,0.0227630489542431,0.7524858332571877,0.4199072734846777,14534,401
2020-08-31,0,0.6590248562636487,0.6534989496622922,0.4998418751009956,0.0576156137209403,0.002762079517255,0.0768544383406373,0.0113103762328432,0.7526520207347519,0.4656258596131974,50225,647
2020-09-01,0,0.6971082263393645,0.6925243815314205,0.4995505041440741,0.0646240176296334,0.0022898619847266,0.0809632553389115,0.0123533402251702,0.7402413147734312,0.4531333301059056,44329,1150
2020-09-02,0,0.7985100333310974,0.7893498365851926,0.4725990670931217,0.0881100532597355,0.004329100436504,0.0998735105498094,0.0117500677116474,0.7306248007721317,0.4432396939999717,46453,1204
2020-09-03,0,0.9632989642729508,0.9534588307359274,0.3204847599380424,0.1032714850474142,0.0031536128343712,0.0969488002494274,0.0113636739952173,0.7252527573328231,0.43757098996402716,46809,867
2020-09-04,0,1.0022480067092276,0.511399652794731,0.2717002470958731,0.0570002348498163,0.1333636190451713,0.0991418558642372,0.0123174197498888,0.7166738563807957,0.39498271724913525,39539,849
2020-09-05,0,1.0381694867704503,0.6866392932725973,0.2999734553657849,0.0611262184751827,0.105449726808954,0.0751382062464878,0.0138841073234923,0.7186986794209906,0.3721553584208683,33857,604
2020-09-06,0,0.8542355441176577,0.0137077188824393,0.4999094339433573,0.0010850341706876,0.4201877893269792,0.0556741807285862,0.0234807961127965,0.7256701579180864,0.37169674925384255,14672,458
2020-09-07,0,0.9666868076945556,0.0146439112851365,0.4999703960537877,0.0012983552299422,0.4759932639780124,0.0558710291127485,0.0327907501524692,0.7460531133594431,0.371784034356173,9516,320
2020-09-08,0,0.626677794929845,0.0155009812915523,0.4993130797618883,0.0012586666316695,0.3051685770967935,0.0557790662513773,0.0254200919177546,0.7579205520141219,0.37074014599608296,18786,525
2020-09-09,0,0.7791962936170898,0.7766275454497734,0.4969622852004648,0.0853425740313025,0.001276570959334,0.0953333367150069,0.0145553409803965,0.7748952632089934,0.42507108683281697,37087,1157
2020-09-10,0,0.8437274587326098,0.834138334801913,0.3565171580888392,0.0901150082426776,0.0034186872123336,0.0952801976059441,0.0127534515897586,0.8064992902864628,0.4829563773673419,40761,974
2020-09-11,0,0.7869866319085237,0.4201592763553542,0.2732303892928075,0.042429591175801,0.1002283811610436,0.087857065243967,0.0131274745806774,0.8265052526010929,0.4920655660054289,41533,848
2020-09-12,0,0.9061995900868528,0.8708867647469662,0.4223929847121594,0.0859299992375101,0.0149158896939339,0.0828892246463234,0.0157803185318609,0.8446483661484748,0.5244631219633683,30800,767
2020-09-13,0,0.7800253468399301,0.0653525775423044,0.4995286969413209,0.0054234535185416,0.3569995571866882,0.0557938733052853,0.0271937259983668,0.8358639315438431,0.5212777182098286,14020,405
2020-09-14,0,0.5626152551109479,0.0349368280602022,0.4996028325924121,0.0027114924018437,0.2636296368524611,0.0558954674814048,0.0217158255979609,0.8289775314615072,0.47709470952396504,20611,458
2020-09-15,0,0.4694484030482868,0.4619402037345688,0.4999733899867502,0.0355496698223398,0.0037538998635757,0.0620106435051556,0.0149466542899649,0.8127161155121447,0.46062441110990415,34552,1082
2020-09-16,0,0.7199404600995445,0.7165327660922225,0.4938742826945567,0.0802670165266568,0.0016829724335086,0.098618938820769,0.0134024792148799,0.8071040031384623,0.4554231917889777,37297,962
2020-09-17,0,0.8464500696836236,0.8363005409988612,0.3627700269980545,0.0955593624026032,0.0036819447949887,0.0998685729109399,0.0143958066008429,0.7987576535249389,0.44705474252204447,36405,869
2020-09-18,0,0.978700979138628,0.8421046255213079,0.2510660019668298,0.0939650871252384,0.0342947003859478,0.0982755063204594,0.0133081191311511,0.7970757229841817,0.47067652628822854,39731,828
2020-09-19,0,1.0454275544329064,1.0396813713217128,0.3647794141110815,0.1200179554643182,0.0020960893086761,0.0992510905073114,0.0161861566867432,0.797594156388643,0.49589381757745105,29558,681
2020-09-20,0,0.954128759448595,0.5527673376164788,0.4979538528909252,0.0448231927679276,0.1998594664030821,0.0558404822266967,0.0252482321702217,0.8047293860551384,0.5343980760584539,15442,351
2020-09-21,0,0.6890742546742644,0.0142545801841384,0.4992303053306715,0.0011145536578842,0.3368904321388499,0.0556198178076724,0.0225693426927868,0.7848999179822604,0.5343702666940968,17635,466
2020-09-22,0,0.7017893274468434,0.6857151193895045,0.4995564887932899,0.0543182732072712,0.008029974937257,0.065980053797357,0.0132339983233414,0.7902650274477605,0.5822427051296649,34967,794
2020-09-23,0,0.8666081775365433,0.839483247654327,0.4964228601999223,0.0815342089825586,0.0134654352748521,0.0839229513413282,0.0132013322109408,0.7965087334420071,0.5867323981442759,32726,932
2020-09-24,0,0.966495886009951,0.9589121199658688,0.4970242571886246,0.1082600906816904,0.0037693156847522,0.099467003190696,0.0134318625422177,0.8052779068189599,0.5956448113702726,32015,795
2020-09-25,0,0.940362803925191,0.8789973577764553,0.4432505681079171,0.091019919965996,0.0272002688676228,0.09072664145594,0.0128230668119476,0.8162333476772935,0.6284189600432084,32310,822
2020-09-26,0,0.8393453993395802,0.5841557347436539,0.4985824112651567,0.0428539781423703,0.1272330783041835,0.0573840517133164,0.0159764848586235,0.8114580483382026,0.607938172185829,24718,722
2020-09-27,0,0.7979483115685888,0.0128683165519988,0.4998016966132862,0.0010140204627934,0.392384313486442,0.0563853510843984,0.022414424993224,0.8127382601045353,0.6041892964008071,13787,339
2020-09-28,0,0.6858394231155771,0.013637138463553,0.4994106706857498,0.0010645091076157,0.3357049938145606,0.0565562406374983,0.0215033251915628,0.8215399863905802,0.6026678900010466,16871,391
2020-09-29,0,0.4094044911543789,0.2514111763078288,0.4985796172749507,0.0172197257641876,0.0787722464481937,0.0556876479095874,0.0128046363916632,0.8172511355410154,0.587630102327708,32848,858
2020-09-30,0,0.3560836006535302,0.2574638739872341,0.4989804968289899,0.0174439862791069,0.0492093202090875,0.0560210584771179,0.0117320829984579,0.7912613598663001,0.5548394671773517,32901,982
2020-10-01,0,0.6990128823850782,0.6911380099789309,0.4931866103095566,0.0750383454405411,0.003883781628608,0.0975285634652494,0.0110435948549514,0.7807301322021184,0.5444707149616423,35783,773
2020-10-02,0,0.7946485051937942,0.7189224850654992,0.4432148446088528,0.078742364803763,0.0335628962440091,0.0974805688195435,0.0120477411714689,0.7675835269203445,0.5356719906433703,32818,654
2020-10-03,0,0.8249233459386875,0.7582393698725329,0.4996465183330699,0.0546116319447241,0.0333184164700599,0.0560088253590083,0.0160154378415491,0.7518332263136145,0.5155689905398575,23008,588
2020-10-04,0,0.895714029587725,0.0359685427037952,0.4997423177753211,0.0030390660730272,0.4296512023122469,0.0571148785042242,0.0273774540891286,0.7476607456092667,0.4786547909032372,8715,358
2020-10-05,0,0.6445992985989589,0.6231033002064363,0.4989315361359521,0.0471716234264749,0.0107250314987572,0.0609095358249664,0.0147948031038224,0.7444839630324591,0.5221439851905442,26053,393
2020-10-06,0,0.7521530926286031,0.7327626473759253,0.4958384014657686,0.0820618121468169,0.0096145273777972,0.0998039305201196,0.012185691823058,0.7480813748311562,0.52550452290386,31526,810
2020-10-07,0,0.8538673485543189,0.8467305181892072,0.3926004082713615,0.0951304943225581,0.0028019225151063,0.099708733241321,0.0126416453962664,0.7471713156181402,0.5260221850849228,30938,725
2020-10-08,0,0.9731739388831756,0.9609000174311132,0.3551775445638417,0.1064545164759159,0.0043594212835129,0.0980103956105761,0.0127758615907851,0.7476483193947991,0.5261641777610117,26830,735
2020-10-09,0,0.962352777390418,0.5424094161135925,0.2602852060031957,0.0565315979203153,0.109305044299613,0.0910985902798911,0.0131245228167965,0.7492190317851725,0.5021221819279501,27733,654
2020-10-10,0,1.0890337682372613,0.8941458699353116,0.2762103915342713,0.0721783577111735,0.0538300626952727,0.0668727691187922,0.0138504776556914,0.767053915277864,0.52426433444164,23744,534
2020-10-11,0,1.077200875543025,0.5752518483308138,0.4998778807712217,0.0444571932465794,0.2509132159780163,0.0562080744815866,0.0210749336053568,0.7870005269903236,0.5644345867115553,12191,278
2020-10-12,1,0.8631759999917225,0.0137034505839039,0.4998783166569192,0.0011221849682301,0.4246329080442419,0.0556464423004136,0.0262442436519479,0.7996674253386198,0.5644393232915804,8636,194
2020-10-13,1,0.7185241820567443,0.2752028954035838,0.4997147985801795,0.0219823865851703,0.2215342074661901,0.0564376252881606,0.023439392549654,0.8217474032602173,0.56613873179842,13359,378
2020-10-14,1,0.885106624077103,0.8816084382486331,0.3495274314160007,0.0991269272052522,0.0012227119072409,0.0984686678362099,0.0139700554162282,0.8595347620761868,0.61072048638852,27844,732
2020-10-15,1,1.033058279089672,1.0280577023701614,0.2550251676811119,0.1116613741007968,0.0012752729163955,0.0974660237937835,0.0111478933466301,0.8833951475550863,0.6347861787021792,30426,814
2020-10-16,1,1.056668313958553,0.8322115767608016,0.2249184933084087,0.0814432796758314,0.0504844711434397,0.0866363510248212,0.0112273196451198,0.9021108481811406,0.6428782566804151,28596,643
2020-10-17,1,0.9874070624987544,0.637925957180437,0.3346455609933396,0.0682563540500079,0.1169523005458207,0.0921299871687669,0.0148673113134794,0.9137168279354312,0.6342844414881226,20776,415
2020-10-18,1,0.6798081449273017,0.0257866935662102,0.4992968121419556,0.0019863693442448,0.3265508257370481,0.0562819252982176,0.0207488634356933,0.8982949790311151,0.6335571665497237,12051,235
2020-10-19,1,0.5558033007067422,0.0198608253909965,0.4997858049400634,0.0014912883269495,0.26785644142725,0.0578847642150219,0.0172021618110032,0.8919524077530997,0.5904684183486208,16579,326
2020-10-20,1,0.4198052857871139,0.014511128765805,0.4984984252041614,0.0010818269984405,0.2020384990195706,0.0625157929563273,0.0120357471685073,0.8682132786929933,0.5391647384478979,23766,648
2020-10-21,1,0.3568160033781579,0.0173567047807679,0.4997794404196617,0.001288622238002,0.1696547782982544,0.0626140143089518,0.0116294699398485,0.8327096111804104,0.4799237517758666,25856,571
2020-10-22,1,0.4163897091330039,0.2476159383461321,0.4924389610642641,0.01681729591897,0.0831107803411853,0.0563594382426911,0.0115574173171552,0.7929393090553981,0.4289748889840822,24764,505
2020-10-23,1,0.7227097955357417,0.7121577046225395,0.4976663697477357,0.0771456409378341,0.0052514207780214,0.0992321304183909,0.0090944950426412,0.7758219532086356,0.4410997667347213,30001,563
2020-10-24,1,0.6581026298062757,0.6406648598471031,0.4990256038512545,0.053406286803217,0.0087018936836953,0.0723222928653499,0.0110384315170714,0.7450411576064223,0.4229939802998492,24984,387
2020-10-25,1,0.8108352184047585,0.3670845306259432,0.4998325559373532,0.02796590677118,0.2218010404714436,0.0569862337826397,0.0191975997433693,0.7260150392394031,0.40812488617807274,12254,233
2020-10-26,0,0.6190282789576017,0.5956624558370722,0.499114757998368,0.0421229839309402,0.0116622271522357,0.0556308310590614,0.0150853665427257,0.7085759163083946,0.44969338655329905,18611,302
2020-10-27,0,0.6397739803951352,0.636941680089037,0.4836637093027469,0.0699637435459673,0.0013698808719068,0.0992935217294299,0.0105497272414761,0.7029509019039939,0.47553187117368856,29982,526
2020-10-28,0,1.5335448808798249,1.5174511566641486,0.171534708522643,0.1637986343141204,0.0027606322923797,0.0973217787868463,0.0106214875217728,0.7492679202470455,0.5209492082033682,28351,504
2020-10-29,0,1.618598701184203,1.5648609004108374,0.1755922794835394,0.1715436187051254,0.0094359429322275,0.0993989587582145,0.0102233205511403,0.7910922361109405,0.5592922937777022,26700,551
2020-10-30,0,1.5366840324580695,0.615104754218937,0.1667550548271315,0.0674371153205246,0.1536780030703148,0.0991571342332384,0.0104780374313939,0.8253790731466203,0.5437846635961405,24353,573
2020-10-31,0,2.3518551642614303,2.145629704270845,0.2461070361540817,0.1842690937471668,0.050753536737795,0.0712790944728426,0.014602030951727,0.9228396518439543,0.6514777883883125,13170,292
2020-11-01,0,1.5678489064676098,1.1420446539212694,0.4954118947902834,0.1115861262648311,0.2109484915637428,0.0800881956537233,0.0176191276822726,0.986271134811119,0.7312104998422452,10188,203
2020-11-02,1,0.9530876850858744,0.0131207554842206,0.4998349900696746,0.0010305767895642,0.469828360923265,0.0579708706832761,0.0205746666376235,1.0146485908382,0.7307290662774755,8249,165
2020-11-03,1,0.829901305396715,0.0117896650741395,0.4644388052746314,0.001304040455097,0.3799627928126859,0.094412210371785,0.0161965683252002,1.0439411636674572,0.7305346760137851,14582,288
2020-11-04,1,0.809537942200228,0.0793326938624541,0.3140315817622272,0.0075196523207577,0.2293075091465911,0.0835996775113537,0.0111866199739586,1.0762784450118907,0.7349615323767628,23316,618
2020-11-05,1,0.8928561063299592,0.2425351969817387,0.3294350141819447,0.0239162461539785,0.2142384779939462,0.0873513488480572,0.0112580342501792,1.1103117590973877,0.7345986222793061,23845,603
2020-11-06,1,0.9876910365293806,0.3667883777893602,0.4139169607730462,0.0399524144263298,0.2570021414415731,0.096005379935005,0.0129195938254061,1.1292389905969333,0.7099293846483646,20200,271
2020-11-07,1,1.1203465327201132,0.7069894938981919,0.4994594918527542,0.0570580744890262,0.206455096563756,0.0670455819661157,0.0136601074132552,1.162256412233636,0.7146668585091567,17744,228
2020-11-08,1,0.9236178947831788,0.014514284341607,0.4998960002631369,0.0011082010253151,0.4544572586845186,0.0562220165457909,0.0201304235217066,1.1703123176892374,0.6894832694888471,10502,190
2020-11-09,1,0.7713729214680335,0.0192247925031055,0.499632936570524,0.001497448529813,0.3757979784107721,0.0574287963206692,0.0204627351260885,1.181194077868554,0.648309150679278,13414,186
2020-11-10,1,0.7563811021130804,0.7509168228239679,0.3270396926604618,0.080564541496618,0.0017870362193223,0.0979797000117252,0.0093085362454403,1.1895231579912642,0.6564502323032017,46424,198
2020-11-11,1,0.8592684036947889,0.8457218050374716,0.4983743503766286,0.0744046486178759,0.0067512773056533,0.0752863490079665,0.0126913384238708,1.1413605524780475,0.6084695643298675,26247,574
2020-11-12,1,1.0845973158961275,1.0739483426433662,0.3148134052557671,0.1160314823867474,0.0033524395321794,0.0982299307317136,0.0098120278797713,1.103217596386042,0.573404381632191,33919,933
2020-11-13,1,1.1569772963625933,0.9854129828879752,0.2391173239105845,0.1043644765980601,0.0410239995166072,0.0961345112196247,0.0097748672951543,1.0760956866649367,0.5998549693942652,38718,576
2020-11-14,1,1.170862793102862,1.1438709901769584,0.4092802456562086,0.1111732933738589,0.0110472117322178,0.0859377687542797,0.0112526437385314,0.9917390887250389,0.5283007755304162,26278,734
2020-11-15,1,1.5047611367731446,1.1309328524034536,0.4991516708044888,0.0846864394700187,0.1865970127371068,0.0572136699283445,0.0176682642997075,0.9872328194611486,0.5275070754220008,13906,140
2020-11-16,1,1.141304545553465,0.72617884390879,0.4995769721486475,0.0541691427378058,0.2073872410887295,0.0575649236858643,0.0170298447960025,1.0006768809231192,0.5784397960237557,15744,257
2020-11-17,1,0.8756307472867826,0.8726592749544761,0.3781546064519883,0.092606039368736,0.0011236759504062,0.0950961367292358,0.011023218243032,1.0039432696295527,0.6399304824437797,35490,678
2020-11-18,1,1.113833411761788,1.095789127342471,0.3013772087762579,0.1201016584555317,0.0054381360726587,0.0988112423223029,0.0107916506602225,1.0256786603125214,0.7125345134066381,34752,754
2020-11-19,1,1.2651980661924438,1.023970337306349,0.1969014688520594,0.0783565559520141,0.0474980941455184,0.0662429030878362,0.0102793877415431,1.052274514588413,0.7683513091441102,35862,650
2020-11-20,1,1.35288885650139,1.082616815261084,0.2125008862045936,0.1104940980907726,0.0574330482798895,0.0926458200286715,0.0094162360314182,1.0783600731578422,0.819481911820662,38770,513
2020-11-21,1,1.396231057077716,1.249489294630132,0.2677457249401577,0.0917573748464994,0.0392894795655247,0.0625285921501663,0.0109073110151033,1.0980661106119567,0.8582318975872292,30222,357
2020-11-22,1,1.160714674880989,0.6656435188019844,0.4995329550117134,0.04936903160701,0.2473043575372103,0.0580882745007573,0.0160790991947962,1.1150015949046574,0.9047411286201132,17926,178
2020-11-23,1,0.752009154466353,0.0151096358989348,0.4993982069912133,0.0010864304806931,0.3680062983052569,0.0558332170323975,0.0160699372169888,1.1136184686902517,0.9044471888626724,18158,355
2020-11-24,1,0.8124586613291696,0.7106062448532136,0.4970916080174899,0.0716653229720767,0.0506299814865,0.0897028476027997,0.011148113799714,1.1176240086342581,0.9015678618647615,34533,627
2020-11-25,1,0.8656318902640417,0.8401025117695151,0.3819367501776042,0.0912650271390543,0.0097506078562535,0.0995173974365983,0.0091181867456487,1.1180785433892049,0.9011664837741931,44628,623
2020-11-26,1,1.0012905202378528,0.9977105778153288,0.3663472304019731,0.1067400328596263,0.0013115019914902,0.0971530767489723,0.00983188986665,1.1121280579850423,0.8957209291436189,40885,710
2020-11-27,1,1.1124202105553105,1.1004936703051529,0.454344936570752,0.1219965154932521,0.0054187631734664,0.0997120508867338,0.0111441210160305,1.1089454089988078,0.9039409782448459,33508,559
2020-11-28,0,1.0819477850973578,1.0609055181119378,0.2761105576232892,0.1094084850032303,0.0058099920710024,0.0949021324436066,0.0082253215430041,1.1025943369984146,0.8980148730973444,51485,544
2020-11-29,0,1.0169408936588782,0.5476053481324575,0.4998404170876888,0.0388926653161531,0.234592874830004,0.0557401408097609,0.0152830247761704,1.067750033918824,0.8563486227922734,21012,233
2020-11-30,0,0.7390463907736045,0.2569384132841255,0.4998245858636552,0.0186589374269988,0.2409694201902432,0.057528505093228,0.0150917667785591,1.0390173085774055,0.8228314491762259,23695,351
2020-12-01,0,0.7222131542100221,0.7158303422188592,0.4620935428181273,0.0772007941558722,0.0029494562061384,0.0981930030343457,0.009654889968587,1.0280589090719228,0.8116293825522531,51985,685
2020-12-02,0,0.8077326220994329,0.7935643185441456,0.4184954218909717,0.0869278090019037,0.0059293701738493,0.0998002017651965,0.0097407730122222,1.006194566953183,0.7900418962095157,48475,679
2020-12-03,0,1.0087638085660446,0.9970143110914942,0.3096545184303625,0.1069733977893423,0.0036382849822806,0.097833549532289,0.0094601939970609,0.9878778342655831,0.7881164657655975,50139,761
2020-12-04,0,1.2675575309549718,1.235608363327288,0.2622806432673915,0.133939995989492,0.0083796482372466,0.0982355140075761,0.0101645259766255,0.9817827395836959,0.7990444334846121,47671,678
2020-12-05,0,1.2139836257453207,1.197508674659664,0.3621406679072611,0.129489582083019,0.0059662497898992,0.0968149345504343,0.0113175448404314,0.9687650659170963,0.7953315320581502,40282,647
2020-12-06,0,1.3490275480823388,1.2569615233304925,0.4998225740727541,0.0909092857833833,0.0460166774761138,0.0579402754475466,0.0143843614613912,0.9822159854314785,0.837568532381615,26430,340
2020-12-07,0,0.8054437074341833,0.3330764579966354,0.4961061081884096,0.0241329561213883,0.2343442777541255,0.056903350921736,0.0155513529217643,0.986032739214895,0.8602804482457364,27024,425
2020-12-08,0,0.7362113635008344,0.7159644959147877,0.4988990414823854,0.0653445558687415,0.0101011428316994,0.0799508738351288,0.0113169980238671,0.9805865036557282,0.8606631804644203,47796,798
2020-12-09,0,0.8447383752182239,0.8227836650761733,0.3505196025058,0.0778361331391827,0.0076955562721216,0.0853220092910801,0.0092789611012727,0.979094109723884,0.8594261199863243,54591,853
2020-12-10,0,0.6861804438467994,0.0921437872813288,0.2767231782699078,0.0085414422028129,0.1643837116136267,0.0829924784433804,0.0097044081815922,0.9565862471245231,0.7947427778053245,53550,769
2020-12-11,0,0.7466794888758329,0.3617018638049891,0.2589738467135419,0.0272739776503007,0.0996991364632401,0.0655376577505581,0.0098669237005495,0.9304619098617033,0.7419719344838842,52550,661
2020-12-12,0,0.6918617486327128,0.0877242002701141,0.4497576432102849,0.0094523646100846,0.2717154799264018,0.0963942760545401,0.0113566590463743,0.9025986215427999,0.6724589832094683,42324,677
2020-12-13,0,0.6916691514638078,0.0142264665110419,0.4990655431168407,0.0010189527563734,0.3380883014964829,0.0559053103140446,0.0157184309419139,0.8793649256717234,0.6343604916650813,22029,295
2020-12-14,0,0.5723598743284949,0.0141039148994807,0.4994734610902374,0.00105644164263,0.2788340362302608,0.0596930166759224,0.0152111251995346,0.8674587459256442,0.6170151703518924,27380,513
2020-12-15,0,0.3019876279749596,0.0186823926657417,0.4997721809161486,0.001345556984055,0.1415880753154504,0.0617970445968925,0.0102256886862164,0.8374426369088541,0.5672188882409556,48032,934
2020-12-16,0,0.6294520783473116,0.6255409877819952,0.4997515060931304,0.0675115047645075,0.0019545734004835,0.0997275921854555,0.008197397676337,0.8247083123551312,0.5552172217579447,66124,941
2020-12-17,0,0.7972715263070774,0.7920195960756596,0.2991395637700683,0.0829250899952475,0.0015710601183771,0.0976750977017954,0.0070257081950902,0.8096017207652049,0.5405747421139566,68699,1061
2020-12-18,0,1.0265523703809447,1.0167960524216872,0.2994043402686913,0.110459409435523,0.002921083942043,0.0991250580524898,0.0095097160228456,0.7923870664384888,0.5249452913349851,52853,817
2020-12-19,0,0.9015437778512172,0.8953137430198373,0.3719423498585461,0.0951798627784522,0.0023172137948839,0.0963612177855822,0.0099477309159271,0.7700699344460528,0.5033599390749974,48242,659
2020-12-20,0,0.6751791683984025,0.1455353403975169,0.4979306063993109,0.0106886947081216,0.2637258724521333,0.0563352850781453,0.0171086954624328,0.7219379073257717,0.42397235457978494,24484,419
2020-12-21,0,0.5401980685135013,0.1047885335303652,0.4996528231027221,0.0075410751286307,0.2175536033601673,0.0574324765387241,0.0145322210724467,0.7029917902600086,0.4076660742607657,27645,561
2020-12-22,0,0.5270525854983314,0.4860805270067796,0.3272774574736836,0.0404785918137858,0.0134092311305781,0.0743783495581215,0.0088971358085681,0.6880518775455442,0.39124579076733645,56665,969
2020-12-23,0,0.8073200439398818,0.2943431184153584,0.269848998453595,0.0297509470832166,0.138426309582597,0.090660980671588,0.0104147544887428,0.6853791395970912,0.35350003743442115,45679,965
2020-12-24,0,1.1557607690031966,0.916326936615294,0.2041572008383386,0.0964513656233207,0.0488821410063101,0.0966234767849227,0.0086352052086355,0.7189205913939766,0.4123702623868472,58211,760
2020-12-25,1,2.146746614733438,2.100546892237668,0.3033780982721124,0.2448012377660681,0.014015983951466,0.0976546037356521,0.0188870638989544,0.8189253860980913,0.5365734787034672,21183,482
2020-12-26,1,2.105423904657543,2.065579645543306,0.4959888744877868,0.1948961173871458,0.0197623092328702,0.0744195890465437,0.0199346121132389,0.9198941115284364,0.6778488676515523,17533,296
2020-12-27,1,1.920051129723788,1.651596295408316,0.497011398571074,0.1275879333702502,0.1334251126562983,0.0557439922550844,0.0215072910790836,1.0076356814041492,0.7948038554299289,17614,337
2020-12-28,1,1.5804507246640078,1.5606070832691965,0.4992667937125364,0.1136366664258686,0.0099072712147688,0.0575975829370152,0.0152180973480055,1.0796421707138286,0.9052683674563372,27437,538
2020-12-29,1,0.778473248114009,0.0882476663134683,0.237806609029581,0.007121384089921,0.1641402050734562,0.070704405738651,0.0099932986587076,1.1136768578666179,0.910237315574032,56371,1051
2020-12-30,1,0.7779354267429441,0.0609947869360652,0.2217208849920539,0.0042874413279017,0.1589607131447505,0.0598676715293575,0.010424259031787,1.1242828113234489,0.8699125869421799,55600,1217
2020-12-31,1,0.8278150867710592,0.0968095735118563,0.2589519471954344,0.0078760973861214,0.1892953010690685,0.0715757152227026,0.0097808810353822,1.1264644942137332,0.8202547281876226,54469,1016
2021-01-01,1,0.91278303677689,0.063483332022237,0.4999461602800096,0.0047092796685501,0.4246041263190345,0.0573291057167266,0.0168522505312502,1.118338113242015,0.7521609624448047,22939,469
2021-01-02,1,1.032551939543736,0.0136746125946998,0.4995252827687424,0.0010597672315319,0.5089549848508776,0.0557534846234167,0.0217454005693309,1.127695839077195,0.6891867388430092,15353,293
2021-01-03,1,0.990425054163658,0.0170637415106343,0.4998135959919068,0.0013048777887855,0.4864992178765104,0.0561928320789699,0.0202779576345495,1.1502134023461417,0.6800101960653746,17190,311
2021-01-04,1,0.7603460477582693,0.0152306749837763,0.4984427321446443,0.0011586819028093,0.3713973421686934,0.0555966200555797,0.0204789251217382,1.1659382580064823,0.6736132061691896,25039,597
2021-01-05,1,0.6515968930296793,0.6451265428377239,0.4983620462188132,0.0593090967725047,0.0032245769614152,0.0794677124547388,0.0124663389820867,1.1748342799730072,0.6849736358714,58083,1188
2021-01-06,1,0.7734476234476639,0.765121437628662,0.4617876579363921,0.0852741456219791,0.0038449298489001,0.0998667037094275,0.011585075613694,1.17241482136642,0.7186006586723502,62507,1231
2021-01-07,1,0.800459197899138,0.7335207970620561,0.1899340444272367,0.0586824586725627,0.0127138811984784,0.0715697685527321,0.0084313151351488,1.1470361377161302,0.7055430772756904,87969,1518
2021-01-08,1,0.8846970315969529,0.404638999827809,0.26448863362641,0.0428667481554424,0.1269698928840046,0.0944198741536974,0.0115183774080255,1.056889738920667,0.5844067992464147,59586,1081
2021-01-09,1,0.9358537142491408,0.8649785539264834,0.3642782669725735,0.0831451473931202,0.0258182805737409,0.083327997401028,0.0127959434940279,0.9733490110343526,0.49864957841664176,51393,1009
2021-01-10,1,0.9047714061204544,0.4912014850079096,0.4994854672154935,0.037579262275335,0.2065721652731741,0.0571671843148567,0.0193375971695272,0.9008290307769716,0.41576423481661273,29027,490
2021-01-11,1,0.6340395697142927,0.0813573668749465,0.4997705415391147,0.0061248850149522,0.2762142838120508,0.0557785994461278,0.0195051179382698,0.8332282339948491,0.310103540788452,30747,491
2021-01-12,1,0.6663772042069113,0.6632414456685078,0.4999362994715969,0.069853780972001,0.0015676795197258,0.0935557263450484,0.0117660707594624,0.8252213737157706,0.35117452502809765,64424,1125
2021-01-13,1,0.743474038150666,0.7261199364394968,0.4965313487345653,0.0804859117685626,0.0086168555287237,0.0989956871336586,0.0118481386993332,0.8227598459591794,0.39868346427834284,59827,1264
2021-01-14,0,0.8790926748351092,0.870255900573058,0.307066568969586,0.0955995343392158,0.0027134779534068,0.0992060489489693,0.0106461615057533,0.8264225308208972,0.453929630497,68329,1154
2021-01-15,0,0.977916197087822,0.9627809556199994,0.2494549005498004,0.0985539475665912,0.0037755601551529,0.0910260986560571,0.0113377329001306,0.8310748994145352,0.5181651750396973,69097,1135
2021-01-16,0,1.0158093227545333,0.981381126099432,0.2774826255821058,0.0971239474837026,0.0095532264019145,0.0860948641842769,0.0128717298338172,0.8298789982153065,0.587287068861464,58445,1014
2021-01-17,0,1.0374525867719069,0.8548182942216653,0.4997598330313461,0.0677995639267217,0.0912732835507067,0.0580648164675418,0.02124977516559,0.8332381076873243,0.6471266797693948,31416,551
2021-01-18,0,0.7322097352069844,0.2164259182426784,0.4986401442273845,0.0173336634629856,0.2571905168812324,0.0574224693407316,0.0226680466368852,0.8312283710765183,0.661497768573602,28933,476
2021-01-19,0,0.7024437247329448,0.6865214148118365,0.495386242723541,0.0768701233647183,0.0078876932872976,0.0988148668570016,0.0131556000595869,0.8348602876267515,0.6644545451431815,62149,1160
2021-01-20,0,0.7733669922677501,0.764895599056763,0.3866527731701925,0.0864200139093535,0.0032754876776432,0.0998562777047002,0.0131264797015694,0.8348545282567575,0.6644384138166173,64477,1395
2021-01-21,0,0.8226603012777401,0.7579650213317495,0.3596702743738098,0.0841269888165306,0.0232689690888648,0.097583606918674,0.0134069882260979,0.8364403213552293,0.6661844298358811,58950,1347
2021-01-22,0,0.8852962224274161,0.8392350763401798,0.325337478811064,0.0857795533564359,0.0149854171391695,0.088851749672007,0.0133598424965566,0.8364831207002623,0.6972270067296218,56605,1071
2021-01-23,0,0.9036928876857588,0.8924702363847745,0.3392401013256892,0.0989856688697602,0.0038071733644887,0.0979933800797612,0.0129186311383743,0.834185918802878,0.6991906983337856,58298,1145
2021-01-24,0,0.7656780383309041,0.320998953518559,0.4995909507899168,0.0251924383038544,0.2221576467777895,0.055769894681539,0.0227114773843605,0.8242506782464815,0.6870333746559748,28519,595
2021-01-25,0,0.6175977448206014,0.1131413017378244,0.4994723630159324,0.0087522142206785,0.2519620516651668,0.0561857607497452,0.0211707314087023,0.8230762621826464,0.6893036557176089,30530,690
2021-01-26,0,0.6695397001835495,0.6508703441886561,0.4980253065611862,0.0733112726599076,0.0092978117426567,0.099988609395185,0.0126471456587557,0.8233021547524062,0.6884200056119052,61608,1155
2021-01-27,0,0.7318219540206626,0.7284079762397601,0.3791974341704114,0.0815438179360278,0.001294571614833,0.0992246628440991,0.0127233396434342,0.8224698630288346,0.6885834370262096,64772,1336
2021-01-28,0,0.8860665879446457,0.8685132760816818,0.3071610414726905,0.0979256707659378,0.0053916935531229,0.0994197036237631,0.0133312162098769,0.8229679996795157,0.6884589638482542,60760,1438
2021-01-29,0,0.967853675628392,0.9481326721433908,0.2787702011001216,0.1046930937271192,0.00549762810741,0.0975482909229126,0.0128720086860496,0.8222492481466993,0.6874126578856393,59503,1087
2021-01-30,0,0.963304951746398,0.9378362459981692,0.3121834714250813,0.1032179104519161,0.007950908973186,0.0962379612311949,0.013821668999942,0.8184989359318325,0.6843023093069778,53114,1192
2021-01-31,0,0.9958511059801628,0.8389793270506218,0.4990672839752318,0.0670463636417176,0.0782895726427289,0.0567560335718509,0.0231581686974884,0.8155274015895649,0.683170954509046,27900,568
2021-02-01,0,0.7513129912890173,0.4137711024530694,0.499957035027275,0.0326010142005401,0.1687564419399266,0.0556712481038095,0.023118725403917,0.8168919198811387,0.6972670390955026,28490,623
2021-02-02,0,0.6975277353363583,0.6933886174626515,0.4777011091567166,0.0788029808148402,0.0019772611992001,0.0997979838360781,0.0138510995642343,0.8165407777813826,0.6977575535705608,56278,1261
2021-02-03,0,0.8756888136084678,0.8660787007061117,0.3498637882204852,0.0980974109906895,0.0033622305052448,0.0995990188960453,0.0136671437641273,0.8238494793057196,0.7049849179740857,54414,1199
2021-02-04,0,0.972506927647516,0.9514372427289028,0.272110451569915,0.1030375435810732,0.0057332814776396,0.0944670401394892,0.0138296913249444,0.8345528097607036,0.7188043623595967,57107,1276
2021-02-05,0,1.0265587292273364,1.0200095110970306,0.2980921737327592,0.1153074923531048,0.0019522706687128,0.0981166428007676,0.0149288642250349,0.8446429888178407,0.731716821985086,51690,1251
2021-02-06,0,1.047089379571177,1.0151170997505077,0.3283809592936426,0.1127965762147265,0.0104990879183161,0.0948077522811777,0.0163090599983605,0.8548855953810849,0.7404773122254955,46310,937
2021-02-07,0,1.1343690277224978,0.9382851612012664,0.4981747079754283,0.0833488619603543,0.0976840229429072,0.0638871059145809,0.0249439503643487,0.8812206660519131,0.7845691842028318,26162,489
2021-02-08,0,0.8050335389713654,0.4697049969257162,0.4997045784703469,0.03749638795514,0.1675652077519971,0.0561845011524325,0.0236451540578782,0.8946089370626819,0.8100380195733955,28586,721
2021-02-09,0,0.7816525621895806,0.7718093925358246,0.4960954984400124,0.0887106866855126,0.0048831521556096,0.0993978000103648,0.0155407943413422,0.9026169986345413,0.8186765230267647,51217,1315
2021-02-10,0,0.9451105948083464,0.9361807762810276,0.2894802085908496,0.1056546432553063,0.0025850057299666,0.0990459243916931,0.013811171088326,0.9178519015479472,0.8335174373154267,61108,1361
2021-02-11,0,1.1570439556764047,1.1401258263897305,0.2677820465076893,0.1290554193952786,0.0045303712834672,0.0989936840802878,0.0142003304820693,0.9372074278145014,0.8529183337660015,53604,1442
2021-02-12,0,1.3498860706116578,1.3458130231866874,0.2524409577567154,0.1494833291746955,0.001028203992948,0.096045480398891,0.0150274001567904,0.9644954560275918,0.881324073126237,48942,1220
2021-02-13,0,1.3547804205493037,1.3488663168506991,0.3032993331928998,0.1490244079212679,0.0017937437082203,0.0943798428192981,0.0161013857943769,0.9924579895135136,0.9106833639014177,44856,1025
2021-02-14,0,1.3991502611854476,1.395042569213464,0.4987820046054346,0.128137713341337,0.0020488428360876,0.0712687030961069,0.0205834856249742,1.021265072028177,0.9504021669130492,30723,653
2021-02-15,0,0.9605336020016906,0.3834110364176199,0.4991171772418089,0.0313601439901554,0.2880517858568721,0.0576747626485887,0.0241177289895424,1.0362094013647964,0.94823359076766,25808,611
2021-02-16,1,0.6258889986004499,0.0191732843888882,0.212131741686088,0.0015482421819015,0.1287036611640174,0.0673159516376048,0.013434020589316,1.031092348740803,0.9000753526909626,65284,1092
2021-02-17,1,0.9977105791688444,0.9748011065112476,0.4089899494391967,0.1120943277239993,0.0093697440639091,0.0977960658635206,0.0171959329916898,1.039808189137973,0.907841238819901,47225,1189
2021-02-18,1,0.9208801394447356,0.4019110542751469,0.2411642674471563,0.0355237255961515,0.1251567992526447,0.0725669571698693,0.0158200757775551,1.0361205614092028,0.8685893682160613,53479,1439
2021-02-19,1,1.2286281901934146,1.167327210116644,0.3022216084919581,0.1283476076011144,0.0185264808009351,0.0944787124570628,0.0154712711369026,1.050554094335351,0.8791120610031765,52157,1331
2021-02-20,1,1.2772338844462616,1.269805962582897,0.3263773706747827,0.1462879687398796,0.0024243056073426,0.099178282438077,0.0160266961574849,1.0669929875407145,0.8973041226340615,52371,1031
2021-02-21,1,1.3052573368143103,1.016699760917788,0.4994413086247079,0.0810960518007656,0.1441175733193326,0.055731906006809,0.0240321058658398,1.0791992953329868,0.9029051654709558,29485,606
2021-02-22,1,1.5256529234189415,1.5134458769775152,0.4998921432410812,0.1304990090117294,0.006102206608248,0.0618462951704627,0.0243801176777769,1.1306721085078135,0.9774580854746558,31846,711
2021-02-23,1,1.004200088806962,1.0014428748002155,0.3846584113826722,0.1153063047201599,0.0010605855596771,0.0998931846787843,0.0152469871888951,1.146568360409055,0.9938604770649694,63585,1359
2021-02-24,1,1.0797704767842236,1.0636578505015697,0.3225191508354454,0.1195861834647821,0.0051966305464105,0.0976457813755949,0.0147834019453301,1.156186923407332,1.0029659823664365,65386,1446
2021-02-25,1,0.9714477527238532,0.3360446777041087,0.1995391304815341,0.0267442240854617,0.1267877770947328,0.0642631129713104,0.015322209635734,1.142930051767864,0.945531614603178,68279,1575
2021-02-26,1,0.9955926130968964,0.5087329935454553,0.2220399911119198,0.0377041479385707,0.1081023055979546,0.0581552470993972,0.0159585776710456,1.1176233762310954,0.8857401839145186,63395,1343
2021-02-27,1,1.0836873279864294,0.5318547240607978,0.303006109140211,0.0578771190022477,0.1672086502122168,0.0915317354788164,0.0172895579758067,1.0982595839051756,0.827382213000954,58418,1252
2021-02-28,1,0.9892619928984382,0.3618875817214846,0.4990887586388871,0.0290121963320375,0.3131155160761085,0.0555885559046151,0.0245805291853669,1.0689818504561035,0.7535854281800984,33365,773
2021-03-01,1,0.7536873631049811,0.1754149585037393,0.4993067042655799,0.0142908568676991,0.2887352885091779,0.05657707231196,0.0248917886654491,1.0542071191063387,0.7387285654719642,40385,828
2021-03-02,0,0.6239010144816535,0.4565096945463565,0.4986282535303122,0.0346387785107183,0.0834660415154708,0.0566799425130006,0.0191974789843449,1.0540651202407105,0.7699668804832119,59695,1721
2021-03-03,0,0.8882662028706438,0.8819932157253035,0.4966792091827886,0.1010324864087257,0.0031156622945613,0.0983380444976407,0.0162121409316678,1.046247664790839,0.7633377454270729,72899,1848
2021-03-04,0,0.9667264790451564,0.9619398922219218,0.4161417893758961,0.1117082074921842,0.0019918988056238,0.0997558853219822,0.0163721684113511,1.049522403333726,0.803339805280414,76022,1808
2021-03-05,0,1.0858622425305706,1.072326297750188,0.374934638133058,0.1247140202435184,0.0050750945580218,0.0993193636469756,0.0169829414491287,1.039324835643523,0.7965540258256671,72505,1714
2021-03-06,0,1.1630471175609842,1.1495851860243893,0.3963826645737332,0.1342510863386627,0.0053360762927847,0.097691690045556,0.0190905092823104,1.0311686380088603,0.7879668275000595,66904,1490
2021-03-07,0,1.1196329101548044,1.11245906779281,0.3310275485879758,0.1306527457540464,0.0023747394510475,0.0993518490491774,0.0180931424445499,1.0179097503903243,0.7948067779911324,81684,1098
2021-03-08,0,0.922217638200698,0.3060980254362042,0.4999738385609713,0.0265817343429384,0.3080436878065632,0.0559952296040966,0.0308453643692169,0.9748072300175925,0.7085676457381817,36585,1122
2021-03-09,0,0.8640318003852501,0.8601931658890554,0.458538953407286,0.1019662932513778,0.0017601634443982,0.0972734269573365,0.0212654051269549,0.9647952094160416,0.698478380815956,71294,1951
2021-03-10,0,0.9348825102224888,0.9049639883083872,0.3230847647390936,0.1037870390011718,0.0096662186139589,0.0945420958111517,0.0201442788314203,0.9544460689473463,0.6871431049450144,81467,2381
2021-03-11,0,1.060241441488334,1.0065505073075856,0.3070342903020365,0.120422978709742,0.0164849578718395,0.0984623956072585,0.0211768851198065,0.9607884752876663,0.7350363784881199,77071,2195
2021-03-12,0,1.2199094449336552,1.1840376873605492,0.2591018068624189,0.1411095572548442,0.0092944372025224,0.0998742853543741,0.0193022904938194,0.9768111061331491,0.7832724280463408,82471,2122
2021-03-13,0,1.1546004995426906,1.110618601302508,0.3437344128213135,0.1350496450174908,0.0151180919663559,0.0993180374752637,0.0222805426845748,0.9818763326728821,0.8246127049921773,70343,1956
2021-03-14,0,1.1705982126118395,1.0025940577095809,0.499668541584468,0.0896060154281916,0.0839463910601427,0.056951865779915,0.0324223078840462,0.9948289197952679,0.8703774532770414,43448,1070
2021-03-15,0,0.830387440360493,0.3315001479192241,0.4995176638617166,0.0299883198965948,0.2492030148505596,0.0559869308988443,0.0344755321945417,1.0003074967420902,0.8815263953781474,44314,1334
2021-03-16,0,0.8067064654514051,0.797201994122545,0.4943824452924898,0.0943926413480995,0.0046988437767742,0.0980321365216638,0.0203727872542664,1.0133650289542153,0.9058615596335894,85645,2850
2021-03-17,0,0.8679638465833617,0.8550233557145571,0.4132071317830761,0.1027889159614111,0.0053471031157638,0.0997123826126186,0.0205052877871668,1.0119148606479809,0.9039351410613932,88652,2661
2021-03-18,0,0.9643588450777124,0.9341121630649696,0.3444699368394093,0.111532157540056,0.0104190726425312,0.0986491034438958,0.0207500029483188,1.0117457439360205,0.9019474461216109,87926,2724
2021-03-19,0,1.0388422925038796,1.02817439253652,0.3233371221829795,0.1233646590111463,0.0034493280751819,0.098560588904289,0.0214235887864274,1.0083871760769711,0.8987937386063489,88259,2656
2021-03-20,0,0.979587462743344,0.9660448561192468,0.3971049628050128,0.1042803361351557,0.0053778362997449,0.0829682483985411,0.0249773976805303,0.9952829150185682,0.885683715041696,73154,2368
2021-03-21,0,0.6966817462437602,0.0446303849825441,0.4984264930019882,0.0040306000775942,0.3249996732506005,0.0556356783120337,0.0346749940958047,0.9650721175963508,0.8094102376981055,47445,1247
2021-03-22,0,0.641495344232862,0.0179306535169844,0.4996104824173406,0.0015987137012483,0.3115394559469794,0.057416304087235,0.0317446235796799,0.9450205251700768,0.7888268539895897,55970,1603
2021-03-23,0,0.463476766201107,0.3243510039613427,0.4992148928880631,0.0251830663223643,0.069453652494494,0.0557755043766416,0.0218658964971035,0.916409451299781,0.750552413851896,85208,3147
2021-03-24,0,0.8243480682403103,0.8190336284867571,0.4991612092317423,0.0972687431151302,0.0026527621737728,0.0969282215822186,0.0218321561752167,0.9085141340153396,0.7444145310074939,90906,2317
2021-03-25,0,0.9243493790843442,0.9162152473143872,0.3938696127290101,0.1110906162307525,0.0032037873301197,0.099339542135115,0.0219099312352328,0.8988075581293403,0.7379620124365511,98261,2654
2021-03-26,0,1.0989969243352893,1.096281749845755,0.3988701982886042,0.1369948272060441,0.0010830021870286,0.0994984650471462,0.0254646908434986,0.8901709495151712,0.7316937311854944,80346,3510
2021-03-27,0,1.2025594233760553,1.197807222037489,0.3389985599798572,0.1485708012289114,0.0016109894105083,0.0990570797737269,0.0249785734561727,0.8935965869318403,0.7379214898094216,81703,3409
2021-03-28,0,1.3240639010513051,1.272930682487345,0.4996789672511802,0.1238684092792512,0.0255501938442684,0.0595579929302602,0.0377516335744671,0.9045584218203734,0.7572312487221191,46958,1582
2021-03-29,0,1.0313448835978822,0.5446222346605217,0.4996195245544131,0.0537678538606801,0.2431761384519486,0.05763292659912,0.0410921169977415,0.9189125249087585,0.772454254917926,42615,2013
2021-03-30,0,0.9017653727625018,0.8977907537637235,0.4812366153595456,0.1117405850328195,0.0019127321943158,0.099829413957352,0.024632310073977,0.925702446859551,0.7796391663208674,86441,3655
2021-03-31,0,0.7474664141859707,0.0374714833072968,0.2278444437046015,0.0031708284248167,0.1617684000591384,0.0596391279686085,0.0249806453884631,0.9170954874025945,0.7212426040060631,88725,3925
2021-04-01,0,0.8416935020773186,0.0884337871237965,0.2331614381384104,0.0082373093539255,0.1756311184302923,0.0698523403271002,0.0232942908625636,0.9083336771882807,0.6608370057245507,87773,3655
2021-04-02,1,0.8470118734176892,0.2436902152049536,0.2914492394177465,0.0211252998384859,0.1758376384103554,0.0593033747920625,0.0273857843139718,0.89463150439641,0.6048024216294389,69375,2801
2021-04-03,1,1.015545787658198,0.3020650980968906,0.4992118383394637,0.0294401257290583,0.3561780066556084,0.0565918892035175,0.0408709620644403,0.8971999561760425,0.5573752960564133,39355,1909
2021-04-04,1,1.051858284407731,0.1901696538944169,0.4999773411359283,0.0199793656229756,0.4308247903711061,0.0566384303691308,0.048422315201076,0.9225697089020404,0.5677709581215472,32318,1242
2021-04-05,1,0.8393663587244465,0.2469970974501144,0.4999148640613821,0.024870981005728,0.2961341987240991,0.0555857661124362,0.0451076479498532,0.9367033527942964,0.5841328469739135,42674,1912
2021-04-06,1,0.8339705104384738,0.812935709433311,0.4992822512697673,0.1005941499907385,0.0105023028008692,0.0973217188931229,0.026420108195346,0.963167191668394,0.6190317545076256,85132,4068
2021-04-07,1,0.8666109692695072,0.8561383184957818,0.4385286928370599,0.1068840486601969,0.0045925578543408,0.0996775360009586,0.0251668335957557,0.9661859703133366,0.6216820895082702,88696,3671
2021-04-08,1,1.000030584662858,0.9806157174144516,0.3153440141536452,0.1174997608014402,0.0061223621723725,0.0946098902813089,0.0252125424156163,0.971591770711802,0.6262821230868463,88555,4148
2021-04-09,1,0.7403129116291056,0.2777142723223681,0.2400667483625644,0.0255571098034474,0.1110545511353152,0.0677203492373245,0.0243062851510622,0.9459714840899317,0.5678130175494615,88110,3752
2021-04-10,1,0.967580801486822,0.8554847600134797,0.3861458326868527,0.0975418582396712,0.0432854192756237,0.0839406014114662,0.0300787976461326,0.9291872968121293,0.5433614131191751,66552,2378
2021-04-11,1,0.9476971174767022,0.4514292801117715,0.4992020336531292,0.0452923466154054,0.2477379136492137,0.0561693655404657,0.0441616245189103,0.9023039551282291,0.4846827415209199,39175,1857
2021-04-12,1,0.8069038161626528,0.1039051200083864,0.4996732245992947,0.0106667413754501,0.3512696253965021,0.0575162459278554,0.0451422310999292,0.886272450311427,0.45320294761719593,39650,1711
2021-04-13,1,0.7791482935685503,0.7679234521037632,0.4980882149043218,0.0911668349922235,0.0055909612477798,0.0940575940925953,0.0246610551978613,0.877514087511859,0.44392671178434157,82661,3757
2021-04-14,1,0.8997423922388432,0.8919938760005777,0.4973077580982026,0.1121753905794876,0.0038533972390393,0.0990519882682698,0.0267060394465022,0.8883909430870641,0.5049640255481475,74606,3445
2021-04-15,1,1.0789637139428272,1.0758704091025562,0.3776548857282416,0.1359281995787126,0.0011682016859751,0.0998299110868449,0.026512628338603,0.905338815363172,0.5754952128323445,71183,3491
2021-04-16,0,1.2215276168030256,1.2158472493067556,0.2554070124358018,0.1483771273931997,0.0014508056917597,0.0988623019540699,0.023173691858311,0.9320899398906961,0.6449350009824732,84387,3337
2021-04-17,0,1.2840995938170991,1.2795932045207847,0.3071097169585876,0.1611847242020609,0.0013839559412963,0.0996169988630603,0.0263485999167688,0.9512723546163319,0.7147584371556085,68565,2877
2021-04-18,0,1.3470026384317073,1.3321346343552032,0.4994964592913343,0.1296343054562388,0.0074265153929429,0.0562006407879605,0.0411125752436803,0.9723540941894729,0.796327364331379,38838,1522
2021-04-19,0,0.9260315869977702,0.2086688963290547,0.4986854470578019,0.0204559434603475,0.357738334098716,0.0557952991816521,0.0422353312583063,0.9785444676375675,0.7935896356798747,36522,1756
2021-04-20,0,0.9352430878446796,0.9295927981098622,0.4799764279630168,0.1105619686591016,0.0027120058838737,0.0945537452229224,0.0243821683124523,0.9857782231665821,0.8019222848710569,72643,3347
2021-04-21,1,1.0360249393474978,1.0027100592554523,0.3760070853760151,0.1185406949126007,0.0125266309630614,0.0949682727696815,0.0232520380952772,0.9978792210292957,0.8123916949253192,73988,3197
2021-04-22,1,1.1743775577980389,1.126779832931751,0.499547717618774,0.1121195092706671,0.0237773348208004,0.0672648103378278,0.0322395524434486,1.0103325762532374,0.8228319888908404,48108,2051
2021-04-23,1,1.2335411263652138,1.1957088599880352,0.3587038315707601,0.1476747660580858,0.0135705789064995,0.0992521011229472,0.0242518478731014,1.045563163020102,0.8884030308669596,69281,3042
2021-04-24,1,1.309955255079045,1.290773396188696,0.3781714928522911,0.1557980718799932,0.0072540322122452,0.0958051860305567,0.0248961487970921,1.0700184811338322,0.9194950763080464,63781,2766
2021-04-25,1,1.234997456785925,0.6312978228259666,0.4998644981585536,0.0604210403805041,0.3017680145678971,0.0568862187084161,0.0388230300737719,1.090539933941634,0.9323428293590604,33641,1334
2021-04-26,1,0.9797150900803008,0.143625785783759,0.4993715398277546,0.0138744015833269,0.4175192033200802,0.0556857580148605,0.0409152910768122,1.102883596364323,0.9351800197715869,32398,1380
2021-04-27,1,0.9280770867881653,0.9204179721126912,0.4990737476137992,0.1061328765735483,0.0038224630644926,0.0936837530196877,0.0216256822469174,1.1135213673085813,0.9460724854865104,75844,3081
2021-04-28,1,1.0345626059266144,1.0240344742429608,0.4070895938592354,0.1217896528031102,0.0042858928511951,0.0979024359991782,0.0210287678483737,1.1231513825719934,0.9555039567895378,77279,3012
2021-04-29,1,1.2032651361113982,1.1937858464460709,0.3734457648498638,0.1425629070032791,0.0035400005793016,0.0975116445765636,0.0219091941171538,1.1320300555840344,0.9639264880283603,68614,3032
2021-04-30,1,1.3112364717084226,1.2941141372614866,0.321842564188856,0.1519333710802553,0.005510696023301,0.0966889248572123,0.0207144530254881,1.1384378309344199,0.9695169800251268,72008,2861
2021-05-01,1,1.3872517905839006,1.3418886550480986,0.4110229854053009,0.1626569601551141,0.0186452913952706,0.0980691683635842,0.0231457771113693,1.1458058449891912,0.973966655062792,58292,2240
2021-05-02,1,1.3223660907747978,0.5962767107931021,0.4991725508647533,0.0549687473377327,0.3624438879612702,0.055734194506092,0.0364524469352939,1.1440460915851265,0.9214053748083562,29288,1266
2021-05-03,1,1.027144430026483,0.4976451785808093,0.4983822836051791,0.0440908564653755,0.2638930461027278,0.0556366526749091,0.0329623298192333,1.1512684375157487,0.9420465378263386,38989,1125
2021-05-04,1,0.9672741845075448,0.9575553546843008,0.4939192628948804,0.1086145408720582,0.0048003172624974,0.0919325711760369,0.0214964231277625,1.1535563729916678,0.9440438632959414,69535,2979
2021-05-05,1,1.0779803634403242,1.0517057114065091,0.38742712395444,0.1247694691065062,0.0101795128703646,0.0996756421961355,0.0189597020387499,1.156553188998298,0.9475435527353027,76372,2771
2021-05-06,1,1.2316178937552682,1.2110654572804558,0.3319800785258885,0.1412982938944366,0.0068229994748065,0.0977293191786355,0.0189433949550275,1.1606417844238146,0.9535639544744958,72290,2536
2021-05-07,1,1.3288066969990298,1.1577146952255093,0.2671413802072605,0.1270793710031906,0.0457057534962013,0.0915285523113366,0.018238881346778,1.1674464680405154,0.9508500855628869,76844,2186
2021-05-08,1,1.3841794221519903,1.2954177482641889,0.3656393307980797,0.1533755129539112,0.0324547590408531,0.0976373931084765,0.0207611027894133,1.1727481942600118,0.9511818249968507,61761,2082
2021-05-09,1,1.2636815072372674,0.5977870962541687,0.4999740836287086,0.0531390474793436,0.3329299479247534,0.0566872057030303,0.0322057259315291,1.1747970550065363,0.9487882016702935,32720,922
2021-05-10,1,0.965511265781875,0.2975327522056495,0.4995883017286874,0.0261882377109764,0.3337142511887994,0.0557382207140154,0.0322797790417747,1.1737824961280772,0.9597815564147144,36301,1111
2021-05-11,1,0.9391798648817572,0.922376643111706,0.4983107760198587,0.1010567622066127,0.0083732264798679,0.0890331300914134,0.0205281461630353,1.1745755517061909,0.9599214614860726,70106,2245
2021-05-12,1,1.011039241085792,1.0052836535369043,0.421263388754754,0.1141685691287248,0.0024246183151189,0.0949972768571416,0.0185712355990629,1.1728953113604181,0.9585821171499257,76248,2581
2021-05-13,1,1.187779836126251,1.1469509951184351,0.3143006137891108,0.1333231595582645,0.0128325297890545,0.0989441943273362,0.0172971796508933,1.1717892185043361,0.9552367706265231,80030,2277
2021-05-14,0,1.0782022115130228,0.9232213133138149,0.2520552855108952,0.0804268547624568,0.0390637545443363,0.0696564488063605,0.0174590170116591,1.1551439142046647,0.9287444260588323,77914,2187
2021-05-15,0,0.8932979958528593,0.5198724892011723,0.316657996253984,0.0455243091851642,0.1182481726864519,0.0678431353167364,0.0197250859890613,1.1198615002953045,0.8700289856411948,67351,2001
2021-05-16,0,1.0591344515946106,0.4753564528716153,0.4982953791780886,0.0412306023232794,0.2908938792295006,0.0567548016202923,0.029981377249704,1.1010592403538626,0.8613918243610884,37564,1061
2021-05-17,0,0.9202258389102052,0.1872715018925306,0.4994114883074995,0.016750396228504,0.3660458163114334,0.0558037524014611,0.0336406962158014,1.0934221981312713,0.8392222760262115,35598,1085
2021-05-18,0,0.9029389835739,0.8944222458493888,0.4995804180782902,0.1060845657170101,0.0042547953930744,0.0995185604556253,0.019088245456572,1.088826826636011,0.8347127682522891,74805,2451
2021-05-19,0,1.0010753789942994,0.9943316654903666,0.3712177824659678,0.1160501532155422,0.0025033863725157,0.0986901380166141,0.0180215762365075,1.083333613461295,0.8306146221154219,80263,2500
2021-05-20,0,1.4048579305671998,1.3980740772231262,0.2375432482883421,0.163180746227126,0.0016114585592629,0.0992781470597936,0.0174400933293264,1.0957079018050044,0.8439723806827555,83387,2511
2021-05-21,0,1.558872425256684,1.4792260425572754,0.2262407727797892,0.1716987485253233,0.018019259171029,0.0980734215149602,0.0179999463041269,1.1121411681091224,0.8669374769207386,76631,2126
2021-05-22,0,1.250073170754121,0.8845823395624531,0.2719044791672012,0.0980985438473932,0.0993785940955578,0.0916084086431091,0.0192897400763378,1.1025621501521319,0.8375920905849005,67896,1726
2021-05-23,0,1.2478603030103723,1.007199691163308,0.4968352792521467,0.0875120254714937,0.1195686822920286,0.0580235160532292,0.0288629536699872,1.101432064135925,0.8668358473641248,38495,889
2021-05-24,0,0.8781421862917531,0.211113836721384,0.4990894816647897,0.0182477235625757,0.3329068332427956,0.0557987819177099,0.0306366874288966,1.0951914156009164,0.8606630676866772,37480,862
2021-05-25,0,0.8686134502426335,0.8447483301575107,0.424746493884246,0.0886021886491502,0.0101366260822823,0.0858953586069227,0.0189905411173531,1.0901509574124073,0.855118188189949,74041,2184
2021-05-26,0,0.8344308559291891,0.0490161832573224,0.2786814243784308,0.0053954881468833,0.2188804797079148,0.0929507088298228,0.0171249394220711,1.0775360727583645,0.7868133688842646,80245,2463
2021-05-27,0,1.1325139721758015,1.0525162243559036,0.3828926454564473,0.1223369364084209,0.0306305492933184,0.0964219954706631,0.019810831708116,1.073588511047618,0.7800680281155123,64531,2101
2021-05-28,0,1.4033702614823682,1.3968354082469625,0.4019856363709383,0.1665422630761561,0.0026269171364253,0.0979254823264307,0.0213027832894643,1.0968148003311426,0.8138976063250228,53888,2426
2021-05-29,0,1.541923970867055,1.530616242171969,0.2503624128675962,0.1706207729290417,0.0028310302401538,0.0947268912022083,0.0167450559966062,1.143145227117871,0.8860935886800797,75863,1941
2021-05-30,0,1.6469523285438947,1.637185249888112,0.498220801842392,0.1952382739060004,0.0048661617595416,0.0926608144060835,0.0265915878002906,1.185132218328534,0.9690813598955439,41449,913
2021-05-31,0,1.4780039646703904,1.343339867612552,0.4985095505505471,0.1169030886439637,0.0671313384995982,0.0565854291581192,0.030438779281201,1.22497351302569,1.0516576717326882,36607,966
2021-06-01,0,1.150430188821938,1.1307649981903434,0.3278380698641922,0.1282363258484994,0.0064469981401733,0.0957814135871852,0.0176252854649844,1.242651456257693,1.0685392968998992,78913,2334
