,Date,holiday,R0,Rt,R0_ma7,Rt_ma7,R0_ma14,Rt_ma14,casos,mortes
0,2020-02-26,1,1.059128639956291,0.4603399785474367,1.059128639956291,0.4603399785474367,1.059128639956291,0.4603399785474367,0,0
1,2020-02-27,1,1.059128639956291,0.4603399785474367,1.059128639956291,0.4603399785474367,1.059128639956291,0.4603399785474367,0,0
2,2020-02-28,1,3.5457524193808476,0.02298311650017428,1.8880032330978098,0.3145543578650159,1.8880032330978098,0.3145543578650159,1,0
3,2020-02-29,1,1.059128639956291,0.4603399785474367,1.68078458481243,0.3510007630356211,1.68078458481243,0.3510007630356211,0,0
4,2020-03-01,1,1.059128639956291,0.4603399785474367,1.5564533958412023,0.3728686061379842,1.5564533958412023,0.3728686061379842,0,0
5,2020-03-02,1,1.059128639956291,0.4603399785474367,1.4735659365270504,0.3874471682062263,1.4735659365270504,0.3874471682062263,0,0
6,2020-03-03,1,1.059128639956291,0.4603399785474367,1.4143606084455134,0.3978604268263992,1.4143606084455134,0.3978604268263992,0,0
7,2020-03-04,1,2.003169907710733,0.421356233917196,1.5492236466961475,0.39229132045065057,1.4879617708536657,0.4007974027127488,1,0
8,2020-03-05,1,3.7791922156995206,0.050428962331920915,1.9378041575166094,0.33373260384843395,1.742542931392094,0.3618675760037679,4,0
9,2020-03-06,1,4.040632099384197,0.01815744939816984,2.008501254659945,0.33304322283386195,1.9723518481913043,0.32749656334320815,7,0
10,2020-03-07,1,1.4875381412865678,0.023801618255012987,2.0697026119928417,0.27068059993494425,1.9282778748363283,0.299887931971554,5,0
11,2020-03-08,1,10.690480206626846,10.687127500271759,3.445609978660064,1.7316502458955616,2.658461402485538,1.1654912293299045,6,0
12,2020-03-09,1,1.059128639956291,0.4603399785474367,3.4456099786600634,1.7316502458955616,2.5354358053679036,1.1112488254235606,0,0
13,2020-03-10,1,1.6409856848140645,0.07520284789864569,3.5287324136397458,1.6766306558028774,2.4715465110426296,1.0372455413146382,9,0
14,2020-03-11,0,5.461955017295536,5.452716743945586,4.02284457215186,2.39539644294979,2.7860341094240044,1.3938438817002203,19,0
15,2020-03-12,0,3.7414987566784292,0.01432983144404262,4.017459792291705,2.3902394242515217,2.9776319749041567,1.3619860140499778,36,0
16,2020-03-13,0,1.7524648607121396,0.08143915962516714,3.6905787581956964,2.3992796685696645,2.8495400064278207,1.366161445701763,17,0
17,2020-03-14,0,4.095362964720944,0.1685793259258156,4.063125161543464,2.4199621982369215,3.066413886768153,1.345321399085933,36,0
18,2020-03-15,0,1.4036812988451683,0.01689147448839349,2.7364396032889386,0.8956427659821553,3.091024790974501,1.3136465059388585,83,0
19,2020-03-16,0,8.862163181368192,8.85957029243075,3.8511588234906395,2.0955328108226285,3.6483844010753517,1.9135915283590954,54,0
20,2020-03-17,0,10.243266331201783,10.238520742084177,5.080056058688884,3.5474353671348475,4.304394236164315,2.6120330114688626,54,1
21,2020-03-18,0,1.9109641085022,1.6783276425911398,4.57277164314698,3.008236924084212,4.29780810764942,2.701816683517001,181,3
22,2020-03-19,0,3.63483599249183,3.6326487862124486,4.557534105406036,3.52513963190827,4.287496948848871,2.957689528079896,129,3
23,2020-03-20,0,1.1784300725199086,1.1739013090429622,4.4755291356642894,3.681205653253669,4.083053946929993,3.0402426609116664,331,4
24,2020-03-21,0,1.6040939370867484,1.1175625639167088,4.1196335602879754,3.8167746872523685,4.09137936091572,3.118368442744645,224,7
25,2020-03-22,0,1.7970294960366253,0.3795157752950078,4.175826159886755,3.8685781587961707,3.456132881587847,2.382110462389163,396,7
26,2020-03-23,0,0.6870529676448376,0.014859861974677846,3.00795327221199,2.605048097302446,3.4295560478513147,2.350290454062537,358,9
27,2020-03-24,0,0.8636958675269361,0.8613144645004647,1.668014634544155,1.265447200504773,3.3740353466165196,2.40644128381981,303,13
28,2020-03-25,0,3.1368575902070948,0.02017475994079872,1.8431422747877115,1.0285682172690098,3.2079569589673453,2.018402570676611,311,12
29,2020-03-26,0,3.0733894198367993,0.01763141005921944,1.7629356215512786,0.5121371635328342,3.1602348634786575,2.018638397720552,424,18
30,2020-03-27,0,4.779764384691019,4.768681992736057,2.2774119518614375,1.0256772612032763,3.3764705437628635,2.353441457228473,486,16
31,2020-03-28,0,1.017625915450181,0.018726230559676788,2.1936308059133562,0.8687006421522717,3.156632183100666,2.34273766470232,479,22
32,2020-03-29,0,3.9283920241121875,3.9263571426494805,2.498111167067008,1.3753922660600535,3.3369686634768816,2.621985212428112,360,24
33,2020-03-30,0,3.868853509485765,3.8662576355707916,2.9526541016157117,1.9255919480023553,2.980303686913851,2.2653200226524004,348,27
34,2020-03-31,0,0.16131526521534975,0.007243772559317335,2.8523140155711992,1.80358184915362,2.2601643250576773,1.5345145248291965,1161,36
35,2020-04-01,0,1.875408455972506,0.04673985528292267,2.6721069963948296,1.8073768627739233,2.2576246355912706,1.4179725400214667,1107,42
36,2020-04-02,0,2.5048388800801993,0.011076875605796059,2.5908854907153156,1.8064405007091489,2.1769105561332966,1.1592888321209915,1169,61
37,2020-04-03,0,3.079315925463672,3.059079489100957,2.347964282254266,1.5622115716184202,2.3126881170578515,1.2939444164108482,1112,60
38,2020-04-04,0,0.895145556449309,0.023019163101061238,2.330467088111284,1.562824847695761,2.26204894701232,1.2157627449240163,1169,80
39,2020-04-05,0,0.6774509753809291,0.011026178269517671,1.8660469382925327,1.0034918527843375,2.18207905267977,1.1894420594221955,1043,52
40,2020-04-06,0,1.701222322208761,1.6975561453336445,1.556385340110104,0.6936773541790309,2.2545197208629078,1.3096346510906933,838,73
41,2020-04-07,0,0.04242949250437866,0.037932609309816616,1.5394016582942507,0.6980614737148164,2.195857836932725,1.2508216614342182,1821,121
42,2020-04-08,0,0.7118776423415257,0.6934330225591886,1.3731829706326821,0.7904462118971401,2.022644983513756,1.2989115373355318,2175,135
43,2020-04-09,0,2.3732519180534783,0.02425476939295106,1.3543848332002935,0.792328768152448,1.9726351619578042,1.2993846344307987,1937,133
44,2020-04-10,1,2.6056120001757064,2.5761703960088265,1.2867128438734412,0.7233417548535722,1.8173385630638534,1.1427766632359964,1742,114
45,2020-04-11,1,1.1993134672934396,0.021129218797655745,1.3301654025654597,0.7230717628102286,1.830316245338372,1.142948305252995,1055,68
46,2020-04-12,1,0.9618096823564429,0.016515380045954393,1.3707880749905335,0.7238559344925767,1.618417506641533,0.8636738936384571,1464,96
47,2020-04-13,1,0.8091468503660337,0.014681990215090361,1.2433487218701436,0.4834453409042117,1.3998670309901236,0.5885613475416215,1412,120
48,2020-04-14,1,0.2992675165463283,0.00819104198809347,1.2800398681618506,0.479196545572537,1.4097207632280508,0.5886290096436769,1909,200
49,2020-04-15,1,0.2915656740185069,0.2820038935491073,1.2199953012585623,0.42042095571395405,1.2965891359456223,0.6054335838055472,3242,203
50,2020-04-16,1,0.7747069721088172,0.7671797481277195,0.9916317375521821,0.5265530955332066,1.1730082853762378,0.6594409318428275,2082,202
51,2020-04-17,1,1.8981393048262614,0.007986108940726627,0.8905642096451186,0.15966962595204953,1.0886385267592797,0.4415056904028109,3296,211
52,2020-04-18,1,3.4685972332615256,3.4460890579315833,1.2147476047834165,0.6489496029711821,1.2724565036744384,0.6860106828907053,2778,202
53,2020-04-19,1,3.7293865757801576,3.6074642225060374,1.6101157324153756,1.1619422947511937,1.4904519037029544,0.9428991146218854,2022,116
54,2020-04-20,1,1.072222776690225,0.012406455781309946,1.647698007604546,1.1616172184035112,1.445523364737345,0.8225312796538615,1740,107
55,2020-04-21,1,0.7497574041745272,0.019046009959412708,1.712053705837146,1.1631679281136995,1.4960467869994982,0.8211822368431184,2742,174
56,2020-04-22,1,1.5915528968557493,1.5772772252300784,1.8977661662424663,1.3482069754966954,1.5588807337505144,0.8843139656053248,2744,169
57,2020-04-23,1,2.0168991288123963,0.0375085981446445,2.075222188628692,1.2439682397848273,1.533426963090437,0.8852606676590172,3875,408
58,2020-04-24,0,1.9748184115882896,0.008534743935623623,2.086176346737553,1.2440466162126698,1.488370278191336,0.7018581210823598,3911,373
59,2020-04-25,0,0.8764780863113725,0.014847116599513448,1.7158736114589597,0.7538691960223741,1.4653106081211882,0.7014093994967782,5298,352
60,2020-04-26,0,0.6008049974594756,0.009088101321891447,1.2689333859845764,0.23981546442463905,1.4395245591999761,0.7008788795879166,3715,227
61,2020-04-27,0,0.3178135205995255,0.007982920087986043,1.1611606351144768,0.23918353075416418,1.4044293213595114,0.7004003745788376,4145,305
62,2020-04-28,0,0.4510672489375421,0.4472404747809047,1.1184906129377645,0.3003541685858059,1.4152721593874553,0.7317610483497526,6233,488
63,2020-04-29,0,1.448146616265901,1.4289049561811735,1.098004001424929,0.27915813015024804,1.4978850838336975,0.8136825528234718,6199,443
64,2020-04-30,0,2.1347219752451903,0.019882854399429554,1.1148358366296136,0.2766401667580745,1.5950290126291529,0.7603042032714511,7327,443
65,2020-05-01,1,3.304908798319223,3.2469284019534164,1.3048487490197471,0.7392678321891878,1.69551254787865,0.9916572242009288,5539,459
66,2020-05-02,1,1.0661376395563658,0.009113976579380803,1.331942970911889,0.7384488121863116,1.5239082911854243,0.7461590041043431,4915,371
67,2020-05-03,1,0.9811524154713173,0.009092493027233296,1.386278316342152,0.738449439572789,1.3276058511633644,0.48913245199871414,4443,267
68,2020-05-04,1,0.36839030464171124,0.008524951498434345,1.3935035712053216,0.7385268726314245,1.277332103159899,0.48885520169279445,6982,304
69,2020-05-05,1,0.15593111223439715,0.008767706389354077,1.351341265962015,0.6758879057183459,1.2349159394498899,0.48812103715207605,7408,591
70,2020-05-06,1,0.3126677333448712,0.30584040240051136,1.1891299969732965,0.5154501123211084,1.1435669991991126,0.3973041212356784,10544,625
71,2020-05-07,1,1.2520523486671566,1.23715611389263,1.0630343360335774,0.6893462922487085,1.0889350863315956,0.4829932295033916,9732,676
72,2020-05-08,1,2.160962296051805,0.042411942607832646,0.899613407138232,0.2315582266279108,1.1022310780789895,0.48541302940854936,10407,754
73,2020-05-09,1,3.8661348759323095,3.84131522306088,1.2996130123347953,0.7790155475538392,1.3157779916233423,0.7587321798700756,10155,670
74,2020-05-10,1,1.00759817919955,0.010621072390340262,1.3033909785816857,0.779233916034283,1.3448346474619188,0.7588416778035362,6259,478
75,2020-05-11,1,0.819912314779423,0.013089436861746089,1.3678941228870731,0.779885985371899,1.3806988470461974,0.7592064290016618,6223,485
76,2020-05-12,1,0.43873677768395575,0.013767222454823098,1.4082949322370104,0.7806002019526803,1.3798180990995126,0.7282440538355132,9613,843
77,2020-05-13,1,1.093106109004232,1.0908252234322704,1.519786128759776,0.892740890671503,1.3544580628665361,0.7040955014963058,11694,778
78,2020-05-14,1,1.8435419062523128,1.8393419785612286,1.604284636986227,0.9787674427670171,1.333659486509902,0.8340568675078629,14133,789
79,2020-05-15,0,1.0861254039963024,0.12767105863360045,1.4507365095497264,0.990947316484984,1.1751749583439792,0.6112527715564475,15460,913
80,2020-05-16,0,0.9036203752209027,0.039060732442108725,1.0275201523052397,0.4477681035394453,1.1635665823200176,0.6133918255466424,14048,719
81,2020-05-17,0,1.041307192697617,0.010359109059328374,1.0323357256621064,0.4477306802064435,1.1678633521218962,0.6134822981203635,7663,500
82,2020-05-18,0,0.19038704732916778,0.00748273098008823,0.9424035445977844,0.4469297222233496,1.1551488337424287,0.6134078537976244,14559,723
83,2020-05-19,0,0.020186607366651198,0.011063755786386483,0.8826106631238837,0.4465435126992872,1.1454527976804467,0.613571857325984,17489,1149
84,2020-05-20,0,0.07189837578134506,0.06104414197627868,0.7367238440920427,0.2994319296341455,1.1282549864259093,0.5960864101528244,20232,985
85,2020-05-21,0,0.718869274648498,0.712512406156501,0.5760563252914978,0.13845627643347017,1.0901704811388624,0.5586118596002437,18137,1069
86,2020-05-22,0,1.886618755043338,0.00801414407529627,0.690412518298217,0.12136243149656956,1.0705745139239717,0.5561548739907769,21807,1031
87,2020-05-23,0,3.3705771353010356,2.7206295657224975,1.042834912595379,0.504443693393768,1.0351775324503094,0.4761058984666067,16997,1046
88,2020-05-24,0,2.996328721405911,2.656057460216148,1.3221237024108494,0.882400600701885,1.177229714036478,0.6650656404541644,14468,658
89,2020-05-25,0,0.6808501915549258,0.013997604279437453,1.392189865871672,0.8833312968875063,1.1672967052347283,0.6651305095554282,12807,727
90,2020-05-26,0,0.319030839102468,0.010441669640865875,1.4348818989767889,0.8832424274381462,1.1587462810503362,0.6648929700687168,16327,1054
91,2020-05-27,0,0.5766656129518338,0.5740372042128191,1.5069915042868585,0.9565271506147949,1.1218576741894506,0.6279795401244703,20199,1061
92,2020-05-28,0,0.6804356296212759,0.67752484473641,1.5015009835686841,0.9515289275547819,1.0387786544300908,0.5449926019941261,28337,1190
93,2020-05-29,0,1.6702463503121108,1.5445305468033192,1.4705906400356514,1.1710312708016422,1.0805015791669343,0.646196851149106,26890,1137
94,2020-05-30,0,1.396288026468814,0.5821481435414246,1.1885493387739057,0.8655339247757748,1.1156921256846422,0.6849888090847716,32321,864
95,2020-05-31,0,0.8475682663377273,0.010264502328723673,0.8815835594784508,0.48756350222042844,1.1018536309446503,0.6849820514611569,13223,471
96,2020-06-01,0,0.5497798674704775,0.010883754868467987,0.8628592274663867,0.4871186665902899,1.1275245466690296,0.6852249817388983,15149,741
97,2020-06-02,0,0.023174198423214894,0.01242844430135284,0.8205939930836362,0.48740249154178805,1.1277379460302126,0.6853224594899673,31677,1365
98,2020-06-03,0,0.3228178674279709,0.3183957123311951,0.7843300294373702,0.45088227841584183,1.1456607668621144,0.7037047145153184,26085,1194
99,2020-06-04,0,1.629697978530707,0.307115257443854,0.9199389364244317,0.3979666230883338,1.210719959996558,0.6747477753215579,31954,1510
100,2020-06-05,0,2.12178445823523,1.9793739431979953,0.9844443804134488,0.46008710828757327,1.2275175102245501,0.8155591895446079,32101,1076
101,2020-06-06,0,0.6624424685546716,0.016284062127243218,0.8796093007114285,0.3792493823712616,1.034079319742667,0.6223916535735183,23790,801
102,2020-06-07,0,0.323231727331381,0.010653301797921772,0.8047040808533791,0.37930492515257563,0.8431438201659148,0.4334342136865022,17988,476
103,2020-06-08,0,0.15899284743303005,0.011451937900970098,0.7488773637051722,0.37938609415721875,0.8058682955857795,0.4332523803737544,17338,863
104,2020-06-09,0,0.028429391543004452,0.025365029673718335,0.7496281055794279,0.3812341777818424,0.7851110493315321,0.43431833466181535,31698,1193
105,2020-06-10,0,1.54398550498169,0.1303373770465676,0.9240806252299593,0.3543687013126099,0.8542053273336646,0.402625489864226,33790,1238
106,2020-06-11,1,1.9682494814594507,0.7023301809549031,0.9724451256483511,0.4108279760999026,0.9461920310363915,0.40439729959411835,28692,1268
107,2020-06-12,1,0.7849828394806757,0.016337990815848684,0.7814734658262719,0.13039426861673883,0.8829589231198604,0.2952406884521562,24282,843
108,2020-06-13,1,2.4912379715407114,0.1267956179044698,1.042729966252849,0.1461816337277712,0.9611696334821388,0.26271550804951654,21230,857
109,2020-06-14,1,0.8441858845731866,0.016093212834996724,1.1171519887159642,0.1469587638759248,0.9609280347846715,0.26313184451425037,16794,634
110,2020-06-15,1,0.37030642174774553,0.012936662488915986,1.1473396421894948,0.14717086738848845,0.9481085029473336,0.26327848077285376,24617,764
111,2020-06-16,1,0.133996317102151,0.018605296780116545,1.1624206315550871,0.1462051912608311,0.9560243685672576,0.2637196845213369,36983,1332
112,2020-06-17,1,0.3164569872162936,0.2912905698880194,0.9870594147314592,0.1691985045238956,0.9555700199807092,0.26178360291825287,30925,1185
113,2020-06-18,1,1.279848248908344,1.260639340521133,0.8887163815098725,0.24895695589049988,0.9305807535791119,0.32989246599520133,25520,1239
114,2020-06-19,1,1.8552775252926488,1.2737690415498484,1.0416156223401543,0.4285899631382141,0.9115445440832132,0.27949211587747663,56059,1172
115,2020-06-20,1,0.9070036953352607,0.02709956414208587,0.81529644002509,0.41434766974358783,0.9290132031389696,0.28026465173567966,28857,982
116,2020-06-21,1,0.9457804900579054,0.012555824634759313,0.8298099550943355,0.41384232857212533,0.9734809719051499,0.2804005462240252,16567,609
117,2020-06-22,1,0.20437071844400753,0.011921580393922734,0.806104854622373,0.4136973168442692,0.976722248405934,0.28043409211637893,26495,736
118,2020-06-23,1,0.11813431630131663,0.01385740096083054,0.8038388545079681,0.4130190460129426,0.9831297430315277,0.279612118636887,39527,1406
119,2020-06-24,1,0.01679074946889468,0.011984984093978648,0.7610293919726254,0.37311824804236543,0.8740444033520424,0.2711583762831306,41033,1104
120,2020-06-25,0,0.8744870740136225,0.8694324459386559,0.7031206527019508,0.3172315488162972,0.7959185171059117,0.2830942523533987,41464,1180
121,2020-06-26,0,1.7359065660519442,1.6945375455404672,0.6860676585247073,0.3773413351006713,0.8638416404324308,0.4029656491194428,44884,993
122,2020-06-27,0,0.8596651555515975,0.04022776899367814,0.6793050099841841,0.37921679293661315,0.747300725004637,0.39678223134010066,36920,1031
123,2020-06-28,0,0.49502015168424635,0.010233653870750026,0.6149106759308042,0.37888505425604035,0.7223603155125699,0.39636369141408295,32883,594
124,2020-06-29,0,0.45806363098440256,0.012667018228419077,0.651152520579432,0.3789915453752541,0.7286286876009026,0.39634443110976175,21550,722
125,2020-06-30,0,0.016070766107150598,0.010935285052671415,0.6365720134088368,0.3785741002455171,0.7202054339584025,0.39579657312923,39680,1317
126,2020-07-01,0,0.15656057535351756,0.15389808462733273,0.6565391313923544,0.39884740032171045,0.7087842616824899,0.38598282418203805,46825,1086
127,2020-07-02,0,1.4844567033159362,0.06298327026330426,0.7436776498641136,0.2836403752252317,0.7233991512830322,0.30043596202076456,44401,1259
128,2020-07-03,0,2.377593945543708,2.2447278128651718,0.835347275505794,0.3622389848430466,0.7607074670152507,0.3697901599718591,43040,1213
129,2020-07-04,0,0.9537479989906301,0.04160028662834981,0.8487876817113703,0.3624350587908568,0.7640463458477772,0.37082592586373514,33567,1060
130,2020-07-05,0,0.4429718027989642,0.011945646142249891,0.841352203299187,0.3626796291153568,0.7281314396149956,0.37078234168569874,25193,558
131,2020-07-06,0,0.28162146956662665,0.017002869617820333,0.8161461802395047,0.36329903645669986,0.7336493504094683,0.3711452909159772,24454,685
132,2020-07-07,0,0.01846256737892674,0.012127505345325196,0.8164878661354729,0.36346935364136473,0.7265299397721549,0.3710217269434411,46699,1300
133,2020-07-08,0,0.08099660064706023,0.07887284489829977,0.8056930126059788,0.3527514622515029,0.7311160719991666,0.3757994312866068,45250,1173
134,2020-07-09,0,0.99292987235073,0.9780451680337224,0.7354748938966635,0.4834745905044197,0.7395762718803887,0.3835574828648259,42962,1222
135,2020-07-10,0,2.073314391301302,1.4203386634652526,0.6920063861477486,0.36570471201871696,0.7636768308267714,0.363971848430882,44311,1298
136,2020-07-11,0,0.6047106882645736,0.014984404324113803,0.6421439131868834,0.3619024431181118,0.7454657974491268,0.3621687509544845,34947,932
137,2020-07-12,0,0.3168287716394623,0.01185797760541126,0.6241234801640975,0.3618899190414206,0.7327378417316422,0.3622847740783889,23658,617
138,2020-07-13,0,0.11891227556589026,0.014372996818766373,0.6008793095925636,0.36151422292727003,0.7085127449160342,0.3624066296919851,22893,835
139,2020-07-14,0,0.010378311983524135,0.00805884258313904,0.5997244159646489,0.36093298538981483,0.7081061410500608,0.36220116951558995,42922,1294
140,2020-07-15,0,0.9312415602131118,0.9243559901271985,0.7211879816169421,0.48171629185108605,0.7634404971114606,0.41723387705129467,40142,1280
141,2020-07-16,0,2.0364653958744863,0.017357885093126784,0.8702644849774785,0.344475251431001,0.8028696894370712,0.4139749209677106,43683,1299
142,2020-07-17,0,3.8161090363110532,2.86918622958759,1.1192351485503003,0.5514534751627634,0.9056207673490244,0.4585790935907404,34618,1123
143,2020-07-18,0,1.1279154496577932,0.01648323096160537,1.1939786858921888,0.5516675932538336,0.9180612995395361,0.4567850181859729,25753,844
144,2020-07-19,0,0.8759602441836378,0.014983522981150101,1.2738546105413566,0.552114099736082,0.9489890453527271,0.4570020093887515,23412,708
145,2020-07-20,0,0.6421748760703335,0.02286782854553986,1.3486064106134201,0.5533276471256211,0.9747428601029918,0.4574209350264458,22753,768
146,2020-07-21,0,0.021708475336486083,0.01674658072837337,1.3502250053781286,0.5545687525749403,0.9749747106713889,0.4577508689823778,46927,1317
147,2020-07-22,0,0.1255342980448099,0.11880427092668233,1.2351239679255142,0.4394899355462952,0.9781559747712282,0.46060311369869084,66150,1296
148,2020-07-23,0,1.0870885003335278,1.083049267969044,1.0994986971339489,0.5917315616714262,0.9848815910557137,0.4681034065512138,57326,1313
149,2020-07-24,0,2.9003907097789314,2.8777393858102345,0.9686817933436457,0.5929534411318039,1.043958470946973,0.5722034581472839,56903,1165
150,2020-07-25,0,0.9061207447398393,0.012518409569080749,0.9369968354982238,0.592387038075729,1.0654877606952062,0.5720273156647816,47535,1099
151,2020-07-26,0,0.8086501689739699,0.014136238078097274,0.9273811104682712,0.592265997375293,1.1006178605048138,0.5721900485556877,22673,581
152,2020-07-27,0,0.3949370345760811,0.013714755990867845,0.892061418826235,0.5909584155817684,1.1203339147198275,0.572143031353695,28011,685
153,2020-07-28,0,0.0913484460230674,0.01293989762565567,0.9020099860671752,0.5904146037099515,1.126117495722652,0.5724916781424462,54004,1258
154,2020-07-29,0,0.09403963357712694,0.07499450662643467,0.8975107482860777,0.5841560659527734,1.0663173581057959,0.5118230007495345,55451,1199
155,2020-07-30,0,1.7299277432018245,1.7093652599573883,0.9893449258386916,0.6736297790939654,1.0444218114863202,0.6326806703826959,58055,1202
156,2020-07-31,0,2.4933108261347523,2.4837896519794147,0.931190656746666,0.6173512456895625,0.9499362250451558,0.6051523434106835,53264,1267
157,2020-08-01,0,0.7640345606241287,0.027089605913382088,0.9108926304444216,0.6194328451673199,0.9239447329713225,0.6059099416215247,41541,941
158,2020-08-02,0,0.8369780586128539,0.020482696413423564,0.9149394718214049,0.6203394820723664,0.9211602911448381,0.60630273972383,24066,524
159,2020-08-03,0,0.7312961862156243,0.018704581865140686,0.9629907791984827,0.6210523143401198,0.9275260990123587,0.6060053649609444,20106,602
160,2020-08-04,0,0.03518176334814074,0.009855526325124715,0.9549669673877789,0.6206116898686153,0.928488476727477,0.6055131467892837,56283,1358
161,2020-08-05,0,0.1845334213855453,0.1788875634869779,0.9678946513604101,0.6354535551344073,0.9327026998232438,0.6098048105435906,56169,1366
162,2020-08-06,0,1.4776675777694528,1.4724618069990538,0.9318574848700713,0.6016102047117879,0.9606012053543813,0.6376199919028769,53989,1226
163,2020-08-07,0,1.9440181883959031,0.17456260943751,0.8533871080502357,0.27172062720580165,0.8922888823984507,0.44453593644768225,49403,1085
164,2020-08-08,0,0.8766342535220162,0.016519263813920375,0.8694727784642194,0.27021057833444995,0.8901827044543206,0.4448217117508851,46389,827
165,2020-08-09,0,0.764673252946039,0.01992042872212935,0.8591435205118173,0.27013025437855076,0.8870414961666112,0.4452348682254588,22730,569
166,2020-08-10,0,0.4315838385562316,0.013949059640525369,0.8163274708461898,0.26945089406074857,0.8896591250223362,0.44525160420043436,26506,789
167,2020-08-11,0,0.013688569251569683,0.010190068073146123,0.8132570145466796,0.26949868573903735,0.8841119909672293,0.4450551878038266,50520,1194
168,2020-08-12,0,0.06997608454347617,0.06758396438385386,0.7968916807120984,0.2535981715814482,0.8823931660362543,0.44452586335792793,54954,1184
169,2020-08-13,0,1.5628562643262525,1.34486928318029,0.8090614930773554,0.23537066817876767,0.8704594889737133,0.41849043644527806,60713,1242
170,2020-08-14,0,1.4655830001283796,0.2492211599362736,0.7407136090391379,0.24603617539287678,0.7970503585446868,0.25887840129933937,49407,1007
171,2020-08-15,0,0.563277069683019,0.025359119155293885,0.6959482970621382,0.24729901187021583,0.7827105377631789,0.25875479510233307,36881,723
172,2020-08-16,0,0.6006982786506683,0.015157835318794338,0.6725233007342281,0.24661864138402514,0.7658334106230227,0.2583744478812881,23006,587
173,2020-08-17,0,0.37154250632467656,0.018009318315684923,0.6639459675582918,0.24719867833761935,0.7401367192022408,0.25832478619918414,24397,796
174,2020-08-18,0,0.014844043949173887,0.010077461367600023,0.6641110353722351,0.24718259166539847,0.7386840249594574,0.25834063870221813,49264,1352
175,2020-08-19,0,0.32691226493666986,0.31176488484424975,0.7008162039998342,0.2820655803025979,0.7488539423559663,0.26783187594202323,48603,1163
176,2020-08-20,0,1.770315839642058,1.539560153397275,0.7304532861878065,0.30987856176216716,0.769757389632581,0.2726246149704676,42974,1237
177,2020-08-21,0,1.825272079745888,1.7866580499581763,0.7818374404188789,0.5295124031938675,0.7612755247290084,0.3877742892933723,32326,1051
178,2020-08-22,0,0.8881825385167164,0.02642328904307231,0.8282525073951216,0.5296644274635501,0.76210040222863,0.38848171966688316,45908,828
179,2020-08-23,0,0.6559645254807587,0.015245134956396095,0.8361476855137059,0.5296768988403505,0.754335493123967,0.38814777011218793,21873,455
180,2020-08-24,0,0.5215850795181938,0.018946115600247414,0.8575823388270656,0.5298107270238593,0.7607641531926786,0.38850470268073956,23513,723
181,2020-08-25,0,0.12187822036164428,0.05813850041800316,0.8728729354574184,0.5366765897453455,0.7684919854148268,0.3919295907053722,46307,1203
182,2020-08-26,0,0.8223413583324595,0.8171384374719083,0.9436485202282455,0.6088728115492968,0.8222323621140398,0.4454691959259475,48152,1079
183,2020-08-27,0,1.1393241226676398,1.1240734512510013,0.8535068463747572,0.5495175683855434,0.7919800662812818,0.4296980650738555,42260,985
184,2020-08-28,0,1.140465976723768,0.880104745063414,0.7556774030858827,0.42000995340057734,0.768757421752381,0.4747611782972227,44088,849
185,2020-08-29,0,0.5031470266535966,0.019884446405128993,0.70067232996258,0.41907583302372825,0.7644624186788508,0.47437013024363944,37291,897
186,2020-08-30,0,1.0377810894986212,0.017640231975916746,0.7552175533937032,0.4194179897408027,0.7956826194537046,0.4745474442905767,14534,401
187,2020-08-31,0,0.12149631702545237,0.01398365107645592,0.6980620158947402,0.4187090662374039,0.7778221773609028,0.47425989663063184,50225,647
188,2020-09-01,0,0.038240229493105626,0.02982151645400799,0.6861137314849489,0.41466378281397603,0.7794933334711837,0.47567018627966096,44329,1150
189,2020-09-02,0,0.016968578105836508,0.013082359780880471,0.57106047716686,0.2997986288581149,0.7573544986975528,0.454335720203706,46453,1204
190,2020-09-03,0,0.23057856613971056,0.22848066280361387,0.4412396833771558,0.17185680193705952,0.6473732648759565,0.36068718516130166,46809,867
191,2020-09-04,0,1.9670391048168239,0.16908747983566508,0.5593215588190209,0.07028290690452396,0.6574994809524519,0.24514643015255083,39539,849
192,2020-09-05,0,4.0420131460078474,4.031227004993973,1.064873861583914,0.6433318438457872,0.882773095773247,0.5312038384347579,33857,604
193,2020-09-06,0,1.0479874519808563,0.015569432999713648,1.0663319133670905,0.6430360154206154,0.9107747333803969,0.5312270025807092,14672,458
194,2020-09-07,0,1.0945016521048174,0.020163339498775912,1.2053326755212854,0.6439188280523754,0.9516973457080127,0.5313139471448898,9516,320
195,2020-09-08,0,0.38557794651346516,0.015302283466107148,1.2549523493813368,0.6418446519112467,0.9705330404331428,0.5282542173626116,18786,525
196,2020-09-09,0,0.019523773558258635,0.01713905074874092,1.2553173773031112,0.6424241791923696,0.9131889272349857,0.4711114040252425,37087,1157
197,2020-09-10,0,0.8510081989737514,0.8466295653451175,1.3439501819936885,0.7307311652697273,0.8925949326854222,0.45129398360339357,40761,974
198,2020-09-11,0,1.3740422515712105,0.30255541772916583,1.2592363458157438,0.7497980135402275,0.9092789523173824,0.41004046022237584,41533,848
199,2020-09-12,0,0.9912171977006881,0.019593197790752113,0.8234083532004354,0.17670746965405307,0.9441411073921746,0.41001965674992036,30800,767
200,2020-09-13,0,0.9562782563052465,0.018946596744592935,0.8103070395324911,0.17718992161760722,0.9383194764497907,0.41011296851911155,14020,405
201,2020-09-14,0,0.4140791941247274,0.012413864773648526,0.7131038312496212,0.1760828537997319,0.9592182533854532,0.4100008409260539,20611,458
202,2020-09-15,0,0.058430097903389946,0.012155021727537952,0.6663684243053246,0.1756332449799363,0.9606603868433307,0.4087389484455918,34552,1082
203,2020-09-16,0,0.02099330040168704,0.013875727615932079,0.6665783567115285,0.17516705596096357,0.9609478670073199,0.4087956175766668,37297,962
204,2020-09-17,0,0.7268673864533758,0.7067382858151808,0.6488439549229036,0.15518258745668692,0.9963970684582961,0.44295687636320735,36405,869
205,2020-09-18,0,1.3297595933084494,0.4418031585332902,0.6425178608853663,0.1750751218572761,0.950877103350555,0.46243656769875197,39731,828
206,2020-09-19,0,0.7586692163495256,0.03509694254170244,0.609296720692343,0.1772899425359833,0.7163525369463892,0.1769987060950184,29558,681
207,2020-09-20,0,0.681398584577184,0.015246205670618072,0.5700281961597627,0.1767613152397012,0.6901676178461269,0.1769756184286544,15442,351
208,2020-09-21,0,0.39858336191587035,0.01528514186790848,0.5678145058442118,0.17717149768173832,0.6404591685469164,0.1766271757407353,17635,466
209,2020-09-22,0,0.019453977154809794,0.011593432810452104,0.5622464885944145,0.1770912706935832,0.6143074564498695,0.17636225783675993,34967,794
210,2020-09-23,0,0.2669169932118901,0.2627237149692535,0.5973784447101578,0.2126409831726291,0.6319784007108432,0.19390401956679654,32726,932
211,2020-09-24,0,1.6329050161269463,1.5691506513218354,0.7268123918063824,0.33584274967357974,0.687828173364643,0.2455126685651335,32015,795
212,2020-09-25,0,2.758440580129179,2.1848413668191413,0.930909675637915,0.58484820800013,0.7867137682616407,0.37996166492870326,32310,822
213,2020-09-26,0,0.9543500169909297,0.029179401918488414,0.9588640757295442,0.5840028450539565,0.7840803982109437,0.3806463937949701,24718,722
214,2020-09-27,0,0.8141708926898422,0.015403663770803735,0.9778315483170668,0.5840253390682688,0.7739298722384148,0.38039332715398516,13787,339
215,2020-09-28,0,0.5760857216475108,0.027595682963725887,1.0031890282787297,0.5857839877962426,0.7855017670614707,0.38147774273899066,16871,391
216,2020-09-29,0,0.06451300257036754,0.029323714168970994,1.0096260319095236,0.5883168851331739,0.785936260251969,0.38270407791337874,32848,858
217,2020-09-30,0,0.26347235278011893,0.2609570614702606,1.0091339404192707,0.5880645060618893,0.8032561925647144,0.4003527446172594,32901,982
218,2020-10-01,0,1.031717596915575,1.0274508159071198,0.9232500233890748,0.5106788152883585,0.8250312075977284,0.4232607824809693,35783,773
219,2020-10-02,0,1.0522537170229262,0.804887508318195,0.6795090429453243,0.3135425497882233,0.8052093592916197,0.4491953788941768,32818,654
220,2020-10-03,0,0.5793807680377003,0.021921046892404903,0.6259420073805773,0.31250564192735425,0.7924030415550608,0.44825424349065557,23008,588
221,2020-10-04,0,1.1502719640712384,0.02916352774866725,0.6739564461493482,0.3144713367813347,0.8258939972332074,0.4492483379248019,8715,358
222,2020-10-05,0,0.12994744982438033,0.021492492847404735,0.6102224073174725,0.31359945247900317,0.8067057177981011,0.44969172013762304,26053,393
223,2020-10-06,0,0.03755203680236801,0.01010776148715878,0.6063708407791868,0.3108543163816014,0.8079984363443552,0.44958560075738785,31526,810
224,2020-10-07,0,0.0233791249763474,0.010838879321392122,0.5720718082357908,0.2751231475031916,0.7906028743275308,0.4315938267825406,30938,725
225,2020-10-08,0,0.39953532643389833,0.3868242994668967,0.481760055309837,0.18360507372601687,0.7025050393494559,0.3471419445071878,26830,735
226,2020-10-09,0,2.1299384757116564,0.6549924987671086,0.6357150208367984,0.16219150093300455,0.6576120318910614,0.23786702536061405,27733,654
227,2020-10-10,0,3.7944130301503947,3.698446548061003,1.0950053439957548,0.6874094296713756,0.860473675688166,0.4999575357993651,23744,534
228,2020-10-11,0,0.8973883396166065,0.013947374299986139,1.0588791119308074,0.6852356934644213,0.8664177790400778,0.4998535151228781,12191,278
229,2020-10-12,1,0.9210783893069882,0.02648684438301146,1.1718978175711798,0.6859491722552223,0.8910601124443261,0.49977431236711284,8636,194
230,2020-10-13,1,0.3445047476048619,0.016714006461316558,1.2157482048286792,0.6868929215372448,0.911059522803933,0.4988736189594232,13359,378
231,2020-10-14,1,0.11578952566531857,0.11225851153398787,1.2289496906413893,0.7013814404247585,0.90051074943859,0.4882522939639752,27844,732
232,2020-10-15,1,0.9340069781152495,0.8868162933170965,1.305302783738725,0.7728088681176442,0.8935314195242812,0.4782069709218307,30426,814
233,2020-10-16,1,1.624605880400514,1.0586218860930556,1.2331124129799904,0.830470209164208,0.9344137169083945,0.4963308550486064,28596,643
234,2020-10-17,1,1.1772427639994605,0.025965354929440552,0.8592309463869999,0.30583003871684195,0.9771181451913772,0.496619734194109,20776,415
235,2020-10-18,1,0.8076652055971618,0.016267673790883584,0.8464133558127935,0.30616151007268444,0.9526462338718005,0.495698601768553,12051,235
236,2020-10-19,1,0.3511178701567016,0.018001134449539588,0.7649904245056097,0.30494926579647413,0.9684441210383948,0.4954492190258483,16579,326
237,2020-10-20,1,0.06733231652552951,0.01510658728613349,0.7253943629228479,0.3047196344857337,0.9705712838757634,0.4958062780114894,23766,648
238,2020-10-21,1,0.37568989717675844,0.36033284501695334,0.7625229874244822,0.3401588249833002,0.9957363390329357,0.5207701327040295,25856,571
239,2020-10-22,1,0.9369947533303374,0.926594938671455,0.762949812455209,0.3458414886053514,1.034126298096967,0.5593251783614979,24764,505
240,2020-10-23,1,1.225071262758822,0.7718248974068112,0.7058734385063958,0.3048704902216022,0.9694929257431931,0.5676703496929052,30001,563
241,2020-10-24,1,0.5522019742107186,0.029348089748325472,0.6165818971080042,0.30535373805287147,0.7379064217475021,0.30559188838485685,24984,387
242,2020-10-25,1,0.5241145538199216,0.016864779857291692,0.576074661139827,0.3054390389195012,0.7112440084763102,0.3058002744960929,12254,233
243,2020-10-26,0,0.1945812588779607,0.014173995410930557,0.5537122881000068,0.3048923047711285,0.6593513563028083,0.3049207852838015,18611,302
244,2020-10-27,0,0.013603942534146653,0.010154365534044071,0.546036806101238,0.30418484452083,0.6357155845120428,0.304452239503282,29982,526
245,2020-10-28,0,0.016899235659643082,0.010681743347688375,0.4947809973130786,0.2542346871395064,0.6286519923687803,0.29719675606140344,28351,504
246,2020-10-29,0,1.645541026300155,1.6075294839783019,0.5960018934516239,0.35151105075477024,0.6794758529534164,0.34867626968006105,26700,551
247,2020-10-30,0,2.0177104537633888,0.49204746777829095,0.7092360635951335,0.31154284652212455,0.7075547510507647,0.3082066683718635,24353,573
248,2020-10-31,0,1.2203955606246488,0.04338824765080676,0.804692290225695,0.31354858336533614,0.7106370936668496,0.30945116070910395,13170,292
249,2020-11-01,0,0.779655679117269,0.013985265877946308,0.8411981652681731,0.31313722422542967,0.7086364132040001,0.30928813157246554,10188,203
250,2020-11-02,1,0.7356781090702635,0.025018821777513398,0.918497715295645,0.3146864851349415,0.736105001697826,0.30978939495303515,8249,165
251,2020-11-03,1,0.02559450041260064,0.01194588533947322,0.9202106521354241,0.31494241653571703,0.733123729118331,0.3095636305282737,14582,288
252,2020-11-04,1,2.3583302433656073,0.12191424031073494,1.254700796093419,0.33083277324472377,0.8747408967032487,0.29253373019211526,23316,618
253,2020-11-05,1,2.7772791800635384,1.676004989485948,1.416377675202474,0.34061498831724457,1.0061897843270489,0.3460630195360076,23845,603
254,2020-11-06,1,1.4162795215920645,0.1721572311565421,1.3304589706065701,0.29491638308556617,1.0198475171008519,0.3032296148038455,20200,271
255,2020-11-07,1,0.9691644404829449,0.03182344588938654,1.294568810586327,0.2932642685482204,1.0496305504060108,0.30340642595677847,17744,228
256,2020-11-08,1,1.111551993817653,0.0263417159755056,1.341982569829239,0.29502947570501464,1.091590367548706,0.30408334996522235,10502,190
257,2020-11-09,1,0.6285574326239206,0.019153143498114845,1.3266796160511898,0.29419152166510054,1.1225886656734174,0.30443900340002117,13414,186
258,2020-11-10,1,0.01476508401507219,0.010963126895536697,1.3251325565658285,0.294051127601681,1.1226716043506264,0.3044967720686992,46424,198
259,2020-11-11,1,0.059000790333845046,0.052089370424666284,0.996656920418434,0.28407614618938554,1.1256788582559265,0.3074544597170548,26247,574
260,2020-11-12,1,1.3216703053152485,1.2884972655697144,0.7887127954543927,0.22871789991563787,1.1025452353284333,0.2846664441164414,33919,933
261,2020-11-13,1,1.9308849530693344,0.5587814417192515,0.8622278570940026,0.2839499299960249,1.0963434138502866,0.2894331565407957,38718,576
262,2020-11-14,1,1.1971734751709457,0.0771521288183678,0.8948005763351456,0.29042545612873655,1.0946846934607364,0.29184486233847867,26278,734
263,2020-11-15,1,0.9302890214348754,0.01799919756297554,0.8689058659947487,0.2892336677840894,1.1054442179119939,0.2921315717445522,13906,140
264,2020-11-16,0,0.5745519995678793,0.017319832755200125,0.8611908041296,0.28897176624938725,1.093935210090395,0.291581643957244,15744,257
265,2020-11-17,0,0.02141933496216232,0.009540170861536978,0.8621414114077558,0.2887684868159588,1.0936369839867923,0.2914098072088201,35490,678
266,2020-11-18,0,0.0370110513249613,0.028201709527710728,0.8590000201207725,0.2853559638306794,0.9278284702696032,0.2847160550100326,34752,754
267,2020-11-19,0,2.4128640987986736,1.9529110690308396,1.0148848477612618,0.38027222146798295,0.9017988216078273,0.30449506069181054,35862,650
268,2020-11-20,0,2.3543103230875797,1.2820628445771234,1.0753741863352968,0.4835981361619646,0.9688010217146498,0.38377403307899494,38770,513
269,2020-11-21,0,0.8317676344705172,0.025152219768210315,1.0231733519495214,0.47616957772622787,0.9589869641423334,0.3832975169274824,30222,357
270,2020-11-22,0,0.9205210031539258,0.033370184323826754,1.0217779207665285,0.47836543297777806,0.9453418933806387,0.3837995503809339,17926,178
271,2020-11-23,0,0.6774146525208125,0.021089470569732545,1.0364725854740904,0.47890395266556846,0.9488316948018453,0.383937859457478,18158,355
272,2020-11-24,0,0.07435793813882671,0.015922220589659693,1.0440352430707567,0.47981567405530023,0.9530883272392563,0.3842920804356297,34533,627
273,2020-11-25,0,0.43145649169850436,0.42596864545741464,1.1003845916955486,0.5366395220452579,0.9796923059081605,0.41099774293796887,44628,623
274,2020-11-26,0,1.5829588390193772,1.565625449122491,0.9818266974413632,0.4813130049154939,0.9983557726013126,0.43079261319173856,40885,710
275,2020-11-27,0,1.9207701649233708,1.858115731819432,0.9198923891321905,0.5636062745215379,0.9976332877337438,0.5236022053417514,33508,559
276,2020-11-28,0,0.8447875158588244,0.055038086975022785,0.9217523721876629,0.5678756841225111,0.9724628620685921,0.5220226309243696,51485,544
277,2020-11-29,0,0.7811942822136826,0.020042890422989457,0.9018485549104855,0.5659717849938202,0.961813237838507,0.5221686089857992,21012,233
278,2020-11-30,0,0.4045221486846145,0.01518120619644812,0.8628639115053144,0.5651277472262081,0.9496682484897023,0.5220158499458883,23695,351
279,2020-12-01,0,0.011280484171791736,0.009157557085358325,0.8538528466528809,0.5641613667255936,0.9489440448618186,0.5219885203904471,51985,685
280,2020-12-02,0,0.01542557038202849,0.013359034103957435,0.7944198578933842,0.5052171365322425,0.9474022247944663,0.5209283292887504,48475,679
281,2020-12-03,0,2.199057324687627,2.050459884825096,0.8824339272745628,0.5744791987754718,0.9321303123579631,0.527896101845483,50139,761
282,2020-12-04,0,1.846022869353685,0.22125812263103398,0.8717557421931791,0.3406423974628435,0.8958240656626849,0.4521243359921909,47671,678
283,2020-12-05,0,1.211696078894902,0.022394143021569612,0.924171251198333,0.3359789768980645,0.9229618116929981,0.451927330510288,40282,647
284,2020-12-06,0,0.5648256693067184,0.019157886081650366,0.8932614493544809,0.3358525477064447,0.8975550021324833,0.45091216635013254,26430,340
285,2020-12-07,0,0.39249550840784025,0.018796651774044163,0.8915433578863705,0.33636903993181555,0.8772036346958424,0.4507483935790119,27024,425
286,2020-12-08,0,0.018580560894091932,0.011025733696010051,0.8925862259895562,0.3366359223047658,0.8732195363212184,0.4503986445151798,47796,798
287,2020-12-09,0,0.027724908743336184,0.021540595282510278,0.8943432743268859,0.33780471675884477,0.844381566110135,0.4215109266455438,54591,853
288,2020-12-10,0,1.841219192952492,0.06987717546936224,0.8432235412218666,0.05486432970802562,0.8628287342482147,0.31467176424174886,53550,769
289,2020-12-11,0,2.275575430268776,0.21716894341430684,0.9045881927811653,0.05428016124849317,0.8881719674871721,0.1974612793556685,52550,661
290,2020-12-12,0,0.925938695067067,0.016001013110154613,0.8637657093771889,0.053366856975433884,0.8939684802877609,0.19467291693674935,42324,677
291,2020-12-13,0,0.9427917377333122,0.021942601578362416,0.9177608620095593,0.05376467347496418,0.9055111556820201,0.1948086105907046,22029,295
292,2020-12-14,0,0.5288692497598778,0.01496316514007781,0.9372428250598503,0.0532170325272547,0.9143930914731104,0.19479303622953528,27380,513
293,2020-12-15,0,0.023653761482417917,0.01657885144050171,0.9379675680010399,0.05401033506218208,0.915276896995298,0.1953231286834741,48032,934
294,2020-12-16,0,0.0165402567797133,0.012303576484900106,0.9363697605776652,0.05269076094823777,0.9153565174522756,0.1952477388535414,66124,941
295,2020-12-17,0,0.6904664772168021,0.6860586812864362,0.7719765154725666,0.1407166903506769,0.8076000283472167,0.09779051002935144,68699,1061
296,2020-12-18,0,2.4777078825113565,2.029896653216848,0.8008525800786496,0.39967779175103996,0.8527203864299074,0.22697897649976673,52853,817
297,2020-12-19,0,0.3857518180271639,0.02081126631011829,0.7236830262158062,0.4003649707796062,0.7937243677964976,0.2268659138775202,48242,659
298,2020-12-20,0,0.41154929176828475,0.024883422520617038,0.6477912482208023,0.4007850880570711,0.7827760551151809,0.22727488076601782,24484,419
299,2020-12-21,0,0.07297417654041045,0.015177699258846985,0.5826633806180214,0.4008157357883239,0.7599531028389358,0.22701638415778946,27645,561
300,2020-12-22,0,0.015981064724014275,0.011321206220440685,0.5815672810811064,0.40006464361402944,0.7597674245410733,0.2270374893381059,56665,969
301,2020-12-23,0,1.7214906848502933,0.05715899926433692,0.8251316279483321,0.406472561153949,0.8807506942629987,0.2295816610510935,45679,965
302,2020-12-24,0,1.8745439436304348,0.13520998437697462,0.9942855517217082,0.327779890166883,0.8831310335971374,0.23424829025878013,58211,760
303,2020-12-25,1,1.9914636399269066,0.596702053527835,0.9248220884953583,0.12303780449702403,0.8628373342870039,0.26135779812403215,21183,482
304,2020-12-26,1,0.914183273607817,0.031102710909471875,1.0003122964354516,0.12450801086836026,0.8619976613256289,0.2624364908239834,17533,296
305,2020-12-27,1,0.675182012145323,0.019263595145435228,1.0379741136321714,0.12370517838619143,0.8428826809264869,0.26224513322163145,17614,337
306,2020-12-28,1,0.14973258949696028,0.023394973785137996,1.0489396011973926,0.12487907474709015,0.815801490907707,0.26284740526770717,27437,538
307,2020-12-29,1,0.014249842270924457,0.011155085166389286,1.0486922837040942,0.12485534316793993,0.8151297823926004,0.26245999339098486,56371,1051
308,2020-12-30,1,1.6047053245965595,0.29472595233292337,1.0320086608107037,0.15879347932059515,0.9285701443795179,0.2826330202372722,55600,1217
309,2020-12-31,1,2.1194827319756544,0.11389185157447751,1.0669999162885921,0.1557480317773813,1.0306427340051503,0.24176396097213232,54469,1016
310,2021-01-01,1,8.833260592820652,8.284164774516288,2.044399480987699,1.253956991918589,1.4846107847415284,0.6884973982078065,22939,469
311,2021-01-02,1,1.4156112988770386,0.020509942359645435,2.116032056026159,1.2524437392686136,1.5581721762308052,0.6884758750684871,15353,293
312,2021-01-03,1,1.2527132761558932,0.023416818206024276,2.1985365223133835,1.253037056848698,1.6182553179727772,0.6883711176174447,17190,311
313,2021-01-04,1,0.7003392212044692,0.031206283287142606,2.277194612557313,1.254152958206127,1.663067106877353,0.6895160164766088,25039,597
314,2021-01-05,1,0.02002455176722849,0.014117847050009883,2.278019571056785,1.2545762099037872,1.6633559273804395,0.6897157765358636,58083,1188
315,2021-01-06,1,0.061027039504443756,0.05400503740413731,2.0574941017579116,1.2201875077711037,1.5447513812843074,0.6894904935458495,62507,1231
316,2021-01-07,1,1.4183005012687508,1.3212852660090495,1.9573252116569253,1.3926722812617567,1.5121625639727585,0.774210156519569,87969,1518
317,2021-01-08,0,2.1408926469078016,0.8640497955688062,1.0012726479550893,0.33265585569783074,1.522836064471394,0.7933064238082098,59586,1081
318,2021-01-09,0,1.2473681481282595,0.0777129287711,0.9772379121338352,0.3408277108994671,1.5466349840799969,0.7966357250840403,51393,1009
319,2021-01-10,0,0.8056077962504017,0.014674756040428203,0.9133657007187651,0.3395788448758105,1.5559511115160742,0.7963079508622543,29027,490
320,2021-01-11,0,0.49623967191605356,0.017256702204164757,0.8842086222489913,0.3375860475782423,1.580701617403152,0.7958695028921846,30747,491
321,2021-01-12,0,0.0984942610323739,0.011281573547114848,0.8954185807154406,0.33718086564925726,1.5867190758861127,0.7958785377765223,64424,1125
322,2021-01-13,0,0.04861300025890735,0.04150778277137113,0.8936451465375069,0.3353955435588621,1.4755696241477092,0.7777915256649829,59827,1264
323,2021-01-14,0,0.7071008821087938,0.6916976754506109,0.7920452009432273,0.2454544591933709,1.3746852063000763,0.8190633702275638,68329,1154
324,2021-01-15,0,1.94973869280539,1.8534342393912884,0.7647374932143114,0.386795094025154,0.8830050705847005,0.3597254748614924,69097,1135
325,2021-01-16,0,0.80336242018305,0.06120490378386182,0.7013081035078529,0.38443680474126285,0.839273007820844,0.362632257820365,58445,1014
326,2021-01-17,0,0.6627139139098437,0.01994284952875142,0.680894691744916,0.38518938952530896,0.7971301962318406,0.3623841172005598,31416,551
327,2021-01-18,0,0.4853895536116286,0.014555121044163835,0.6793446748442838,0.3848034493595946,0.7817766485466376,0.36119474846891847,28933,476
328,2021-01-19,0,0.03547985433351955,0.01668962748064997,0.6703426167444476,0.3855760284929568,0.7828805987299441,0.361378447071107,62149,1160
329,2021-01-20,0,0.20067780586608439,0.1982080854062805,0.6920661604026156,0.4079617860122295,0.7928556534700614,0.37167866478554584,64477,1395
330,2021-01-21,0,1.4661315187264694,1.4037374795238278,0.800499108490855,0.5096817580226891,0.7962721547170412,0.37756810860803,58950,1347
331,2021-01-22,0,1.9113080620969825,1.261406651870144,0.795009018389654,0.42510638837681125,0.7798732558019826,0.4059507412009827,56605,1071
332,2021-01-23,0,0.9857943202847037,0.010682050825009578,0.8210707184041759,0.4178888379541181,0.7611894109560143,0.4011628213476905,58298,1145
333,2021-01-24,0,0.7312860089268519,0.01492251545581057,0.8308667319780342,0.4171716473722694,0.7558807118614752,0.40118051844878927,28519,595
334,2021-01-25,0,0.4704716447432806,0.013108445394395776,0.8287356021396989,0.4169649794223026,0.7540401384919914,0.4008842143909486,30530,690
335,2021-01-26,0,0.03821150872725111,0.011494675768492512,0.8291258384816604,0.4162228434634229,0.7497342276130541,0.4008994359781899,61608,1155
336,2021-01-27,0,0.04184867798713112,0.03184055075508711,0.8064359630703815,0.3924560527989667,0.7492510617364987,0.4002089194055981,64772,1336
337,2021-01-28,0,0.9213172025702155,0.8849567804740069,0.728605346476631,0.31834452436327804,0.764552227483743,0.4140131411929836,60760,1438
338,2021-01-29,0,2.15300214008263,1.697972279766394,0.7631330719031519,0.38071104263417094,0.779071045146403,0.40290871550549107,59503,1087
339,2021-01-30,0,0.9004185475766869,0.05283382396716785,0.7509365329448638,0.3867327245116221,0.78600362567452,0.40231078123287006,53114,1192
340,2021-01-31,0,0.6164362531298785,0.014029431136064455,0.7345294249738678,0.3866051410373727,0.782698078475951,0.4018883942048211,27900,568
341,2021-02-01,0,0.39869872336233164,0.013526951167618954,0.7242761504908749,0.3866649275764046,0.7765058763152869,0.40181495349935353,28490,623
342,2021-02-02,0,0.02944363633038021,0.012038177668281884,0.7230235972913219,0.3867425707049459,0.7760747178864913,0.4014827070841844,56278,1261
343,2021-02-03,0,0.12121731152347819,0.11895057396363286,0.7343619735108001,0.39918685973473816,0.7703989682905907,0.39582145626685244,54414,1199
344,2021-02-04,0,1.8638104326546467,0.8548078688001596,0.8690038635228616,0.39487987235275995,0.7988046049997463,0.356612198358019,57107,1276
345,2021-02-05,0,2.7739889537803664,2.5535143062760266,0.9577162654796813,0.5171001618541361,0.8604246686914168,0.4489056022441535,51690,1251
346,2021-02-06,0,0.8945402012769561,0.019631753111985742,0.9568765017225768,0.5123570088748243,0.8539065173337204,0.4495448666932232,46310,937
347,2021-02-07,0,0.6894396751581585,0.01226532125786422,0.9673055620123312,0.5121049931779386,0.8509174934930994,0.4493550671076556,26162,489
348,2021-02-08,0,0.3264504818040661,0.017150305946380954,0.9569843846468646,0.5126226152891903,0.8406302675688698,0.4496437714327974,28586,721
349,2021-02-09,0,0.028638560757951466,0.011902862832207175,0.9568693738508035,0.5126032845983224,0.8399464855710627,0.4496729276516342,51217,1315
350,2021-02-10,0,0.5079614516273478,0.498298608412047,1.0121185367227847,0.566795860948096,0.8732402551167924,0.482991360341417,61108,1361
351,2021-02-11,0,1.345630875889815,1.3303291683351712,0.9380928857563802,0.6347274751673834,0.903548374639621,0.5148036737600715,53604,1442
352,2021-02-12,0,1.925682706902347,1.8052594032014095,0.8169062790595204,0.5278339175852952,0.8873112722696008,0.5224670397197155,48942,1220
353,2021-02-13,0,0.6887742852399824,0.039501163468240966,0.7875111481970956,0.530672404779046,0.8721938249598361,0.5215147068269351,44856,1025
354,2021-02-14,0,0.6402179084520696,0.015352655194881914,0.7804794672390827,0.5311134524843342,0.8738925146257069,0.5216092228311363,30723,653
355,2021-02-15,0,0.566469883101768,0.029333106909552938,0.8147679531387545,0.5328538526219302,0.8858761688928096,0.5227382339555602,25808,611
356,2021-02-16,1,0.013110263244129925,0.011008337021163049,0.8125496249224942,0.5327260632203525,0.8847094993866488,0.5226646739093374,65284,1092
357,2021-02-17,1,0.4839874657785319,0.4793059639326767,0.8091247698012348,0.5300128282947282,0.9106216532620098,0.548404344621412,47225,1189
358,2021-02-18,1,1.8747858311223096,0.24838670972343926,0.8847183348344484,0.37544961992162357,0.9114056102954143,0.5050885475445034,53479,1439
359,2021-02-19,1,2.1305998558280814,0.47547106788076576,0.9139922132524105,0.18547985773296016,0.8654492461559654,0.3566568876591276,52157,1331
360,2021-02-20,1,1.0353309566300481,0.06043715475488098,0.963500309165277,0.18847071363105156,0.8755057286811861,0.35957155920504874,52371,1031
361,2021-02-21,1,0.8118963994539089,0.014876177724120292,0.9880258078798255,0.1884026454209428,0.884252637559454,0.35975804895263847,29485,606
362,2021-02-22,1,0.4907354863594979,0.016557333913724596,0.9772066083452154,0.1865775349929673,0.895987280741985,0.3597156938074487,31846,711
363,2021-02-23,1,0.04562829951537469,0.012877772600925022,0.9818520420982504,0.1868445972186476,0.8972008335103724,0.35978533021949993,63585,1359
364,2021-02-24,1,0.07111004349641661,0.06551055030375716,0.9228695532008053,0.12773096670023049,0.8659971615010201,0.32887189749747925,65386,1446
365,2021-02-25,1,1.7939961592474207,1.6376642991118222,0.9113281715043927,0.32619919375571377,0.8980232531694206,0.3508244068386686,68279,1575
366,2021-02-26,1,2.1598107324532854,0.4568736016273294,0.9155011538794218,0.32354241286236574,0.9147466835659162,0.2545111352976629,63395,1343
367,2021-02-27,1,1.2559287572812856,0.05357941901370498,0.9470151254010271,0.322562736327912,0.9552577172831521,0.25551672497948175,58418,1252
368,2021-02-28,1,0.8290358442101431,0.015171728785900429,0.9494636175090605,0.3226049579081663,0.9687447126944431,0.2555038016645545,33365,773
369,2021-03-01,1,0.6393812300244935,0.01625354264416755,0.9706987237469171,0.32256155915537243,0.9739526660460661,0.25456954707416984,40385,828
370,2021-03-02,0,0.19948099707919675,0.01223436575598279,0.9926776805417488,0.3224696438918092,0.9872648613199996,0.2546571205552283,59695,1721
371,2021-03-03,0,0.03965712615745422,0.014401952653596136,0.9881844066361828,0.315168415656072,0.955526979918494,0.2214496911781512,72899,1848
372,2021-03-04,0,0.6694106263918121,0.6647863656354641,0.8275293305139529,0.17618585373087794,0.8694287510091728,0.2511925237432958,76022,1808
373,2021-03-05,0,0.9759976003007447,0.9694295084637783,0.6584131687778757,0.24940812613608493,0.7869571613286487,0.2864752694992253,72505,1714
374,2021-03-06,0,1.3327104194314994,1.3170839568580865,0.6693819776564778,0.42990877439956804,0.8081985515287524,0.37623575536374,66904,1490
375,2021-03-07,0,0.6136258880497928,0.013929100779729479,0.6386091267764277,0.42973125611297214,0.7940363721427441,0.3761681070105692,81684,1098
376,2021-03-08,0,0.636495094748011,0.020814481628856747,0.63819682173693,0.4303828188250706,0.8044477727419236,0.3764721889902215,36585,1122
377,2021-03-09,0,0.042527430897888005,0.009864484243703349,0.615774883711029,0.4300442643233164,0.8042262821263888,0.3762569541075628,71294,1951
378,2021-03-10,0,0.18518133641272216,0.17928549620085465,0.6365640566046386,0.4535990562586391,0.8123742316204107,0.38438373595735553,81467,2381
379,2021-03-11,0,1.9894438098057179,1.9043607188733065,0.825140225663768,0.630681106721188,0.8263347780888604,0.4034334802260329,77071,2195
380,2021-03-12,0,2.774028122871203,2.2423005316323676,1.0820017288881192,0.8125198243167008,0.8702074488329975,0.5309639752263927,82471,2122
381,2021-03-13,0,1.1302269298841947,0.011961670120425134,1.053075516095647,0.6260737833541777,0.8612287468760625,0.5279912788768728,70343,1956
382,2021-03-14,0,0.7346606111794288,0.0147273412913299,1.070366190828452,0.6261878177129778,0.8544876588024399,0.5279595369129749,43448,1070
383,2021-03-15,0,0.482686454988873,0.011636185939761548,1.0483935280057184,0.6248766326145355,0.8432951748713242,0.527629725719803,44314,1334
384,2021-03-16,0,0.021134085390718586,0.017464042085556165,1.0453373357904083,0.6259622837348003,0.8305561097507186,0.5280032740290583,85645,2850
385,2021-03-17,0,0.1724314950460379,0.1695302977515926,1.043515929880882,0.6245686839563342,0.8400399932427602,0.5390838701074866,88652,2661
386,2021-03-18,0,1.694997697661451,1.6681306528107718,1.001452199574558,0.5908215316616864,0.913296212619163,0.6107513191914372,87926,2724
387,2021-03-19,0,2.8151882331214817,2.3624353754642815,1.0073322153245978,0.6079836522091028,1.0446669721063586,0.7102517382629018,88259,2656
388,2021-03-20,0,0.916849036942798,0.015544643105696917,0.9768496591901128,0.6084955054927129,1.01496258764288,0.6172846444234452,73154,2368
389,2021-03-21,0,0.6688491718430941,0.015132677052150637,0.9674480249992079,0.6085534106014016,1.01890710791383,0.6173706141571895,47445,1247
390,2021-03-22,0,0.342366189447658,0.012551500133597689,0.9474022727790342,0.6086841697719496,0.9978979003923761,0.6167804011932426,55970,1603
391,2021-03-23,0,0.050232723697684556,0.009289876410550797,0.9515592211086007,0.6075164318183776,0.9984482784495045,0.6167393577765888,85208,3147
392,2021-03-24,0,0.16413790994163965,0.15767674430706427,0.9503744232365438,0.6058230670405879,0.996945176558713,0.615195875498461,90906,2317
393,2021-03-25,0,1.2665855613159533,1.2195313636998668,0.8891726894729014,0.5417374543104584,0.9453124445237299,0.5662794929860724,98261,2654
394,2021-03-26,0,2.280628265108091,2.0683863850756445,0.8128069797567027,0.4997304556835103,0.9100695975406504,0.5538570539463065,80346,3510
395,2021-03-27,0,0.7987538160080426,0.012413154782919295,0.7959362339088806,0.49928310020882777,0.8863929465494965,0.5538893028507703,81703,3409
396,2021-03-28,0,0.5103574652428061,0.016990592283472113,0.7732945615374108,0.4995485166704451,0.8703712932683093,0.5540509636359233,46958,1582
397,2021-03-29,0,0.4480421458003728,0.01289722115509898,0.7883911267306558,0.4995979053878025,0.867896699754845,0.554141037579876,42615,2013
398,2021-03-30,0,0.020551972837176163,0.008463088562727067,0.784151019464869,0.49947979283811333,0.8678551202867348,0.5534981123282454,86441,3655
399,2021-03-31,0,0.5313018857156507,0.5145014557958913,0.8366030160040133,0.5504547516222315,0.8934887196202786,0.5781389093314095,88725,3925
400,2021-04-01,0,2.083344228968759,0.03874069542070052,0.9532828256686997,0.3817703704394935,0.9212277575708006,0.4617539123749759,87773,3655
401,2021-04-02,1,4.456522680222534,4.43821843209285,1.264124884970763,0.7203178057276658,1.0384659323637329,0.6100241307055879,69375,2801
402,2021-04-03,1,1.1308264886588664,0.013792489034834914,1.311563838206595,0.7205148534779394,1.0537500360577376,0.6098989768433835,39355,1909
403,2021-04-04,1,1.162426893456959,0.015065892480002395,1.4047166136657598,0.720239896363158,1.0890055876015852,0.6098942065168015,32318,1242
404,2021-04-05,1,0.6454008860991104,0.02005671081388376,1.4329107194227222,0.7212626806001271,1.110650923076689,0.6104302929939649,42674,1912
405,2021-04-06,1,0.0500204569990706,0.012150404185573735,1.4371205028744214,0.7217894399748196,1.1106357611696451,0.6106346164064664,85132,4068
406,2021-04-07,1,0.2546046742230721,0.24679205008975214,1.3975923298040531,0.6835452391596568,1.1170976729040332,0.6169999953909441,88696,3671
407,2021-04-08,1,1.0771994851646751,1.015827157958279,1.2538573664034696,0.823129019522168,1.1035700960360848,0.6024496949808308,88555,4148
408,2021-04-09,1,2.057093061610128,1.8263614654841174,0.9110817066016974,0.45000659572092044,1.0876032957862303,0.5851622007242929,88110,3752
409,2021-04-10,1,1.4447777087492737,0.20424810608181596,0.9559318809003271,0.4772145410133463,1.1337478595534611,0.5988646972456427,66552,2378
410,2021-04-11,1,0.8760764550809113,0.009956374529101615,0.9150246754180344,0.4764846098775034,1.1598706445418971,0.5983622531203306,39175,1857
411,2021-04-12,1,0.6271732815793051,0.010051609330765213,0.9124207319152051,0.4750553096656293,1.1726657256689637,0.5981589951328782,39650,1711
412,2021-04-13,1,0.05924313535599579,0.009096065561146572,0.9137382573947658,0.4746189755764254,1.1754293801345936,0.5982042077756224,82661,3757
413,2021-04-14,1,0.01740470737388431,0.012986810518446131,0.879852547844882,0.44121822706623887,1.1387224388244674,0.5623817331129478,74606,3445
414,2021-04-15,1,0.8343160908842322,0.82931858613924,0.845154920090533,0.41457414537780474,1.0495061432470012,0.6188515824499864,71183,3491
415,2021-04-16,0,0.6906596229778976,0.2041568710931784,0.6499501431430714,0.18283063189338483,0.7805159248723843,0.3164186138071527,84387,3337
416,2021-04-17,0,0.9651502941269968,0.09098424201425047,0.5814319410541747,0.16665007988373265,0.7686819109772509,0.3219323104485395,68565,2877
417,2021-04-18,0,0.7092747517653412,0.022663044553648103,0.5576031262948076,0.16846531845866783,0.7363139008564209,0.32247496416808563,38838,1522
418,2021-04-19,0,0.5651702479036222,0.02331157191308089,0.5487455500554244,0.1703595988275701,0.7305831409853148,0.3227074542465997,36522,1756
419,2021-04-20,0,0.06170540140694289,0.01667514796355688,0.5490973023484167,0.17144232488505726,0.7314177798715914,0.32303065023074135,72643,3347
420,2021-04-21,1,0.5258446201826745,0.523275318039383,0.6217315756068154,0.24434068310233398,0.7507920617258487,0.3427794550842864,73988,3197
421,2021-04-22,1,1.9756749595413652,1.9708135528148887,0.7847828425578344,0.40741139262742665,0.8149688813241837,0.41099276900261567,48108,2051
422,2021-04-23,1,2.862636292925343,2.6582745980554083,1.0950652239788978,0.7579996393363165,0.8725076835609847,0.47041513561485077,69281,3045
423,2021-04-24,1,1.1556435488667793,0.016139709701074603,1.1222785460845812,0.7473075632915771,0.8518552435693779,0.45697882158765496,63781,2763
424,2021-04-25,1,0.9695047363854339,0.010544611883730438,1.159454258173166,0.7455763586244462,0.8585286922339866,0.457020838541557,33641,1334
425,2021-04-26,1,0.7812911478709011,0.010445227534116761,1.1903286724542055,0.7437383094274512,0.869537111254815,0.4570489541275107,32398,1380
426,2021-04-27,1,0.05590959264206476,0.009434890151327265,1.1895006997735087,0.742703986882847,0.8692990010609627,0.45707315588395214,75844,3081
427,2021-04-28,1,0.34990402521287134,0.33899238213125094,1.1643663290635369,0.7163778531816852,0.8930489523351762,0.48035926814200963,77279,3012
428,2021-04-29,1,1.7632574844976736,1.7510474670225074,1.1340209754858666,0.684982698068488,0.9594019090218505,0.5461970453479573,68614,3032
429,2021-04-30,1,1.984775824632309,0.4746971698977791,1.0086123371582905,0.3730430654745409,1.0518387805685943,0.5655213524054288,72008,2861
430,2021-05-01,1,1.2271980835500997,0.016067072628200983,1.0188344135416219,0.37303268874984463,1.0705564798131015,0.5601701260207109,58292,2240
431,2021-05-02,1,1.1809292028069551,0.013879317530914205,1.0490379087446964,0.3735090752708709,1.1042460834589312,0.5595427169476584,29288,1266
432,2021-05-03,1,0.6260451716688983,0.017650977818566456,1.0268599121444102,0.3745384681686495,1.108594292299308,0.5591383887980503,38989,1125
433,2021-05-04,1,0.05966179878336837,0.009638018576037565,1.027395941593168,0.37456748651503663,1.1084483206833382,0.5586357366989418,69535,2979
434,2021-05-05,0,0.18477961626983716,0.16094239233028262,1.0038067403155915,0.3491317736863269,1.0840865346895643,0.5327548134340061,76372,2771
435,2021-05-06,0,1.5201012887669718,1.5000395436322458,0.9690701409254914,0.3132734989162896,1.051545558205679,0.49912809849238876,72290,2536
436,2021-05-07,0,3.459616153511705,2.8759581019363476,1.179761616479691,0.6563107749217992,1.0941869768189907,0.5146769201981701,76844,2186
437,2021-05-08,0,1.4822074899293074,0.0232811825791544,1.2161915316767204,0.6573413620576497,1.1175129726091713,0.5151870254037473,61761,2082
438,2021-05-09,0,1.1262414828187142,0.013695208433153921,1.208379000249829,0.6573150607579696,1.1287084544972628,0.5154120680144203,32720,922
439,2021-05-10,0,0.714114521353205,0.016295540747295237,1.2209603359190155,0.6571214268906452,1.123910124031713,0.5158299475296474,36301,1111
440,2021-05-11,0,0.09639597530618293,0.010752532822443346,1.2262080754222748,0.6572806432115603,1.1268020085077215,0.5159240648632986,70106,2245
441,2021-05-12,0,0.09474994148305446,0.08941033009470677,1.213346693309877,0.6470617771779067,1.1085767168127345,0.4980967754321168,76248,2581
442,2021-05-13,0,1.7641679614018853,1.7019108777040457,1.2482133608291508,0.6759005391881637,1.108641750877321,0.4945870190522267,80030,2277
443,2021-05-14,0,3.764481908175139,3.559769773695201,1.2917656114953555,0.7735879208679999,1.235763613987523,0.7149493478948996,77914,2187
444,2021-05-15,0,1.409799705850719,0.0368841875172324,1.2814216423412714,0.7755312072877254,1.248806587008996,0.7164362846726876,67351,2001
445,2021-05-16,0,1.003100164554678,0.015244996314841051,1.2638300254464092,0.7757526055565379,1.236104512848119,0.7165338331572537,37564,1061
446,2021-05-17,0,0.7629215044617186,0.01284388426363278,1.2708024516047682,0.7752595117731576,1.2458813937618918,0.7161904693319014,35598,1085
447,2021-05-18,0,0.039312253054155206,0.009104669680064263,1.2626476341401927,0.7750241027528177,1.244427854781234,0.7161523729821891,74805,2451
